method,size,seed,connectivity,room_type_entropy,path_length_to_boss,constraint_violations,npc_density_variance,loot_rarity_gradient,generation_time_ms,room_count,npc_count,loot_count
AC3Placer,20,0,True,1.6645,2,1,2.1224,0.0,8.59,7,15,4
AC3Placer,20,1,True,2.1281,2,0,1.102,1.0,8.6,7,10,4
AC3Placer,20,2,True,2.5216,2,1,1.9592,0.2,10.14,7,10,5
AC3Placer,20,3,True,2.5216,2,0,2.6939,0.8,11.79,7,8,8
AC3Placer,20,4,True,2.2359,2,0,1.551,1.0,8.4,7,8,10
AC3Placer,20,5,True,2.5,2,0,1.0,-1.0,10.77,8,8,6
AC3Placer,20,6,True,2.5216,3,1,1.6735,0.5,8.27,7,11,5
AC3Placer,20,7,True,2.5216,3,0,0.4898,0.0,8.21,7,5,4
AC3Placer,20,8,True,2.5216,3,1,1.6735,0.0,8.21,7,10,2
AC3Placer,20,9,True,2.5,2,0,0.6875,1.0,9.93,8,6,5
AC3Placer,20,10,True,2.5216,2,1,0.9796,0.5,7.82,7,8,6
AC3Placer,20,11,True,2.5216,2,0,1.6327,0.5,8.2,7,9,6
AC3Placer,20,12,True,2.5216,3,0,0.5714,0.0,8.39,7,7,2
AC3Placer,20,13,True,2.2359,3,1,1.1429,1.0,7.97,7,7,10
AC3Placer,20,14,True,2.1281,2,0,1.3878,0.0,8.35,7,11,1
AC3Placer,20,15,True,2.5216,3,1,0.9796,0.8,8.29,7,8,7
AC3Placer,20,16,True,2.5216,2,0,2.7755,0.0,8.13,7,12,7
AC3Placer,20,17,True,2.5,2,0,0.6094,0.0,10.6,8,7,1
AC3Placer,20,18,True,2.5216,2,1,2.2041,1.0,8.03,7,9,7
AC3Placer,20,19,True,2.5216,2,2,1.551,0.0,8.28,7,8,7
AC3Placer,20,20,True,2.5216,2,0,2.4898,1.0,7.89,7,9,5
AC3Placer,20,21,True,2.5216,2,0,0.6939,0.0,8.44,7,6,2
AC3Placer,20,22,True,2.5216,2,0,1.9592,0.0,8.65,7,11,2
AC3Placer,20,23,True,2.1281,3,1,1.6735,0.0,8.77,7,10,3
AC3Placer,20,24,True,2.2359,2,0,1.6327,0.5,8.24,7,9,8
AC3Placer,20,25,True,2.5216,3,1,0.6939,0.0,8.46,7,6,3
AC3Placer,20,26,True,2.5216,3,1,1.3878,0.0,8.17,7,11,4
AC3Placer,20,27,True,2.5216,2,0,0.8571,0.0,8.13,7,7,6
AC3Placer,20,28,True,2.5216,3,1,1.2653,-1.0,8.37,7,8,7
AC3Placer,20,29,True,2.5,3,1,0.5,1.0,9.87,8,8,5
AC3Placer,20,30,True,2.5216,3,1,2.8163,0.2,8.08,7,11,9
AC3Placer,20,31,True,2.5216,2,0,1.102,0.0,8.22,7,10,2
AC3Placer,20,32,True,2.5216,2,0,1.0612,0.0,8.19,7,9,2
AC3Placer,20,33,True,2.1281,2,0,1.0612,0.0,7.79,7,9,8
AC3Placer,20,34,True,2.5216,2,2,1.6735,0.0,8.29,7,10,2
AC3Placer,20,35,True,2.4056,3,1,1.25,0.5,9.55,8,12,5
AC3Placer,20,36,True,2.2359,3,1,1.551,1.0,8.04,7,8,9
AC3Placer,20,37,True,2.1281,3,0,0.6939,0.0,8.11,7,8,1
AC3Placer,20,38,True,2.4056,2,0,1.2344,1.0,9.37,8,11,5
AC3Placer,20,39,True,2.2359,2,0,2.8163,1.0,8.02,7,10,10
AC3Placer,20,40,True,2.5216,3,1,1.6327,0.0,8.04,7,12,5
AC3Placer,20,41,True,2.5216,2,2,2.2041,0.4,8.24,7,9,8
AC3Placer,20,42,True,2.2359,2,0,2.6939,1.0,9.48,7,8,12
AC3Placer,20,43,True,2.1281,2,2,2.5306,0.0,8.81,7,11,3
AC3Placer,20,44,True,2.5216,3,1,1.6735,1.0,8.31,7,11,3
AC3Placer,20,45,True,2.5216,3,0,0.8571,0.0,8.27,7,7,2
AC3Placer,20,46,True,2.5216,2,0,0.5714,0.0,8.26,7,7,5
AC3Placer,20,47,True,1.6645,2,1,0.8163,0.0,8.35,7,10,1
AC3Placer,20,48,True,2.2359,3,1,1.1429,1.0,8.29,7,7,6
AC3Placer,20,49,True,2.5216,3,1,0.4898,0.0,8.28,7,5,8
AC3Placer,20,50,True,2.5,2,0,1.9844,0.0,9.76,8,11,3
AC3Placer,20,51,True,2.5216,2,1,0.8571,0.5,8.33,7,7,6
AC3Placer,20,52,True,2.5216,3,0,1.1429,-0.5,7.89,7,7,8
AC3Placer,20,53,True,2.2359,2,0,1.6327,1.0,8.51,7,9,8
AC3Placer,20,54,True,2.1281,2,0,2.6939,1.0,7.75,7,13,9
AC3Placer,20,55,True,2.5216,2,0,2.5306,0.0,8.63,7,11,4
AC3Placer,20,56,True,2.5216,2,1,0.4082,0.0,12.58,7,6,3
AC3Placer,20,57,True,2.5216,3,1,0.6939,0.0,12.01,7,8,3
AC3Placer,20,58,True,2.5216,3,1,0.5714,0.0,8.46,7,7,2
AC3Placer,20,59,True,2.5216,2,2,0.5714,0.0,8.35,7,7,3
AC3Placer,20,60,True,2.5,3,1,0.9375,0.0,9.84,8,10,3
AC3Placer,20,61,True,2.1281,2,0,1.9184,1.0,9.49,7,12,4
AC3Placer,20,62,True,2.5216,2,1,2.6939,-0.5,9.15,7,13,5
AC3Placer,20,63,True,2.5216,2,0,0.6939,0.0,8.59,7,6,2
AC3Placer,20,64,True,2.5216,3,0,0.4898,0.0,8.46,7,5,3
AC3Placer,20,65,True,2.1281,2,1,2.1224,0.5,8.25,7,13,7
AC3Placer,20,66,True,2.5216,2,1,1.9592,0.5,7.99,7,10,4
AC3Placer,20,67,True,1.6645,2,1,1.551,0.0,8.46,7,15,2
AC3Placer,20,68,True,2.1281,2,2,1.6735,0.0,7.83,7,11,5
AC3Placer,20,69,True,2.5216,2,1,0.6939,0.2,7.86,7,8,7
AC3Placer,20,70,True,2.5216,3,1,0.5714,0.0,8.26,7,7,3
AC3Placer,20,71,True,2.2359,3,1,0.4898,0.0,8.18,7,5,5
AC3Placer,20,72,True,2.1281,2,0,1.9184,0.0,8.11,7,12,2
AC3Placer,20,73,True,2.5216,2,0,2.8163,0.0,8.22,7,10,6
AC3Placer,20,74,True,2.5216,2,1,1.551,0.0,8.28,7,8,4
AC3Placer,20,75,True,2.5216,3,0,0.9796,0.0,8.65,7,8,2
AC3Placer,20,76,True,2.5216,3,0,0.6939,0.0,8.2,7,8,5
AC3Placer,20,77,True,2.5,3,1,1.3594,0.0,9.56,8,9,5
AC3Placer,20,78,True,2.1281,2,0,0.5714,1.0,8.17,7,7,5
AC3Placer,20,79,True,2.5,2,0,0.6094,1.0,9.69,8,7,4
AC3Placer,20,80,True,2.1281,3,1,1.9184,0.0,7.52,7,12,4
AC3Placer,20,81,True,2.5216,2,0,1.3878,1.0,8.35,7,10,5
AC3Placer,20,82,True,2.5216,2,1,1.551,-1.0,8.43,7,8,3
AC3Placer,20,83,True,2.5216,2,0,1.9592,0.0,7.97,7,10,3
AC3Placer,20,84,True,2.5216,3,1,1.2653,0.0,8.12,7,8,3
AC3Placer,20,85,True,2.5216,2,0,2.4898,1.0,7.9,7,12,7
AC3Placer,20,86,True,2.5216,3,1,1.9592,0.5,8.06,7,11,6
AC3Placer,20,87,True,2.5216,3,1,1.551,1.0,8.37,7,8,4
AC3Placer,20,88,True,2.5,2,0,0.75,0.0,9.28,8,8,2
AC3Placer,20,89,True,2.5216,3,1,1.1429,-1.0,9.52,7,7,8
AC3Placer,20,90,True,1.6645,3,1,0.2857,0.0,9.46,7,7,0
AC3Placer,20,91,True,2.1281,3,1,1.3878,0.2,7.78,7,11,6
AC3Placer,20,92,True,2.5216,2,0,0.7755,1.0,8.44,7,9,3
AC3Placer,20,93,True,2.5,2,0,0.75,0.0,9.68,8,8,1
AC3Placer,20,94,True,2.5216,2,1,2.5306,0.5,7.96,7,11,5
AC3Placer,20,95,True,2.2359,2,0,2.8163,0.8,8.0,7,10,13
AC3Placer,20,96,True,2.2359,3,1,0.9796,1.0,7.89,7,6,11
AC3Placer,20,97,True,2.5,2,0,0.6094,0.0,9.75,8,7,6
AC3Placer,20,98,True,2.5,2,0,1.4375,0.2,9.24,8,10,8
AC3Placer,20,99,True,2.5216,2,0,1.3878,0.0,7.75,7,11,3
AC3Placer,20,100,True,2.5216,2,1,0.8571,0.0,8.13,7,7,4
AC3Placer,20,101,True,2.2359,3,1,1.9592,1.0,8.22,7,10,7
AC3Placer,20,102,True,2.5216,3,1,1.6735,0.5,7.94,7,10,5
AC3Placer,20,103,True,2.5216,2,0,0.7755,1.0,8.05,7,9,6
AC3Placer,20,104,True,2.5216,2,0,1.9592,1.0,8.31,7,11,4
AC3Placer,20,105,True,2.5,2,2,0.6875,0.0,9.7,8,10,2
AC3Placer,20,106,True,2.5216,2,0,1.3878,0.0,8.47,7,10,5
AC3Placer,20,107,True,2.5216,2,0,1.1429,1.0,8.12,7,7,6
AC3Placer,20,108,True,2.5216,3,0,1.1429,0.0,8.56,7,7,4
AC3Placer,20,109,True,2.5216,2,1,2.4082,-0.4,7.97,7,13,8
AC3Placer,20,110,True,2.1281,2,0,1.9184,0.0,7.82,7,12,2
AC3Placer,20,111,True,2.5,2,0,0.9375,0.0,9.54,8,10,4
AC3Placer,20,112,True,2.5216,2,0,2.5306,0.0,8.26,7,10,2
AC3Placer,20,113,True,2.5216,3,1,1.9184,0.0,8.25,7,9,6
AC3Placer,20,114,True,2.5,3,1,0.75,1.0,11.29,8,8,4
AC3Placer,20,115,True,2.5216,3,1,1.2653,0.0,11.59,7,8,5
AC3Placer,20,116,True,2.5216,2,0,2.5306,0.5,7.94,7,11,7
AC3Placer,20,117,True,2.5216,2,1,2.2041,-0.5,8.27,7,12,4
AC3Placer,20,118,True,2.5216,2,2,1.0612,0.0,8.32,7,9,3
AC3Placer,20,119,True,2.5216,3,1,0.6939,0.0,8.32,7,6,3
AC3Placer,20,120,True,2.5216,2,1,2.2449,0.5,8.69,7,10,6
AC3Placer,20,121,True,2.5216,2,2,0.4082,0.8,8.4,7,6,5
AC3Placer,20,122,True,2.5216,2,1,1.3878,0.0,7.99,7,10,7
AC3Placer,20,123,True,2.5216,2,2,0.9796,0.8,8.94,7,8,4
AC3Placer,20,124,True,2.5216,2,2,1.102,0.0,10.34,7,10,2
AC3Placer,20,125,True,2.5216,2,1,0.6939,0.0,9.35,7,8,4
AC3Placer,20,126,True,2.5216,2,1,1.6735,0.0,8.61,7,10,3
AC3Placer,20,127,True,2.5216,2,1,1.3878,0.5,8.16,7,10,8
AC3Placer,20,128,True,2.5216,2,0,1.9184,0.0,8.32,7,12,2
AC3Placer,20,129,True,2.5216,2,0,1.551,1.0,8.18,7,8,7
AC3Placer,20,130,True,2.5216,2,2,0.9796,0.0,7.82,7,8,3
AC3Placer,20,131,True,2.5216,3,1,0.5714,0.0,8.46,7,7,3
AC3Placer,20,132,True,2.5216,3,0,1.9592,0.8,8.18,7,11,9
AC3Placer,20,133,True,2.5216,3,1,1.6327,1.0,8.41,7,9,7
AC3Placer,20,134,True,2.5216,2,1,0.9796,0.5,8.1,7,8,7
AC3Placer,20,135,True,2.1281,2,0,1.3878,0.0,8.33,7,10,3
AC3Placer,20,136,True,2.5216,2,0,0.8571,1.0,8.72,7,7,6
AC3Placer,20,137,True,2.5216,2,1,2.5306,0.0,7.87,7,10,5
AC3Placer,20,138,True,2.1281,3,1,0.9796,0.0,8.58,7,8,2
AC3Placer,20,139,True,2.5216,2,1,0.9796,0.0,8.22,7,8,4
AC3Placer,20,140,True,2.2359,2,0,1.1429,0.0,8.23,7,7,10
AC3Placer,20,141,True,2.5216,3,1,2.5306,0.0,8.16,7,11,9
AC3Placer,20,142,True,2.4056,2,0,0.8594,0.0,8.99,8,7,2
AC3Placer,20,143,True,2.5216,2,0,0.9796,1.0,7.95,7,8,5
AC3Placer,20,144,True,2.5216,3,0,1.2653,0.8,7.83,7,8,7
AC3Placer,20,145,True,2.1281,2,1,1.3878,1.0,8.21,7,10,4
AC3Placer,20,146,True,2.5216,2,2,1.1429,0.4,8.04,7,7,7
AC3Placer,20,147,True,2.1281,2,2,1.3878,1.0,8.16,7,10,7
AC3Placer,20,148,True,2.1281,3,1,0.9796,0.0,8.38,7,8,3
AC3Placer,20,149,True,2.2359,2,0,1.2653,1.0,8.54,7,8,5
AC3Placer,20,150,True,2.5216,3,1,3.6327,1.0,7.91,7,12,9
AC3Placer,20,151,True,2.1281,2,0,1.3878,0.0,7.88,7,10,3
AC3Placer,20,152,True,2.2359,2,0,0.6939,0.5,7.93,7,6,7
AC3Placer,20,153,True,2.1281,3,1,1.3878,0.0,8.38,7,10,2
AC3Placer,20,154,True,2.5216,2,1,2.4082,0.0,7.78,7,13,5
AC3Placer,20,155,True,2.2359,2,0,1.8367,0.8,8.11,7,8,12
AC3Placer,20,156,True,2.5,2,0,0.6875,0.0,9.56,8,6,2
AC3Placer,20,157,True,2.5216,2,0,0.9796,0.0,8.28,7,8,5
AC3Placer,20,158,True,2.5216,2,1,2.5306,0.4,8.24,7,11,6
AC3Placer,20,159,True,2.5216,3,0,1.6327,0.0,7.38,7,9,3
AC3Placer,20,160,True,2.4056,3,1,2.4844,1.0,9.55,8,13,6
AC3Placer,20,161,True,2.5216,2,2,1.0612,0.5,8.2,7,9,8
AC3Placer,20,162,True,2.1281,2,1,1.0612,0.0,8.16,7,9,5
AC3Placer,20,163,True,2.5,2,0,0.6094,1.0,9.69,8,9,5
AC3Placer,20,164,True,2.1281,3,1,1.3469,0.0,8.13,7,9,2
AC3Placer,20,165,True,2.5216,2,1,1.102,0.0,8.2,7,10,2
AC3Placer,20,166,True,2.5216,2,0,0.6939,0.0,7.34,7,6,5
AC3Placer,20,167,True,2.4056,2,0,1.1094,0.5,9.46,8,9,5
AC3Placer,20,168,True,2.5216,2,0,2.5306,0.0,8.03,7,10,1
AC3Placer,20,169,True,2.5,2,0,0.5,0.0,9.54,8,8,2
AC3Placer,20,170,True,2.5216,3,0,1.6735,0.0,8.3,7,10,2
AC3Placer,20,171,True,2.1281,2,0,1.3878,1.0,8.16,7,11,4
AC3Placer,20,172,True,2.5216,3,1,0.9796,0.0,8.37,7,8,3
AC3Placer,20,173,True,2.5216,3,0,0.6939,0.0,8.4,7,6,3
AC3Placer,20,174,True,2.5216,3,1,0.6939,0.0,8.27,7,6,1
AC3Placer,20,175,True,2.5216,2,0,1.3878,0.0,8.12,7,10,7
AC3Placer,20,176,True,2.5216,2,1,0.4082,0.0,8.21,7,6,6
AC3Placer,20,177,True,2.5216,3,1,0.5714,0.0,7.83,7,7,5
AC3Placer,20,178,True,2.5216,3,1,0.6939,0.5,8.29,7,8,4
AC3Placer,20,179,True,2.5216,2,1,0.4082,0.0,8.29,7,6,3
AC3Placer,20,180,True,2.5216,2,1,0.6939,-0.5,8.4,7,6,6
AC3Placer,20,181,True,2.5216,2,1,2.2449,0.0,7.76,7,10,2
AC3Placer,20,182,True,2.5216,2,2,0.4082,0.0,8.46,7,6,1
AC3Placer,20,183,True,2.5,2,0,0.2344,1.0,9.69,8,5,4
AC3Placer,20,184,True,2.4056,2,0,1.4375,0.0,9.35,8,10,7
AC3Placer,20,185,True,2.1281,2,1,2.4898,0.0,8.22,7,12,2
AC3Placer,20,186,True,2.5216,2,0,1.8367,0.0,8.08,7,8,3
AC3Placer,20,187,True,2.5216,2,0,2.6939,1.0,7.76,7,13,4
AC3Placer,20,188,True,2.5216,2,0,0.8571,0.0,8.18,7,7,5
AC3Placer,20,189,True,2.5216,2,0,0.9796,0.0,8.25,7,8,1
AC3Placer,20,190,True,2.5,2,0,1.4375,0.0,9.38,8,14,6
AC3Placer,20,191,True,2.5216,2,0,1.1429,0.4,8.33,7,7,9
AC3Placer,20,192,True,2.1281,2,2,2.4082,0.0,8.17,7,13,6
AC3Placer,20,193,True,2.5216,2,0,1.3878,1.0,7.95,7,10,5
AC3Placer,20,194,True,1.6645,3,1,2.5306,0.5,8.11,7,18,5
AC3Placer,20,195,True,2.5216,2,0,1.102,0.0,8.13,7,10,4
AC3Placer,20,196,True,2.5216,2,0,2.8163,0.0,7.92,7,10,1
AC3Placer,20,197,True,2.2359,2,0,1.1429,0.0,7.68,7,7,10
AC3Placer,20,198,True,2.5216,2,1,1.3469,0.5,8.13,7,9,3
AC3Placer,20,199,True,2.1281,3,1,1.102,0.0,7.78,7,10,5
AC3Placer,20,200,True,2.5216,2,1,1.3878,0.0,8.15,7,10,7
AC3Placer,20,201,True,2.0,3,1,0.3594,0.0,9.66,8,7,3
AC3Placer,20,202,True,2.5216,2,1,0.4898,0.5,7.8,7,5,3
AC3Placer,20,203,True,2.5216,2,2,0.6939,0.0,7.61,7,8,4
AC3Placer,20,204,True,2.5216,2,0,1.9592,1.0,7.86,7,10,7
AC3Placer,20,205,True,2.2359,2,0,3.6327,1.0,8.18,7,12,10
AC3Placer,20,206,True,2.2359,2,0,1.1429,1.0,8.12,7,7,8
AC3Placer,20,207,True,2.5216,2,1,0.9796,0.5,8.16,7,8,5
AC3Placer,20,208,True,2.1281,3,1,3.3469,-0.5,8.08,7,12,7
AC3Placer,20,209,True,2.5216,2,0,0.6939,0.4,8.17,7,6,6
AC3Placer,20,210,True,2.2359,3,1,1.1429,1.0,8.06,7,7,4
AC3Placer,20,211,True,2.5216,2,0,2.2449,0.0,8.28,7,10,2
AC3Placer,20,212,True,2.2359,2,0,0.6939,0.0,8.25,7,6,8
AC3Placer,20,213,True,2.5216,3,1,4.0,0.0,7.9,7,14,4
AC3Placer,20,214,True,2.5,3,1,0.6094,1.0,9.75,8,7,3
AC3Placer,20,215,True,2.5,3,0,0.3594,0.0,9.6,8,7,5
AC3Placer,20,216,True,2.5216,2,0,0.5714,0.0,7.98,7,7,3
AC3Placer,20,217,True,2.5216,3,0,0.8571,0.0,7.83,7,7,7
AC3Placer,20,218,True,2.1281,3,0,1.3878,0.0,8.08,7,10,4
AC3Placer,20,219,True,2.4056,2,1,1.25,0.0,9.61,8,12,3
AC3Placer,20,220,True,2.1281,2,1,1.3878,0.0,8.17,7,10,4
AC3Placer,20,221,True,2.1281,2,0,1.6735,0.0,8.14,7,11,4
AC3Placer,20,222,True,2.5216,2,0,1.1429,0.5,7.88,7,7,4
AC3Placer,20,223,True,2.5216,2,1,1.102,0.5,8.06,7,10,6
AC3Placer,20,224,True,2.5216,2,0,0.6939,0.0,7.94,7,8,2
AC3Placer,20,225,True,2.5216,2,0,1.6735,0.0,8.08,7,11,6
AC3Placer,20,226,True,2.0,2,1,0.3594,0.0,9.4,8,7,5
AC3Placer,20,227,True,2.5216,2,2,0.8571,0.0,7.82,7,7,6
AC3Placer,20,228,True,2.5216,2,0,1.6735,1.0,8.07,7,10,4
AC3Placer,20,229,True,2.5216,2,1,1.1429,0.0,7.69,7,7,5
AC3Placer,20,230,True,2.1281,2,2,1.6327,0.0,8.12,7,9,3
AC3Placer,20,231,True,2.5216,2,2,1.9592,0.0,8.29,7,10,1
AC3Placer,20,232,True,2.5216,3,1,1.3878,0.0,8.75,7,10,5
AC3Placer,20,233,True,2.2359,2,0,1.551,1.0,7.59,7,8,3
AC3Placer,20,234,True,2.1281,3,0,2.6939,0.0,8.19,7,13,3
AC3Placer,20,235,True,2.5216,3,0,0.5714,0.4,8.21,7,7,9
AC3Placer,20,236,True,2.5216,2,0,0.5714,0.0,7.96,7,7,6
AC3Placer,20,237,True,2.5216,2,0,2.7755,0.0,7.72,7,9,3
AC3Placer,20,238,True,2.2359,3,1,0.8571,0.0,7.98,7,7,8
AC3Placer,20,239,True,2.5216,2,2,0.9796,0.0,8.29,7,8,4
AC3Placer,20,240,True,2.5216,2,1,2.7755,0.0,8.39,7,12,3
AC3Placer,20,241,True,2.4056,2,1,0.8594,0.0,9.74,8,9,1
AC3Placer,20,242,True,2.5216,3,1,1.0612,0.0,8.32,7,9,2
AC3Placer,20,243,True,2.5216,2,1,1.0612,0.0,8.23,7,9,1
AC3Placer,20,244,True,2.5216,2,0,0.8571,0.0,8.18,7,7,2
AC3Placer,20,245,True,2.5216,2,0,2.7755,1.0,8.15,7,9,4
AC3Placer,20,246,True,2.5216,3,1,0.4082,0.0,8.4,7,6,2
AC3Placer,20,247,True,2.5,2,0,0.5,0.0,9.65,8,8,7
AC3Placer,20,248,True,2.4056,2,0,0.5,0.0,9.74,8,8,3
AC3Placer,20,249,True,2.5216,2,1,0.9796,0.0,7.61,7,8,5
AC3Placer,20,250,True,2.5216,2,0,1.0612,0.0,7.41,7,9,5
AC3Placer,20,251,True,2.5216,2,1,0.4898,0.0,8.34,7,5,1
AC3Placer,20,252,True,2.5216,3,1,0.6939,0.0,8.26,7,8,4
AC3Placer,20,253,True,2.5216,2,1,1.0612,0.0,7.99,7,9,2
AC3Placer,20,254,True,2.1281,3,0,1.3878,0.8,7.86,7,10,9
AC3Placer,20,255,True,2.5216,3,1,1.9592,0.5,8.0,7,11,6
AC3Placer,20,256,True,2.1281,3,1,1.6735,1.0,8.01,7,11,7
AC3Placer,20,257,True,2.2359,2,0,0.6939,0.0,8.47,7,6,7
AC3Placer,20,258,True,2.2359,2,0,1.2653,1.0,7.62,7,8,5
AC3Placer,20,259,True,2.5216,2,0,0.5714,0.5,8.47,7,7,6
AC3Placer,20,260,True,2.5216,2,0,2.6939,1.0,8.81,7,13,6
AC3Placer,20,261,True,2.5216,3,1,0.4082,-1.0,7.88,7,6,5
AC3Placer,20,262,True,2.1281,3,1,2.8571,1.0,7.96,7,14,6
AC3Placer,20,263,True,2.5216,2,0,0.7755,0.0,8.58,7,9,4
AC3Placer,20,264,True,2.5216,2,0,0.4898,0.0,8.23,7,5,2
AC3Placer,20,265,True,2.5216,3,1,0.6939,0.0,8.18,7,6,4
AC3Placer,20,266,True,2.5216,2,2,1.0612,0.0,8.29,7,9,5
AC3Placer,20,267,True,2.5216,2,1,1.3878,0.0,8.38,7,10,2
AC3Placer,20,268,True,2.5216,2,0,0.5714,0.0,8.19,7,7,5
AC3Placer,20,269,True,2.5216,2,0,1.3878,1.0,8.34,7,10,7
AC3Placer,20,270,True,2.4056,2,0,0.75,0.0,9.73,8,8,5
AC3Placer,20,271,True,2.4056,2,0,1.0,0.0,9.7,8,8,5
AC3Placer,20,272,True,2.0,2,0,1.4375,1.0,9.29,8,14,4
AC3Placer,20,273,True,2.5216,2,0,1.1429,0.0,8.37,7,7,2
AC3Placer,20,274,True,2.5,2,0,0.8594,1.0,9.73,8,7,5
AC3Placer,20,275,True,2.5216,3,1,2.8163,1.0,8.13,7,10,7
AC3Placer,20,276,True,2.4056,2,0,0.6094,0.0,9.63,8,9,3
AC3Placer,20,277,True,2.5216,2,0,0.5714,-0.5,8.28,7,7,3
AC3Placer,20,278,True,2.5,3,1,0.75,0.0,9.67,8,8,2
AC3Placer,20,279,True,2.5216,2,2,1.102,0.5,8.16,7,10,3
AC3Placer,20,280,True,2.5216,2,2,1.3878,0.5,8.27,7,10,5
AC3Placer,20,281,True,2.5216,3,1,1.6327,1.0,7.66,7,9,5
AC3Placer,20,282,True,2.5216,2,0,1.0612,0.0,8.21,7,9,4
AC3Placer,20,283,True,2.5216,2,0,0.5714,0.0,8.1,7,7,5
AC3Placer,20,284,True,2.5,3,1,0.9375,0.0,9.82,8,10,3
AC3Placer,20,285,True,2.4056,3,1,0.75,0.0,9.87,8,8,1
AC3Placer,20,286,True,2.5,2,1,1.4844,0.0,9.22,8,11,4
AC3Placer,20,287,True,2.5,3,1,0.75,0.0,9.73,8,8,2
AC3Placer,20,288,True,2.5216,3,1,1.8367,0.8,10.91,7,8,5
AC3Placer,20,289,True,2.5216,3,0,1.6327,0.0,11.07,7,9,2
AC3Placer,20,290,True,2.5,3,0,1.1094,0.4,8.91,8,9,6
AC3Placer,20,291,True,2.5216,2,0,0.6939,0.0,8.43,7,6,2
AC3Placer,20,292,True,2.5216,3,1,1.102,0.0,7.78,7,10,6
AC3Placer,20,293,True,2.5216,2,2,0.6939,0.0,8.55,7,8,2
AC3Placer,20,294,True,2.5216,2,1,1.102,-0.5,9.28,7,10,4
AC3Placer,20,295,True,2.5216,3,1,1.551,0.0,8.29,7,8,2
AC3Placer,20,296,True,2.5,3,0,0.6094,0.5,9.8,8,7,5
AC3Placer,20,297,True,2.5216,2,0,0.9796,0.0,8.32,7,8,6
AC3Placer,20,298,True,2.5216,2,1,0.8571,0.5,7.49,7,7,4
AC3Placer,20,299,True,2.5216,3,1,1.2653,0.5,8.18,7,8,7
AC3Placer,20,300,True,2.4056,3,0,0.8594,0.0,9.91,8,9,4
AC3Placer,20,301,True,2.5216,2,0,0.9796,1.0,8.31,7,6,3
AC3Placer,20,302,True,2.5216,2,1,1.8367,-0.5,8.02,7,8,6
AC3Placer,20,303,True,2.5216,2,1,1.551,0.0,8.31,7,8,4
AC3Placer,20,304,True,2.5216,2,1,0.5714,1.0,8.25,7,7,4
AC3Placer,20,305,True,2.5216,2,0,2.5306,0.0,8.16,7,10,5
AC3Placer,20,306,True,2.5216,2,0,1.3878,1.0,7.94,7,10,8
AC3Placer,20,307,True,2.1281,2,0,2.6939,1.0,8.13,7,13,4
AC3Placer,20,308,True,2.1281,2,2,0.5714,0.0,8.4,7,7,5
AC3Placer,20,309,True,2.2359,3,1,0.9796,0.0,7.75,7,6,8
AC3Placer,20,310,True,2.1281,2,1,1.9184,0.0,8.3,7,12,5
AC3Placer,20,311,True,2.5216,2,2,1.1429,0.0,8.36,7,7,3
AC3Placer,20,312,True,2.2359,2,0,0.8571,1.0,8.25,7,7,6
AC3Placer,20,313,True,2.5,3,0,1.5,0.5,9.41,8,8,8
AC3Placer,20,314,True,2.5216,3,0,0.6939,0.0,7.51,7,8,4
AC3Placer,20,315,True,2.5216,3,1,1.0612,0.0,8.26,7,9,3
AC3Placer,20,316,True,2.5,2,1,1.2344,0.0,9.79,8,11,2
AC3Placer,20,317,True,2.5216,2,1,1.9592,0.0,8.26,7,11,3
AC3Placer,20,318,True,2.1281,3,1,1.6735,0.0,8.32,7,10,3
AC3Placer,20,319,True,2.5216,2,1,1.6735,0.5,8.09,7,10,4
AC3Placer,20,320,True,2.5216,2,0,0.6939,0.0,8.15,7,6,1
AC3Placer,20,321,True,2.0,3,0,3.0,1.0,9.43,8,16,4
AC3Placer,20,322,True,2.5216,2,0,1.9184,1.0,7.59,7,12,6
AC3Placer,20,323,True,2.5216,2,1,0.6939,0.0,8.27,7,8,2
AC3Placer,20,324,True,2.5216,2,1,1.1429,0.4,8.18,7,7,10
AC3Placer,20,325,True,2.5216,3,1,1.0612,1.0,7.94,7,9,3
AC3Placer,20,326,True,2.5216,3,1,0.6939,1.0,8.32,7,6,5
AC3Placer,20,327,True,2.5216,3,1,1.1429,0.5,8.28,7,7,6
AC3Placer,20,328,True,2.4056,3,1,0.1875,0.0,9.73,8,6,1
AC3Placer,20,329,True,2.5216,2,1,0.5714,0.5,8.07,7,7,4
AC3Placer,20,330,True,2.5216,2,0,1.2653,1.0,7.96,7,8,5
AC3Placer,20,331,True,2.0,2,1,1.2344,0.0,9.21,8,11,3
AC3Placer,20,332,True,2.5216,3,1,0.6939,0.0,8.18,7,8,6
AC3Placer,20,333,True,2.4056,3,0,2.4375,0.4,9.14,8,14,4
AC3Placer,20,334,True,2.5,3,0,1.25,0.2,9.17,8,8,7
AC3Placer,20,335,True,2.5216,2,0,1.9592,1.0,8.45,7,10,4
AC3Placer,20,336,True,2.5216,2,1,1.6327,0.1,8.17,7,9,10
AC3Placer,20,337,True,2.1281,3,1,2.8571,0.0,8.01,7,14,5
AC3Placer,20,338,True,2.5216,3,1,0.9796,0.0,8.36,7,8,3
AC3Placer,20,339,True,2.5216,2,2,1.1429,0.5,8.22,7,7,8
AC3Placer,20,340,True,2.5216,2,1,1.8367,-0.5,8.12,7,8,5
AC3Placer,20,341,True,2.5216,2,0,0.5714,0.0,8.16,7,7,2
AC3Placer,20,342,True,2.5216,2,1,0.9796,0.0,7.81,7,8,2
AC3Placer,20,343,True,2.5216,2,2,3.6327,0.5,8.14,7,12,6
AC3Placer,20,344,True,2.1281,2,2,1.9592,0.5,8.23,7,11,3
AC3Placer,20,345,True,2.5216,3,0,1.9184,0.0,7.91,7,9,3
AC3Placer,20,346,True,2.1556,3,1,1.3594,1.0,9.23,8,9,5
AC3Placer,20,347,True,2.4056,2,0,1.2344,0.0,9.72,8,11,3
AC3Placer,20,348,True,2.5216,3,1,1.8367,0.0,8.17,7,8,4
AC3Placer,20,349,True,2.0,2,0,2.2344,0.0,9.69,8,11,2
AC3Placer,20,350,True,2.1281,3,0,2.5306,0.0,7.44,7,10,9
AC3Placer,20,351,True,2.1281,2,0,2.4898,0.8,7.82,7,12,6
AC3Placer,20,352,True,2.5216,3,0,0.9796,0.0,7.95,7,8,7
AC3Placer,20,353,True,2.5216,2,0,1.0612,0.0,8.24,7,9,3
AC3Placer,20,354,True,2.5216,3,1,1.1429,0.0,7.98,7,7,7
AC3Placer,20,355,True,2.5216,2,0,2.7755,0.8,7.6,7,12,10
AC3Placer,20,356,True,1.6645,2,1,2.5306,1.0,8.01,7,18,4
AC3Placer,20,357,True,2.2359,3,1,1.2653,1.0,7.99,7,8,8
AC3Placer,20,358,True,2.5216,2,0,1.0612,1.0,8.21,7,9,3
AC3Placer,20,359,True,2.1281,3,1,1.9592,1.0,8.14,7,11,9
AC3Placer,20,360,True,2.2359,3,1,2.2449,1.0,8.24,7,10,5
AC3Placer,20,361,True,2.5216,3,1,1.6327,0.0,8.42,7,9,3
AC3Placer,20,362,True,1.6645,2,1,1.551,0.0,8.02,7,13,2
AC3Placer,20,363,True,2.5216,3,1,1.1429,0.5,7.93,7,7,4
AC3Placer,20,364,True,2.5216,2,0,1.102,0.8,7.81,7,10,7
AC3Placer,20,365,True,2.5216,2,0,1.9184,-0.5,8.2,7,12,6
AC3Placer,20,366,True,2.5216,3,1,0.5714,0.0,8.37,7,7,4
AC3Placer,20,367,True,2.5216,3,1,0.9796,0.0,8.07,7,8,7
AC3Placer,20,368,True,2.5216,2,2,1.1429,0.2,8.33,7,7,5
AC3Placer,20,369,True,2.5216,2,0,0.4082,0.0,8.28,7,6,7
AC3Placer,20,370,True,2.5216,3,1,1.3878,0.0,7.98,7,11,2
AC3Placer,20,371,True,2.5,2,0,0.6094,1.0,9.68,8,7,5
AC3Placer,20,372,True,2.5,3,1,0.8594,0.5,9.67,8,9,4
AC3Placer,20,373,True,2.5216,2,1,0.5714,0.0,8.17,7,7,2
AC3Placer,20,374,True,2.5216,2,1,1.9592,0.5,7.86,7,11,6
AC3Placer,20,375,True,2.5216,2,2,1.9184,0.4,8.13,7,12,7
AC3Placer,20,376,True,2.5216,2,0,0.5714,-0.5,7.88,7,7,4
AC3Placer,20,377,True,2.5216,2,0,0.2041,0.5,7.94,7,5,5
AC3Placer,20,378,True,2.1281,3,1,1.6735,0.8,8.08,7,11,7
AC3Placer,20,379,True,1.6645,2,1,2.2449,0.0,8.06,7,17,3
AC3Placer,20,380,True,2.0,2,0,0.6875,0.0,9.36,8,10,2
AC3Placer,20,381,True,2.2359,3,1,2.2041,0.5,8.14,7,9,9
AC3Placer,20,382,True,2.4056,2,0,0.6875,0.8,9.6,8,10,5
AC3Placer,20,383,True,2.5216,2,2,1.3878,0.0,8.05,7,10,5
AC3Placer,20,384,True,2.5216,2,2,2.2041,0.2,8.07,7,12,9
AC3Placer,20,385,True,2.5216,3,1,0.8571,0.0,8.14,7,7,7
AC3Placer,20,386,True,2.5216,2,0,1.9184,0.0,8.29,7,9,2
AC3Placer,20,387,True,2.5216,3,0,0.6939,0.0,8.15,7,8,1
AC3Placer,20,388,True,2.5,3,0,1.6094,0.0,9.37,8,9,5
AC3Placer,20,389,True,2.5216,2,2,0.9796,0.0,8.03,7,8,6
AC3Placer,20,390,True,2.5216,3,1,0.6939,0.0,8.18,7,8,4
AC3Placer,20,391,True,2.5216,3,0,0.9796,0.5,7.83,7,8,6
AC3Placer,20,392,True,2.5216,2,1,0.9796,0.0,8.36,7,8,5
AC3Placer,20,393,True,2.5216,2,0,3.2653,0.0,7.91,7,15,4
AC3Placer,20,394,True,2.5,2,0,0.9844,0.0,9.22,8,11,3
AC3Placer,20,395,True,2.5216,2,0,0.6939,0.0,8.3,7,8,2
AC3Placer,20,396,True,2.5216,3,1,1.3878,0.5,7.7,7,11,7
AC3Placer,20,397,True,2.5216,2,0,3.2653,1.0,7.93,7,13,12
AC3Placer,20,398,True,2.5216,3,1,0.5714,0.0,8.35,7,7,5
AC3Placer,20,399,True,2.5216,2,0,0.8571,1.0,7.98,7,7,3
AC3Placer,20,400,True,2.1281,2,2,0.5714,0.0,8.1,7,7,6
AC3Placer,20,401,True,2.1281,3,1,1.9592,0.0,7.91,7,11,7
AC3Placer,20,402,True,1.6645,2,1,1.3469,0.0,8.12,7,12,0
AC3Placer,20,403,True,2.5,3,1,0.4844,0.0,9.22,8,5,6
AC3Placer,20,404,True,2.5,2,0,0.25,0.0,9.64,8,4,4
AC3Placer,20,405,True,2.5216,2,2,2.5306,0.4,8.09,7,11,7
AC3Placer,20,406,True,2.5216,3,1,1.0612,0.0,8.01,7,9,2
AC3Placer,20,407,True,1.6645,2,1,1.1429,0.0,8.27,7,14,3
AC3Placer,20,408,True,2.5216,2,1,1.1429,0.4,8.04,7,7,5
AC3Placer,20,409,True,2.5216,2,0,1.0612,0.0,8.19,7,9,4
AC3Placer,20,410,True,2.5216,3,1,0.4898,0.0,8.32,7,5,4
AC3Placer,20,411,True,2.5,2,0,1.0,1.0,9.46,8,12,5
AC3Placer,20,412,True,2.5216,3,1,0.5714,0.0,7.7,7,7,6
AC3Placer,20,413,True,2.5216,2,0,1.3469,1.0,8.07,7,9,3
AC3Placer,20,414,True,2.4056,2,0,0.6875,0.0,9.63,8,10,1
AC3Placer,20,415,True,2.2359,3,1,1.9184,1.0,7.93,7,9,5
AC3Placer,20,416,True,2.1281,3,0,0.6939,0.0,8.26,7,8,4
AC3Placer,20,417,True,2.5216,2,1,1.0612,0.5,7.87,7,9,5
AC3Placer,20,418,True,2.5216,2,0,0.9796,0.0,8.23,7,8,1
AC3Placer,20,419,True,2.5216,2,0,1.2653,0.0,7.6,7,8,4
AC3Placer,20,420,True,2.5,3,0,0.8594,0.0,9.65,8,9,1
AC3Placer,20,421,True,2.1281,2,0,1.3878,0.0,8.07,7,11,2
AC3Placer,20,422,True,2.5,2,0,0.8594,0.0,8.9,8,9,2
AC3Placer,20,423,True,2.5216,3,0,1.6735,0.0,7.97,7,10,1
AC3Placer,20,424,True,2.5216,2,0,1.3878,0.0,7.98,7,11,4
AC3Placer,20,425,True,2.5,2,0,0.3594,0.0,9.35,8,7,3
AC3Placer,20,426,True,2.5,2,0,1.2344,0.0,9.63,8,11,4
AC3Placer,20,427,True,2.5216,3,1,1.3878,0.0,7.91,7,10,7
AC3Placer,20,428,True,2.5216,3,1,1.1429,0.5,7.68,7,7,3
AC3Placer,20,429,True,2.5216,2,0,1.102,0.0,8.17,7,10,5
AC3Placer,20,430,True,2.5216,3,1,1.2653,-0.5,7.96,7,8,4
AC3Placer,20,431,True,2.5216,3,1,1.7143,1.0,8.1,7,7,7
AC3Placer,20,432,True,2.5216,2,0,1.0612,0.5,7.86,7,9,4
AC3Placer,20,433,True,2.5216,3,1,1.0612,0.0,8.03,7,9,4
AC3Placer,20,434,True,2.5216,3,1,1.9184,0.5,7.82,7,12,5
AC3Placer,20,435,True,2.5216,3,1,2.5714,0.2,7.85,7,14,7
AC3Placer,20,436,True,2.5216,2,0,2.7755,1.0,7.76,7,12,7
AC3Placer,20,437,True,2.5216,2,0,1.6735,0.0,7.7,7,10,6
AC3Placer,20,438,True,2.5216,2,0,0.9796,0.8,8.13,7,8,10
AC3Placer,20,439,True,1.6645,2,1,1.1429,0.0,8.04,7,14,2
AC3Placer,20,440,True,2.5216,2,0,0.7755,0.0,7.96,7,9,1
AC3Placer,20,441,True,2.5216,3,1,0.9796,0.0,7.95,7,6,3
AC3Placer,20,442,True,2.1281,2,0,2.6939,0.0,7.98,7,13,1
AC3Placer,20,443,True,2.5216,2,2,0.8571,0.0,8.24,7,7,4
AC3Placer,20,444,True,2.1281,2,2,2.7755,-0.4,7.63,7,12,5
AC3Placer,20,445,True,2.5216,2,2,0.5714,0.0,8.27,7,7,4
AC3Placer,20,446,True,2.5216,3,1,0.6939,-1.0,7.77,7,8,5
AC3Placer,20,447,True,2.1281,2,0,2.1224,0.0,8.05,7,13,3
AC3Placer,20,448,True,2.5216,3,0,1.6735,0.0,7.89,7,10,7
AC3Placer,20,449,True,2.5216,3,1,1.1429,0.5,7.34,7,7,6
AC3Placer,20,450,True,2.5216,2,1,1.1429,-0.5,6.95,7,7,6
AC3Placer,20,451,True,2.5216,3,0,0.6939,0.5,8.11,7,6,6
AC3Placer,20,452,True,2.5216,3,1,1.0612,0.0,7.88,7,9,4
AC3Placer,20,453,True,2.1281,3,1,2.6939,0.5,7.77,7,13,7
AC3Placer,20,454,True,2.1281,2,0,2.5306,-0.5,7.34,7,11,5
AC3Placer,20,455,True,2.5216,2,1,1.551,0.2,7.85,7,8,6
AC3Placer,20,456,True,2.5216,2,0,1.9184,1.0,7.94,7,12,5
AC3Placer,20,457,True,2.5,2,0,1.3594,0.8,9.41,8,9,8
AC3Placer,20,458,True,2.5,3,1,0.4844,0.0,9.22,8,5,3
AC3Placer,20,459,True,2.5216,2,1,2.1224,0.0,8.05,7,13,6
AC3Placer,20,460,True,2.5216,3,1,1.3878,-0.5,7.94,7,11,7
AC3Placer,20,461,True,2.5216,3,1,0.6939,-0.5,8.3,7,8,3
AC3Placer,20,462,True,2.5216,2,1,0.5714,0.5,8.16,7,7,4
AC3Placer,20,463,True,2.5216,2,0,1.9592,0.0,7.95,7,10,4
AC3Placer,20,464,True,2.5,2,1,0.4844,0.0,9.26,8,5,3
AC3Placer,20,465,True,2.2359,2,0,1.551,1.0,8.26,7,8,5
AC3Placer,20,466,True,2.5216,2,0,0.6939,0.5,7.96,7,8,6
AC3Placer,20,467,True,2.5216,2,1,1.0612,-0.5,7.95,7,9,5
AC3Placer,20,468,True,2.5216,2,1,0.8571,0.0,8.18,7,7,4
AC3Placer,20,469,True,2.5216,3,0,1.0612,0.0,8.04,7,9,6
AC3Placer,20,470,True,2.5,3,0,0.5,0.0,9.54,8,8,1
AC3Placer,20,471,True,2.1281,3,0,1.6327,1.0,7.99,7,12,4
AC3Placer,20,472,True,2.5216,2,1,0.8571,0.0,7.99,7,7,3
AC3Placer,20,473,True,2.5216,2,2,2.6939,0.2,8.03,7,13,6
AC3Placer,20,474,True,2.5216,2,0,1.2653,0.0,8.06,7,8,5
AC3Placer,20,475,True,2.5216,2,2,1.0612,0.0,8.22,7,9,5
AC3Placer,20,476,True,2.1281,2,0,2.2857,1.0,7.85,7,14,4
AC3Placer,20,477,True,2.5216,2,0,0.9796,0.0,8.2,7,8,6
AC3Placer,20,478,True,2.5216,3,1,0.4082,0.0,7.96,7,6,4
AC3Placer,20,479,True,2.2359,3,1,1.2653,0.0,7.99,7,8,7
AC3Placer,20,480,True,2.5216,2,0,0.6939,0.0,8.19,7,6,2
AC3Placer,20,481,True,2.5216,2,1,1.6327,-0.5,8.28,7,9,6
AC3Placer,20,482,True,2.5216,3,0,1.551,1.0,7.85,7,8,5
AC3Placer,20,483,True,2.2359,2,0,1.2653,1.0,7.69,7,8,6
AC3Placer,20,484,True,2.2359,2,0,1.8367,1.0,8.22,7,8,7
AC3Placer,20,485,True,1.6645,3,1,0.6939,0.0,8.13,7,8,1
AC3Placer,20,486,True,2.5216,2,1,1.6735,0.0,7.82,7,11,7
AC3Placer,20,487,True,2.5216,2,1,1.2653,-0.5,7.84,7,8,6
AC3Placer,20,488,True,2.4056,3,0,0.9375,0.5,9.26,8,10,3
AC3Placer,20,489,True,2.5216,3,0,1.3878,0.0,8.16,7,10,1
AC3Placer,20,490,True,2.5216,2,2,1.3878,-0.5,8.01,7,10,8
AC3Placer,20,491,True,2.1281,3,1,1.0612,0.5,7.91,7,9,9
AC3Placer,20,492,True,2.5,3,1,1.0,0.0,9.29,8,8,7
AC3Placer,20,493,True,2.0,2,0,1.4375,0.0,8.78,8,10,4
AC3Placer,20,494,True,1.6645,2,1,1.7143,0.0,8.2,7,14,3
AC3Placer,20,495,True,2.5216,3,1,1.6735,0.5,7.89,7,10,5
AC3Placer,20,496,True,2.5216,2,0,0.6939,0.5,8.27,7,8,5
AC3Placer,20,497,True,2.5,2,0,0.6094,1.0,9.66,8,7,5
AC3Placer,20,498,True,2.5216,2,1,0.9796,0.0,7.75,7,8,3
AC3Placer,20,499,True,2.1281,2,0,1.9592,0.0,8.22,7,11,5
AC3Placer,20,500,True,2.5216,3,1,1.102,1.0,8.22,7,10,6
AC3Placer,20,501,True,2.4056,2,2,0.1875,0.0,9.58,8,6,1
AC3Placer,20,502,True,2.5216,3,0,0.5714,0.0,8.6,7,7,1
AC3Placer,20,503,True,2.5,2,1,1.0,0.0,8.73,8,8,2
AC3Placer,20,504,True,2.5216,3,0,0.8571,0.0,8.18,7,7,3
AC3Placer,20,505,True,1.6645,3,1,1.551,0.0,7.73,7,15,1
AC3Placer,20,506,True,2.1281,3,1,1.9592,0.0,8.07,7,11,5
AC3Placer,20,507,True,2.5,2,0,1.7344,0.0,9.11,8,13,3
AC3Placer,20,508,True,2.5216,2,1,0.5714,0.5,8.08,7,7,6
AC3Placer,20,509,True,2.5216,2,1,0.6939,0.0,8.23,7,8,3
AC3Placer,20,510,True,2.5216,2,0,1.6735,0.0,7.78,7,11,4
AC3Placer,20,511,True,2.2359,3,1,0.6939,0.5,8.02,7,6,8
AC3Placer,20,512,True,2.1281,2,2,2.1224,-0.2,7.79,7,13,6
AC3Placer,20,513,True,2.1281,2,1,1.0612,0.0,8.1,7,9,5
AC3Placer,20,514,True,2.1281,2,1,1.6327,0.0,7.9,7,9,2
AC3Placer,20,515,True,2.5216,3,0,0.8571,0.0,7.97,7,7,8
AC3Placer,20,516,True,2.5216,3,1,0.9796,1.0,8.3,7,8,3
AC3Placer,20,517,True,2.5216,3,1,0.9796,0.5,7.79,7,8,6
AC3Placer,20,518,True,2.0,2,0,1.9844,0.0,9.29,8,13,6
AC3Placer,20,519,True,2.5,2,0,0.4375,0.0,9.45,8,6,8
AC3Placer,20,520,True,2.5216,2,2,1.6327,0.2,7.66,7,9,9
AC3Placer,20,521,True,2.1281,2,2,1.3469,0.0,7.72,7,9,2
AC3Placer,20,522,True,2.5216,2,0,1.3878,1.0,7.43,7,11,6
AC3Placer,20,523,True,2.5216,2,0,0.5714,1.0,7.35,7,7,5
AC3Placer,20,524,True,2.1281,2,2,0.6939,0.0,8.07,7,8,3
AC3Placer,20,525,True,2.5216,2,1,1.9592,0.0,7.91,7,10,3
AC3Placer,20,526,True,2.5216,2,1,1.3878,0.0,8.18,7,11,4
AC3Placer,20,527,True,2.5216,3,1,1.3469,0.0,8.07,7,9,4
AC3Placer,20,528,True,2.5216,2,0,0.8571,1.0,8.07,7,7,8
AC3Placer,20,529,True,2.5216,2,0,2.7755,0.0,8.2,7,12,2
AC3Placer,20,530,True,2.5216,3,1,3.3469,0.8,8.04,7,12,5
AC3Placer,20,531,True,2.5216,2,0,0.4082,0.5,8.07,7,6,7
AC3Placer,20,532,True,2.5216,2,0,0.6939,0.0,8.11,7,6,2
AC3Placer,20,533,True,2.4056,2,2,2.2344,0.0,9.57,8,11,2
AC3Placer,20,534,True,2.5,2,0,0.6094,0.0,9.71,8,7,2
AC3Placer,20,535,True,2.5216,3,1,0.5714,0.0,8.0,7,7,3
AC3Placer,20,536,True,2.1281,2,0,1.9592,0.0,8.15,7,10,1
AC3Placer,20,537,True,2.5216,2,2,1.9184,0.5,8.21,7,9,3
AC3Placer,20,538,True,2.5216,3,1,0.9796,0.5,8.19,7,8,5
AC3Placer,20,539,True,2.5216,3,1,1.9592,1.0,8.13,7,10,4
AC3Placer,20,540,True,2.1281,2,0,2.4898,1.0,7.83,7,12,6
AC3Placer,20,541,True,2.4056,3,1,1.2344,0.0,8.95,8,11,4
AC3Placer,20,542,True,2.5216,2,2,1.0612,-0.5,8.02,7,9,7
AC3Placer,20,543,True,2.5216,2,0,2.5306,1.0,7.61,7,11,6
AC3Placer,20,544,True,2.5216,2,0,0.5714,0.0,8.25,7,7,3
AC3Placer,20,545,True,2.5,3,1,0.2344,1.0,9.45,8,5,4
AC3Placer,20,546,True,2.1281,3,1,1.3469,0.5,8.11,7,9,7
AC3Placer,20,547,True,2.4056,2,0,1.0,0.0,9.41,8,12,3
AC3Placer,20,548,True,2.5216,2,0,1.2653,1.0,7.79,7,8,10
AC3Placer,20,549,True,2.5216,2,2,0.5714,0.5,8.26,7,7,8
AC3Placer,20,550,True,2.5216,3,1,0.8571,1.0,8.09,7,7,6
AC3Placer,20,551,True,2.5216,2,2,0.8571,0.0,7.89,7,7,5
AC3Placer,20,552,True,2.5216,3,0,1.0612,0.0,7.68,7,9,8
AC3Placer,20,553,True,2.5216,2,1,2.5306,-0.5,8.2,7,11,5
AC3Placer,20,554,True,2.5,3,1,0.8594,0.4,8.74,8,7,6
AC3Placer,20,555,True,2.5216,3,0,1.6735,0.5,7.98,7,10,5
AC3Placer,20,556,True,2.5216,2,0,1.102,0.0,8.3,7,10,4
AC3Placer,20,557,True,2.2359,3,1,3.102,1.0,7.85,7,11,6
AC3Placer,20,558,True,2.5216,2,0,1.1429,0.5,8.11,7,7,4
AC3Placer,20,559,True,2.5216,2,2,1.3878,0.5,8.09,7,10,5
AC3Placer,20,560,True,2.5216,3,1,1.551,1.0,8.07,7,8,6
AC3Placer,20,561,True,2.5216,2,0,0.4898,0.0,8.16,7,5,3
AC3Placer,20,562,True,2.5216,2,0,1.0612,0.5,8.16,7,9,4
AC3Placer,20,563,True,2.5216,3,1,1.6735,-0.5,8.17,7,10,4
AC3Placer,20,564,True,2.4056,3,1,1.1094,0.4,9.33,8,9,5
AC3Placer,20,565,True,2.4056,2,2,2.4375,-0.5,9.15,8,10,4
AC3Placer,20,566,True,2.5216,2,2,0.9796,-0.5,8.34,7,8,3
AC3Placer,20,567,True,2.5216,2,1,0.6939,0.0,8.25,7,8,5
AC3Placer,20,568,True,2.1281,2,0,1.0612,1.0,8.16,7,9,5
AC3Placer,20,569,True,2.1281,2,2,1.0612,0.5,7.87,7,9,7
AC3Placer,20,570,True,2.5,2,0,0.3594,1.0,9.51,8,7,3
AC3Placer,20,571,True,2.2359,2,0,0.8571,0.5,8.15,7,7,10
AC3Placer,20,572,True,2.1281,2,0,1.0612,1.0,8.25,7,9,5
AC3Placer,20,573,True,2.5216,2,0,1.6735,0.0,7.42,7,11,2
AC3Placer,20,574,True,2.1281,2,1,1.9592,1.0,7.88,7,11,6
AC3Placer,20,575,True,2.1281,2,1,0.5714,1.0,7.97,7,7,3
AC3Placer,20,576,True,2.4056,2,1,2.5,1.0,9.26,8,12,4
AC3Placer,20,577,True,2.4056,2,2,0.9375,0.0,9.19,8,10,7
AC3Placer,20,578,True,2.1281,3,0,1.9184,0.0,8.13,7,12,3
AC3Placer,20,579,True,2.5216,3,0,1.3878,1.0,8.33,7,10,4
AC3Placer,20,580,True,2.5216,2,0,1.9592,0.0,8.06,7,11,2
AC3Placer,20,581,True,2.5216,2,0,1.6735,1.0,8.04,7,11,4
AC3Placer,20,582,True,2.5216,2,0,0.4082,0.0,8.07,7,6,7
AC3Placer,20,583,True,2.5216,2,2,0.9796,0.5,7.58,7,8,6
AC3Placer,20,584,True,2.5216,2,0,1.6327,0.0,7.92,7,9,6
AC3Placer,20,585,True,2.1281,2,0,1.0612,0.0,7.72,7,9,3
AC3Placer,20,586,True,2.5216,3,0,1.2653,0.0,8.09,7,8,6
AC3Placer,20,587,True,2.5,3,1,1.3594,1.0,9.41,8,9,6
AC3Placer,20,588,True,2.5216,2,0,1.6327,1.0,8.0,7,9,7
AC3Placer,20,589,True,2.5216,3,1,0.5714,0.0,7.37,7,7,2
AC3Placer,20,590,True,2.1281,2,0,2.8163,0.0,7.82,7,11,4
AC3Placer,20,591,True,2.5216,2,0,1.1429,0.0,8.06,7,7,4
AC3Placer,20,592,True,2.5216,2,0,2.2041,0.0,8.01,7,12,3
AC3Placer,20,593,True,2.4056,3,1,0.5,0.0,9.73,8,8,3
AC3Placer,20,594,True,2.2359,2,0,1.551,1.0,8.08,7,8,9
AC3Placer,20,595,True,2.5,3,1,1.0,-1.0,9.52,8,8,6
AC3Placer,20,596,True,2.2359,3,1,1.551,1.0,7.82,7,8,10
AC3Placer,20,597,True,2.1281,2,0,1.102,0.0,8.2,7,10,2
AC3Placer,20,598,True,2.5216,3,1,1.2653,0.0,8.22,7,8,2
AC3Placer,20,599,True,2.5,2,1,1.1094,0.5,9.65,8,7,3
AC3Placer,20,600,True,2.5,3,0,0.8594,1.0,9.07,8,9,3
AC3Placer,20,601,True,2.5216,2,0,0.6939,0.0,7.99,7,8,3
AC3Placer,20,602,True,2.4056,2,0,0.6094,0.0,9.37,8,9,4
AC3Placer,20,603,True,2.5216,2,0,1.2653,0.0,8.19,7,8,2
AC3Placer,20,604,True,1.6645,2,1,1.8367,0.0,8.52,7,13,3
AC3Placer,20,605,True,2.5216,3,1,0.6939,0.0,8.11,7,8,5
AC3Placer,20,606,True,2.4056,3,1,1.3594,0.0,9.35,8,9,4
AC3Placer,20,607,True,2.5216,2,0,1.6735,1.0,8.06,7,10,9
AC3Placer,20,608,True,2.1281,3,1,2.1224,0.5,7.75,7,13,3
AC3Placer,20,609,True,2.2359,2,0,1.8367,1.0,8.11,7,8,5
AC3Placer,20,610,True,2.1281,2,0,0.7755,0.0,8.04,7,9,1
AC3Placer,20,611,True,2.5,2,0,0.4375,0.0,9.29,8,6,2
AC3Placer,20,612,True,2.5216,2,0,1.9592,0.0,8.09,7,11,3
AC3Placer,20,613,True,2.5216,3,0,0.9796,0.0,8.08,7,6,2
AC3Placer,20,614,True,2.2359,3,1,0.6939,1.0,7.93,7,6,6
AC3Placer,20,615,True,2.5216,2,1,1.9592,0.0,8.29,7,11,2
AC3Placer,20,616,True,2.5216,2,0,0.9796,0.0,8.0,7,8,2
AC3Placer,20,617,True,2.5,2,0,1.9375,1.0,9.46,8,10,4
AC3Placer,20,618,True,2.5216,2,0,1.3878,0.0,8.16,7,10,4
AC3Placer,20,619,True,2.2359,2,0,1.1429,0.0,7.39,7,7,6
AC3Placer,20,620,True,2.5216,2,1,1.3878,0.0,8.27,7,10,5
AC3Placer,20,621,True,2.1281,2,0,1.3878,0.0,8.03,7,11,3
AC3Placer,20,622,True,2.1281,3,1,0.9796,0.0,8.2,7,8,3
AC3Placer,20,623,True,2.5216,3,1,0.5714,0.0,8.05,7,7,5
AC3Placer,20,624,True,2.5216,2,1,1.6327,0.4,7.51,7,9,4
AC3Placer,20,625,True,2.1281,2,0,3.2653,1.0,7.9,7,13,4
AC3Placer,20,626,True,2.5216,3,0,0.6939,1.0,7.73,7,8,5
AC3Placer,20,627,True,2.5216,3,0,1.2653,0.5,8.17,7,8,7
AC3Placer,20,628,True,2.5216,2,2,1.6735,0.5,8.25,7,10,4
AC3Placer,20,629,True,2.5216,2,1,0.8571,0.0,8.19,7,7,5
AC3Placer,20,630,True,2.5216,2,2,2.1224,0.5,7.66,7,13,9
AC3Placer,20,631,True,2.5,3,1,1.6094,1.0,9.53,8,9,6
AC3Placer,20,632,True,2.5216,3,1,1.8367,0.5,7.83,7,8,6
AC3Placer,20,633,True,2.5,2,0,1.0,0.5,8.91,8,8,8
AC3Placer,20,634,True,2.5216,2,0,0.7755,1.0,8.15,7,9,5
AC3Placer,20,635,True,2.5216,2,0,1.3878,1.0,8.25,7,10,5
AC3Placer,20,636,True,2.1281,2,1,1.0612,0.5,7.93,7,9,4
AC3Placer,20,637,True,2.5216,3,1,0.9796,0.0,8.18,7,6,3
AC3Placer,20,638,True,2.4056,2,0,1.4375,0.5,9.52,8,10,4
AC3Placer,20,639,True,2.5216,2,0,0.8571,0.0,8.24,7,7,3
AC3Placer,20,640,True,2.5216,2,0,0.6939,0.0,8.3,7,8,4
AC3Placer,20,641,True,2.1281,2,0,1.3878,1.0,8.12,7,11,6
AC3Placer,20,642,True,2.1281,3,1,1.3878,0.0,7.67,7,11,6
AC3Placer,20,643,True,2.5216,2,1,1.1429,0.0,8.23,7,7,5
AC3Placer,20,644,True,2.5216,2,0,1.3878,0.0,8.25,7,11,3
AC3Placer,20,645,True,2.5216,3,1,3.102,0.0,7.94,7,11,4
AC3Placer,20,646,True,2.1281,2,0,1.3878,0.0,7.92,7,11,1
AC3Placer,20,647,True,2.5216,2,2,1.6735,0.0,8.22,7,10,2
AC3Placer,20,648,True,2.5,3,1,0.8594,1.0,9.7,8,7,4
AC3Placer,20,649,True,2.4056,3,1,2.2344,0.0,9.41,8,11,4
AC3Placer,20,650,True,2.1281,2,0,0.7755,0.0,8.07,7,9,2
AC3Placer,20,651,True,2.5216,2,0,1.6327,0.0,8.2,7,9,3
AC3Placer,20,652,True,2.5216,3,1,0.9796,0.0,7.93,7,6,2
AC3Placer,20,653,True,1.6645,2,1,0.7755,0.0,7.76,7,12,3
AC3Placer,20,654,True,2.5216,2,0,1.0612,0.0,7.94,7,9,4
AC3Placer,20,655,True,2.5216,2,0,1.3878,0.0,8.01,7,10,3
AC3Placer,20,656,True,2.2359,2,0,0.4898,0.0,7.76,7,5,5
AC3Placer,20,657,True,2.0,3,0,1.25,0.4,9.51,8,12,7
AC3Placer,20,658,True,2.5216,2,0,3.102,0.0,8.0,7,11,5
AC3Placer,20,659,True,2.5216,2,0,2.2449,0.0,7.81,7,10,6
AC3Placer,20,660,True,2.5216,2,0,1.3469,0.0,7.98,7,9,2
AC3Placer,20,661,True,2.5,2,0,1.4375,1.0,9.68,8,10,3
AC3Placer,20,662,True,2.5216,2,1,2.8163,0.0,8.13,7,11,3
AC3Placer,20,663,True,2.1281,2,1,3.2653,-1.0,7.22,7,13,7
AC3Placer,20,664,True,2.5216,2,0,1.9184,1.0,8.29,7,9,3
AC3Placer,20,665,True,2.5216,3,1,2.5306,1.0,8.26,7,11,5
AC3Placer,20,666,True,2.5216,3,1,1.0612,0.0,8.13,7,9,4
AC3Placer,20,667,True,2.1281,3,1,0.6939,0.0,8.2,7,8,2
AC3Placer,20,668,True,2.2359,2,0,1.8367,0.0,8.03,7,8,7
AC3Placer,20,669,True,2.5216,3,1,1.2653,1.0,8.01,7,8,4
AC3Placer,20,670,True,2.1281,3,1,1.6735,0.5,8.27,7,10,6
AC3Placer,20,671,True,2.5216,2,0,1.3878,1.0,8.07,7,11,6
AC3Placer,20,672,True,2.5216,2,0,1.6327,0.5,8.39,7,9,3
AC3Placer,20,673,True,2.5216,2,1,1.102,0.0,8.37,7,10,2
AC3Placer,20,674,True,2.5216,3,0,1.2653,0.0,7.95,7,8,4
AC3Placer,20,675,True,2.0,2,0,1.2344,0.0,9.86,8,11,1
AC3Placer,20,676,True,1.5488,3,1,0.6094,0.0,9.37,8,9,1
AC3Placer,20,677,True,2.5216,2,1,0.5714,0.0,8.0,7,7,6
AC3Placer,20,678,True,2.5,2,0,0.6094,1.0,9.69,8,9,5
AC3Placer,20,679,True,2.5216,2,1,0.9796,0.0,8.25,7,8,5
AC3Placer,20,680,True,1.6645,2,1,1.3469,0.0,8.05,7,12,2
AC3Placer,20,681,True,2.5,2,0,0.6875,0.5,9.16,8,10,4
AC3Placer,20,682,True,2.1281,3,1,2.1224,1.0,7.88,7,13,5
AC3Placer,20,683,True,2.2359,3,1,0.4898,0.0,8.24,7,5,8
AC3Placer,20,684,True,1.6645,3,1,1.2653,0.0,8.17,7,13,0
AC3Placer,20,685,True,2.5216,3,1,1.0612,0.0,8.03,7,9,7
AC3Placer,20,686,True,2.1281,2,0,0.9796,0.0,7.81,7,8,5
AC3Placer,20,687,True,2.5216,2,0,1.0612,0.0,7.91,7,9,2
AC3Placer,20,688,True,2.5,3,0,1.6094,-1.0,10.56,8,9,8
AC3Placer,20,689,True,2.4056,2,0,0.75,0.0,9.92,8,8,2
AC3Placer,20,690,True,2.5216,3,1,2.5306,0.4,9.84,7,10,6
AC3Placer,20,691,True,2.5216,2,1,2.5306,-0.4,8.32,7,11,11
AC3Placer,20,692,True,2.5216,2,0,0.9796,0.0,7.39,7,8,2
AC3Placer,20,693,True,2.5216,3,1,0.5714,1.0,7.84,7,7,5
AC3Placer,20,694,True,2.1281,2,1,1.0612,0.5,8.37,7,9,4
AC3Placer,20,695,True,2.1281,3,1,1.102,0.0,8.36,7,10,4
AC3Placer,20,696,True,2.5216,2,1,1.3878,0.0,8.15,7,10,5
AC3Placer,20,697,True,2.1281,2,0,1.6735,0.0,8.13,7,10,3
AC3Placer,20,698,True,2.5,3,0,1.1094,0.0,9.79,8,9,4
AC3Placer,20,699,True,2.2359,3,1,0.4898,0.8,7.31,7,5,9
AC3Placer,20,700,True,2.5216,2,0,2.6939,1.0,8.32,7,13,5
AC3Placer,20,701,True,2.2359,2,0,3.6735,1.0,8.27,7,11,4
AC3Placer,20,702,True,2.5216,2,1,1.102,0.5,7.71,7,10,3
AC3Placer,20,703,True,2.5216,2,1,1.0612,0.0,8.0,7,9,6
AC3Placer,20,704,True,2.4056,2,0,0.9844,0.0,9.3,8,11,5
AC3Placer,20,705,True,1.6645,3,1,2.4898,0.0,8.54,7,16,2
AC3Placer,20,706,True,2.5216,3,1,0.8571,0.0,8.04,7,7,2
AC3Placer,20,707,True,2.5216,3,1,0.5714,0.0,8.27,7,7,6
AC3Placer,20,708,True,2.1281,2,1,1.0612,1.0,8.16,7,9,6
AC3Placer,20,709,True,2.5216,2,0,1.0612,0.0,9.63,7,9,2
AC3Placer,20,710,True,2.5216,2,2,1.102,0.5,8.26,7,10,5
AC3Placer,20,711,True,2.5216,2,0,2.2449,-0.5,7.95,7,10,8
AC3Placer,20,712,True,2.5216,3,0,1.9592,0.0,8.22,7,10,2
AC3Placer,20,713,True,2.0,2,0,1.3594,0.0,9.9,8,9,2
AC3Placer,20,714,True,2.5,2,0,0.4844,0.5,9.55,8,5,7
AC3Placer,20,715,True,2.2359,2,0,0.6939,1.0,7.58,7,6,8
AC3Placer,20,716,True,2.5216,3,0,1.0612,0.0,9.81,7,9,5
AC3Placer,20,717,True,2.5216,3,0,1.102,0.0,10.98,7,10,5
AC3Placer,20,718,True,2.1281,2,0,1.3878,0.0,10.6,7,10,1
AC3Placer,20,719,True,2.1281,3,1,2.6939,0.1,8.55,7,13,11
AC3Placer,20,720,True,2.5216,2,1,1.6735,0.2,8.28,7,10,7
AC3Placer,20,721,True,2.1281,2,1,1.3878,0.0,8.55,7,10,2
AC3Placer,20,722,True,2.5216,2,1,1.9184,-1.0,8.39,7,12,4
AC3Placer,20,723,True,2.5216,2,1,1.3878,0.0,8.2,7,10,1
AC3Placer,20,724,True,2.5216,2,2,1.9184,0.5,8.07,7,12,8
AC3Placer,20,725,True,2.5216,3,1,0.7755,1.0,8.08,7,9,9
AC3Placer,20,726,True,2.5,3,1,0.1875,0.0,9.8,8,6,1
AC3Placer,20,727,True,2.5216,3,0,0.6939,1.0,8.37,7,6,5
AC3Placer,20,728,True,2.5216,3,1,1.551,0.0,8.22,7,8,3
AC3Placer,20,729,True,2.5,3,1,0.8594,0.0,9.88,8,7,2
AC3Placer,20,730,True,2.5216,2,1,1.6735,0.0,8.14,7,10,6
AC3Placer,20,731,True,2.5216,2,1,1.9592,0.2,8.21,7,11,6
AC3Placer,20,732,True,2.5216,2,0,0.2041,1.0,7.99,7,5,7
AC3Placer,20,733,True,2.5216,2,0,0.9796,1.0,8.01,7,8,6
AC3Placer,20,734,True,2.5216,3,1,0.5714,0.0,7.96,7,7,2
AC3Placer,20,735,True,2.5216,3,0,1.2653,0.5,8.25,7,8,6
AC3Placer,20,736,True,2.5216,3,1,2.4898,0.5,8.19,7,12,4
AC3Placer,20,737,True,2.5216,2,0,1.1429,1.0,8.47,7,7,6
AC3Placer,20,738,True,2.5216,2,0,0.6939,0.0,7.61,7,6,3
AC3Placer,20,739,True,2.5,3,0,0.6094,1.0,9.39,8,7,5
AC3Placer,20,740,True,2.2359,2,0,1.8367,0.0,7.91,7,8,10
AC3Placer,20,741,True,2.1281,2,0,1.3469,0.0,8.06,7,9,3
AC3Placer,20,742,True,2.5216,2,0,1.1429,0.5,8.26,7,7,6
AC3Placer,20,743,True,2.5216,3,1,0.8571,0.0,8.23,7,7,1
AC3Placer,20,744,True,2.5216,3,1,0.6939,0.0,7.97,7,8,6
AC3Placer,20,745,True,2.5216,2,1,0.6939,0.0,8.02,7,6,3
AC3Placer,20,746,True,2.2359,2,0,1.9184,1.0,7.36,7,9,11
AC3Placer,20,747,True,2.1281,2,0,0.9796,0.0,7.86,7,8,3
AC3Placer,20,748,True,2.0,2,2,1.2344,1.0,9.6,8,11,4
AC3Placer,20,749,True,2.4056,2,2,0.1875,0.0,8.8,8,6,3
AC3Placer,20,750,True,2.5216,2,0,0.9796,0.0,8.26,7,8,3
AC3Placer,20,751,True,2.5216,2,0,1.3878,0.8,8.14,7,10,5
AC3Placer,20,752,True,2.5,3,1,1.6094,-0.5,9.13,8,9,3
AC3Placer,20,753,True,2.5,3,1,1.7344,-0.5,9.41,8,13,4
AC3Placer,20,754,True,2.2359,2,0,0.4898,0.0,8.0,7,5,11
AC3Placer,20,755,True,2.5,2,1,1.4844,0.0,9.74,8,11,2
AC3Placer,20,756,True,2.5216,2,0,1.0612,0.0,8.14,7,9,4
AC3Placer,20,757,True,2.5216,2,2,2.1224,0.2,8.1,7,13,7
AC3Placer,20,758,True,2.1281,3,1,0.9796,0.0,8.27,7,8,3
AC3Placer,20,759,True,2.5216,2,2,0.6939,0.0,8.39,7,6,4
AC3Placer,20,760,True,2.5,2,1,2.4844,0.2,9.89,8,13,7
AC3Placer,20,761,True,2.1281,2,1,3.8367,0.5,8.35,7,15,4
AC3Placer,20,762,True,2.5,3,1,0.6094,1.0,11.98,8,7,4
AC3Placer,20,763,True,2.5,2,0,1.75,1.0,9.41,8,12,5
AC3Placer,20,764,True,2.5216,2,0,0.9796,0.0,8.07,7,6,2
AC3Placer,20,765,True,2.5216,2,0,1.3878,0.0,8.7,7,11,2
AC3Placer,20,766,True,2.4056,3,1,1.3594,0.0,9.62,8,9,3
AC3Placer,20,767,True,2.5216,2,1,0.9796,-1.0,8.28,7,8,8
AC3Placer,20,768,True,2.5216,2,1,1.9184,-0.5,8.26,7,12,5
AC3Placer,20,769,True,2.5216,2,0,1.9184,0.0,8.04,7,12,3
AC3Placer,20,770,True,2.2359,3,1,1.2653,1.0,8.14,7,8,11
AC3Placer,20,771,True,2.5216,3,1,1.3878,0.0,8.44,7,11,4
AC3Placer,20,772,True,2.5216,3,1,1.6327,0.0,8.45,7,9,2
AC3Placer,20,773,True,2.1281,2,0,2.2041,1.0,8.12,7,12,4
AC3Placer,20,774,True,2.5216,3,0,0.6939,0.0,8.33,7,8,5
AC3Placer,20,775,True,2.5216,3,1,1.1429,1.0,8.16,7,7,7
AC3Placer,20,776,True,2.5216,2,2,0.8571,-1.0,8.34,7,7,5
AC3Placer,20,777,True,2.1281,2,0,0.7755,1.0,11.16,7,9,8
AC3Placer,20,778,True,2.4056,2,0,1.25,0.0,11.9,8,12,2
AC3Placer,20,779,True,2.5216,2,1,0.9796,0.0,12.1,7,8,6
AC3Placer,20,780,True,2.5,3,1,1.0,0.0,11.7,8,8,4
AC3Placer,20,781,True,2.5216,2,2,1.1429,0.0,10.33,7,7,7
AC3Placer,20,782,True,1.5488,3,1,1.4375,0.0,10.01,8,14,1
AC3Placer,20,783,True,2.5216,2,0,1.3878,0.0,8.35,7,11,6
AC3Placer,20,784,True,2.1281,3,0,3.2653,0.8,7.81,7,15,5
AC3Placer,20,785,True,2.5216,2,1,1.3878,0.4,7.88,7,10,6
AC3Placer,20,786,True,2.5216,3,0,0.9796,0.0,7.94,7,8,4
AC3Placer,20,787,True,2.5216,3,0,2.4898,0.8,8.23,7,9,7
AC3Placer,20,788,True,2.5,2,0,0.4375,0.0,9.29,8,6,1
AC3Placer,20,789,True,2.1281,3,0,0.4082,0.0,7.76,7,6,5
AC3Placer,20,790,True,2.5216,3,1,1.6327,0.0,8.26,7,9,5
AC3Placer,20,791,True,2.5,3,0,0.4844,1.0,9.68,8,5,9
AC3Placer,20,792,True,2.5216,2,0,2.2041,0.5,8.34,7,9,4
AC3Placer,20,793,True,2.5216,2,2,2.5306,0.0,8.03,7,10,6
AC3Placer,20,794,True,2.1281,2,0,1.6735,0.0,8.15,7,10,3
AC3Placer,20,795,True,2.5,2,0,0.9375,0.0,9.71,8,10,4
AC3Placer,20,796,True,2.1281,2,0,1.9184,1.0,7.95,7,12,7
AC3Placer,20,797,True,2.1281,2,1,1.3878,0.0,8.27,7,11,4
AC3Placer,20,798,True,2.5216,2,1,1.0612,0.0,7.92,7,9,4
AC3Placer,20,799,True,2.5216,3,1,0.4898,0.0,7.96,7,5,2
AC3Placer,20,800,True,2.1281,2,0,0.9796,0.0,7.68,7,8,6
AC3Placer,20,801,True,2.5,2,1,0.75,0.4,9.83,8,8,4
AC3Placer,20,802,True,2.1281,2,0,1.102,0.0,8.41,7,10,2
AC3Placer,20,803,True,2.5216,2,0,0.5714,1.0,8.38,7,7,4
AC3Placer,20,804,True,2.5216,3,1,1.6327,1.0,7.9,7,9,6
AC3Placer,20,805,True,2.5216,3,1,1.6327,0.5,8.22,7,9,4
AC3Placer,20,806,True,2.5216,2,0,1.0612,0.0,7.64,7,9,2
AC3Placer,20,807,True,2.5216,3,1,1.9184,0.0,8.02,7,12,2
AC3Placer,20,808,True,2.5,3,1,0.3594,0.0,9.24,8,7,2
AC3Placer,20,809,True,2.5216,3,1,2.5306,0.0,8.08,7,11,3
AC3Placer,20,810,True,2.5216,2,2,2.2449,0.0,8.29,7,10,4
AC3Placer,20,811,True,2.5216,2,0,0.6939,0.0,8.16,7,6,4
AC3Placer,20,812,True,2.1281,3,1,3.3469,1.0,7.99,7,16,6
AC3Placer,20,813,True,2.5216,2,2,0.4898,0.0,8.3,7,5,2
AC3Placer,20,814,True,2.5216,2,0,0.9796,0.0,7.92,7,6,7
AC3Placer,20,815,True,2.5216,3,1,2.2449,-1.0,8.24,7,10,6
AC3Placer,20,816,True,2.1281,3,0,2.6939,0.5,8.03,7,13,8
AC3Placer,20,817,True,2.4056,3,1,0.6094,0.0,9.79,8,9,3
AC3Placer,20,818,True,2.5,2,1,0.25,0.5,9.78,8,4,3
AC3Placer,20,819,True,2.5216,3,1,1.6327,0.4,7.92,7,9,7
AC3Placer,20,820,True,2.5216,3,1,1.9592,1.0,8.29,7,11,5
AC3Placer,20,821,True,2.5216,2,0,0.5714,0.0,7.92,7,7,5
AC3Placer,20,822,True,2.5216,2,1,0.6939,0.0,8.06,7,8,3
AC3Placer,20,823,True,2.5216,3,1,1.0612,0.0,8.14,7,9,3
AC3Placer,20,824,True,2.2359,3,1,2.2449,0.0,8.4,7,10,4
AC3Placer,20,825,True,2.2359,3,1,0.9796,0.0,8.3,7,6,5
AC3Placer,20,826,True,2.5216,2,0,0.6939,1.0,8.33,7,6,5
AC3Placer,20,827,True,2.5216,3,1,1.6327,0.5,7.86,7,9,7
AC3Placer,20,828,True,2.5216,2,0,0.6939,0.8,7.96,7,6,4
AC3Placer,20,829,True,2.5216,3,1,1.9592,0.5,7.77,7,11,4
AC3Placer,20,830,True,2.5216,2,0,0.6939,1.0,8.08,7,8,4
AC3Placer,20,831,True,2.2359,2,0,1.1429,0.8,8.05,7,7,7
AC3Placer,20,832,True,2.5216,2,0,1.6735,0.0,8.04,7,11,3
AC3Placer,20,833,True,2.4056,3,1,2.4844,-1.0,9.67,8,11,5
AC3Placer,20,834,True,2.5216,3,0,2.1224,0.5,7.99,7,13,6
AC3Placer,20,835,True,2.0,2,0,1.2344,0.0,9.66,8,11,3
AC3Placer,20,836,True,2.5216,3,0,0.5714,1.0,8.16,7,7,3
AC3Placer,20,837,True,2.5216,2,0,1.6735,0.0,7.72,7,10,4
AC3Placer,20,838,True,2.0,2,2,0.9844,0.0,9.56,8,11,4
AC3Placer,20,839,True,2.5216,2,0,1.6735,0.0,7.91,7,10,4
AC3Placer,20,840,True,2.4056,2,0,2.0,1.0,9.34,8,12,4
AC3Placer,20,841,True,1.6645,2,1,0.8163,0.0,8.04,7,10,3
AC3Placer,20,842,True,2.5216,2,0,0.4898,0.0,8.3,7,5,6
AC3Placer,20,843,True,2.1281,2,0,1.3878,1.0,8.04,7,11,11
AC3Placer,20,844,True,1.6645,2,1,1.7143,0.0,8.4,7,14,2
AC3Placer,20,845,True,2.5216,3,1,1.0612,0.0,7.97,7,9,4
AC3Placer,20,846,True,2.5216,2,2,1.0612,0.0,8.17,7,9,4
AC3Placer,20,847,True,2.1281,2,0,1.6735,0.8,8.17,7,11,4
AC3Placer,20,848,True,2.5216,3,1,0.6939,0.0,8.01,7,6,7
AC3Placer,20,849,True,2.5216,3,0,0.5714,0.5,7.86,7,7,4
AC3Placer,20,850,True,2.5216,3,1,1.8367,-1.0,8.2,7,8,4
AC3Placer,20,851,True,2.5216,2,0,0.6939,1.0,8.27,7,6,5
AC3Placer,20,852,True,2.1281,2,0,1.9184,1.0,8.23,7,12,3
AC3Placer,20,853,True,2.5,2,0,1.1094,0.0,9.54,8,7,3
AC3Placer,20,854,True,2.5,3,1,0.6094,0.0,9.66,8,7,3
AC3Placer,20,855,True,2.5216,3,0,1.9592,0.8,7.97,7,10,6
AC3Placer,20,856,True,2.5216,3,1,1.9184,0.5,8.19,7,12,7
AC3Placer,20,857,True,2.5216,2,2,0.2041,0.0,8.47,7,5,3
AC3Placer,20,858,True,2.5,2,1,0.4844,0.4,9.21,8,5,5
AC3Placer,20,859,True,2.5216,2,0,2.2041,0.0,8.22,7,12,2
AC3Placer,20,860,True,2.1281,2,1,1.551,0.0,7.62,7,8,6
AC3Placer,20,861,True,2.5216,3,0,0.9796,0.5,8.14,7,6,5
AC3Placer,20,862,True,2.5216,3,0,0.9796,0.0,8.21,7,8,7
AC3Placer,20,863,True,2.2359,3,1,0.9796,1.0,8.1,7,6,6
AC3Placer,20,864,True,2.2359,2,0,1.2653,0.0,7.93,7,8,10
AC3Placer,20,865,True,2.5216,3,0,1.0612,0.0,8.17,7,9,5
AC3Placer,20,866,True,2.5216,2,1,2.5306,0.5,8.07,7,11,9
AC3Placer,20,867,True,2.5216,3,1,3.102,0.2,7.94,7,10,8
AC3Placer,20,868,True,2.5,2,0,1.7344,0.5,9.92,8,13,6
AC3Placer,20,869,True,2.2359,3,1,1.2653,1.0,8.13,7,8,4
AC3Placer,20,870,True,2.5216,2,1,2.4898,0.1,7.89,7,12,10
AC3Placer,20,871,True,2.1281,3,1,2.1224,0.0,8.13,7,13,2
AC3Placer,20,872,True,2.5216,2,0,0.5714,0.0,8.38,7,7,3
AC3Placer,20,873,True,2.1281,3,1,1.9184,1.0,7.89,7,12,5
AC3Placer,20,874,True,2.5,2,0,1.0,0.5,9.61,8,8,5
AC3Placer,20,875,True,2.4056,2,1,1.4375,0.5,9.76,8,10,4
AC3Placer,20,876,True,2.2359,3,1,0.4898,0.0,8.2,7,5,2
AC3Placer,20,877,True,2.1281,2,0,3.9592,0.8,8.09,7,17,7
AC3Placer,20,878,True,2.5216,2,0,0.4082,0.0,7.96,7,6,6
AC3Placer,20,879,True,2.5216,3,1,4.1224,0.1,7.88,7,15,10
AC3Placer,20,880,True,2.5216,2,0,1.102,0.0,8.05,7,10,4
AC3Placer,20,881,True,2.5216,3,1,2.2041,1.0,7.78,7,12,7
AC3Placer,20,882,True,2.1281,2,1,0.9796,0.0,8.11,7,8,7
AC3Placer,20,883,True,2.4056,2,0,1.1875,1.0,9.6,8,10,6
AC3Placer,20,884,True,2.5216,3,0,0.6939,0.0,8.23,7,8,8
AC3Placer,20,885,True,2.5216,2,2,0.5714,0.0,8.34,7,7,1
AC3Placer,20,886,True,2.5216,2,1,0.9796,0.0,8.22,7,8,2
AC3Placer,20,887,True,2.5216,2,1,2.5306,0.0,8.04,7,11,6
AC3Placer,20,888,True,2.0,3,1,1.4844,1.0,8.9,8,11,4
AC3Placer,20,889,True,2.2359,3,1,1.1429,1.0,7.85,7,7,6
AC3Placer,20,890,True,2.5216,3,0,4.4082,1.0,7.84,7,13,5
AC3Placer,20,891,True,2.5216,2,0,0.2041,0.5,8.12,7,5,5
AC3Placer,20,892,True,2.2359,2,0,0.6939,0.0,8.35,7,6,3
AC3Placer,20,893,True,2.5216,2,2,1.0612,0.0,8.23,7,9,2
AC3Placer,20,894,True,2.5216,2,0,1.3878,0.0,8.27,7,10,4
AC3Placer,20,895,True,2.5216,2,1,1.3878,0.0,7.73,7,11,4
AC3Placer,20,896,True,2.5216,2,1,1.2653,0.0,8.16,7,8,1
AC3Placer,20,897,True,2.1281,2,0,0.6939,0.0,7.52,7,8,6
AC3Placer,20,898,True,2.5,2,0,0.6094,0.0,8.98,8,7,5
AC3Placer,20,899,True,2.1281,3,1,1.9592,0.0,8.06,7,11,3
AC3Placer,20,900,True,2.5,2,0,1.25,0.0,9.52,8,8,4
AC3Placer,20,901,True,2.5216,2,2,1.9592,0.0,7.63,7,10,8
AC3Placer,20,902,True,2.2359,3,1,1.8367,1.0,8.22,7,8,5
AC3Placer,20,903,True,2.5216,2,0,2.7755,0.8,8.14,7,9,4
AC3Placer,20,904,True,2.5216,2,2,0.6939,0.0,8.06,7,8,8
AC3Placer,20,905,True,2.5,3,0,0.3594,0.0,9.17,8,7,5
AC3Placer,20,906,True,2.1281,2,1,1.102,0.0,8.3,7,10,3
AC3Placer,20,907,True,2.5216,2,2,0.9796,0.2,7.95,7,8,4
AC3Placer,20,908,True,2.1281,2,1,1.9184,-1.0,8.06,7,12,4
AC3Placer,20,909,True,2.5216,2,0,1.6735,0.0,7.82,7,10,3
AC3Placer,20,910,True,2.5216,2,2,1.3878,0.0,7.9,7,10,3
AC3Placer,20,911,True,2.2359,2,0,1.2653,1.0,8.28,7,8,7
AC3Placer,20,912,True,2.5216,2,0,1.8367,0.0,8.28,7,8,3
AC3Placer,20,913,True,2.1281,2,0,1.102,1.0,7.66,7,10,7
AC3Placer,20,914,True,2.5216,2,1,1.0612,0.0,7.97,7,9,4
AC3Placer,20,915,True,2.4056,2,0,0.5,0.0,9.7,8,8,2
AC3Placer,20,916,True,2.1281,2,0,1.3878,1.0,7.85,7,10,7
AC3Placer,20,917,True,2.5216,2,2,1.2653,0.5,8.09,7,8,5
AC3Placer,20,918,True,2.5216,2,0,0.6939,0.0,8.17,7,6,3
AC3Placer,20,919,True,2.2359,2,0,0.6939,1.0,8.1,7,6,4
AC3Placer,20,920,True,2.5216,2,0,0.8571,0.0,7.85,7,7,2
AC3Placer,20,921,True,2.5,3,0,0.8594,1.0,9.63,8,7,5
AC3Placer,20,922,True,2.5216,3,1,1.9184,1.0,8.01,7,12,6
AC3Placer,20,923,True,2.5216,2,0,0.4898,0.0,8.31,7,5,2
AC3Placer,20,924,True,2.5,3,1,0.3594,0.5,9.4,8,7,5
AC3Placer,20,925,True,2.5216,2,2,0.6939,0.0,8.17,7,8,7
AC3Placer,20,926,True,2.5216,2,0,0.9796,0.8,7.92,7,6,4
AC3Placer,20,927,True,2.5216,2,1,1.6327,0.4,8.1,7,9,6
AC3Placer,20,928,True,2.5216,3,1,0.6939,0.0,7.98,7,6,6
AC3Placer,20,929,True,2.1281,2,0,1.6327,0.0,8.02,7,9,3
AC3Placer,20,930,True,2.1281,3,1,1.6735,0.5,8.09,7,10,7
AC3Placer,20,931,True,2.5216,3,0,1.551,0.4,8.14,7,8,6
AC3Placer,20,932,True,2.2359,3,1,1.8367,1.0,7.94,7,8,9
AC3Placer,20,933,True,2.5216,3,1,1.6735,0.4,7.89,7,11,9
AC3Placer,20,934,True,2.5216,3,1,2.8571,0.5,8.08,7,14,3
AC3Placer,20,935,True,2.5216,2,1,2.2041,0.0,8.14,7,9,3
AC3Placer,20,936,True,2.5216,2,0,1.0612,0.0,7.63,7,9,8
AC3Placer,20,937,True,2.2359,2,0,1.9184,1.0,7.91,7,9,8
AC3Placer,20,938,True,2.4056,2,0,1.0,0.0,9.69,8,8,2
AC3Placer,20,939,True,2.5216,2,1,1.0612,0.0,8.26,7,9,2
AC3Placer,20,940,True,2.5216,2,0,0.5714,0.0,7.87,7,7,1
AC3Placer,20,941,True,2.1281,3,1,1.9592,0.0,8.19,7,11,2
AC3Placer,20,942,True,2.5216,3,1,1.6735,0.0,7.83,7,10,6
AC3Placer,20,943,True,2.5216,2,1,0.9796,0.0,7.68,7,8,6
AC3Placer,20,944,True,2.5216,2,1,0.8571,0.5,8.03,7,7,9
AC3Placer,20,945,True,2.5216,2,0,0.5714,0.0,7.7,7,7,1
AC3Placer,20,946,True,2.1281,3,1,0.9796,0.0,8.08,7,8,2
AC3Placer,20,947,True,2.5,3,0,1.9375,0.7,9.1,8,14,6
AC3Placer,20,948,True,2.5216,3,1,2.2041,0.0,8.09,7,9,3
AC3Placer,20,949,True,1.5488,2,1,0.6094,0.0,9.56,8,9,1
AC3Placer,20,950,True,2.5216,2,2,0.6939,0.0,8.37,7,6,3
AC3Placer,20,951,True,2.5216,3,1,0.4898,0.0,8.36,7,5,4
AC3Placer,20,952,True,2.2359,3,1,0.2449,1.0,8.34,7,4,5
AC3Placer,20,953,True,2.5216,2,0,0.8571,0.0,8.19,7,7,7
AC3Placer,20,954,True,2.5216,3,1,4.0,0.0,7.75,7,14,2
AC3Placer,20,955,True,2.5,2,0,1.4375,0.4,9.28,8,10,5
AC3Placer,20,956,True,2.1281,2,2,1.0612,0.0,8.26,7,9,4
AC3Placer,20,957,True,2.5216,3,1,2.2041,0.0,7.97,7,12,8
AC3Placer,20,958,True,2.5216,3,1,0.6939,0.0,7.88,7,8,7
AC3Placer,20,959,True,2.2359,2,0,1.1429,0.0,7.91,7,7,10
AC3Placer,20,960,True,2.1281,3,1,1.3878,0.0,8.27,7,11,3
AC3Placer,20,961,True,2.5216,2,2,0.5714,-1.0,7.61,7,7,9
AC3Placer,20,962,True,2.5216,2,1,1.3469,1.0,8.09,7,9,4
AC3Placer,20,963,True,2.5216,2,0,0.6939,0.0,8.16,7,8,3
AC3Placer,20,964,True,2.5216,2,0,1.2653,0.0,7.76,7,8,4
AC3Placer,20,965,True,2.0,2,0,0.9375,1.0,9.25,8,10,3
AC3Placer,20,966,True,1.6645,3,1,1.102,0.0,8.3,7,10,2
AC3Placer,20,967,True,2.2359,2,0,1.2653,0.0,8.17,7,8,7
AC3Placer,20,968,True,2.5216,2,1,0.6939,0.5,7.91,7,6,8
AC3Placer,20,969,True,2.5216,3,0,0.8571,0.0,8.27,7,7,2
AC3Placer,20,970,True,2.5216,3,0,0.8571,0.0,8.0,7,7,4
AC3Placer,20,971,True,2.2359,3,1,0.9796,0.0,8.14,7,6,4
AC3Placer,20,972,True,2.5216,2,1,1.3878,0.0,8.02,7,11,2
AC3Placer,20,973,True,2.1281,3,0,1.6735,0.5,8.29,7,10,7
AC3Placer,20,974,True,2.4056,2,0,0.6094,0.0,9.54,8,9,3
AC3Placer,20,975,True,2.5216,2,0,1.0612,0.0,8.22,7,9,3
AC3Placer,20,976,True,2.5,2,0,0.8594,1.0,8.9,8,7,3
AC3Placer,20,977,True,2.5216,3,0,0.4898,1.0,6.95,7,5,7
AC3Placer,20,978,True,2.5216,2,1,2.6939,0.0,8.06,7,13,6
AC3Placer,20,979,True,2.5216,3,1,2.4082,1.0,8.22,7,13,4
AC3Placer,20,980,True,2.5216,2,2,2.5306,0.4,8.04,7,11,5
AC3Placer,20,981,True,2.5216,2,1,0.6939,0.0,7.52,7,8,3
AC3Placer,20,982,True,2.4056,2,0,0.6094,0.0,9.69,8,9,2
AC3Placer,20,983,True,2.5216,2,0,1.3878,0.0,8.03,7,10,3
AC3Placer,20,984,True,2.4056,2,1,0.4375,0.0,9.01,8,6,5
AC3Placer,20,985,True,2.5,3,0,1.5,1.0,9.67,8,12,3
AC3Placer,20,986,True,2.5,2,0,0.5,0.0,9.1,8,8,5
AC3Placer,20,987,True,2.5216,2,0,1.1429,0.0,8.27,7,7,2
AC3Placer,20,988,True,2.5216,3,0,1.7143,-0.5,8.06,7,7,3
AC3Placer,20,989,True,2.1281,2,0,1.8367,0.0,7.82,7,13,2
AC3Placer,20,990,True,2.1281,2,0,1.6735,0.0,8.03,7,11,5
AC3Placer,20,991,True,2.5216,2,0,0.9796,0.5,7.84,7,6,8
AC3Placer,20,992,True,2.4056,2,2,0.8594,1.0,9.47,8,9,6
AC3Placer,20,993,True,2.5216,2,1,0.6939,0.5,7.98,7,8,4
AC3Placer,20,994,True,2.5216,2,0,0.5714,0.0,8.33,7,7,2
AC3Placer,20,995,True,2.1281,2,0,1.102,0.0,8.09,7,10,6
AC3Placer,20,996,True,2.5,2,0,0.5,1.0,9.55,8,8,4
AC3Placer,20,997,True,2.5216,2,0,0.6939,0.5,8.11,7,6,3
AC3Placer,20,998,True,2.5216,2,0,0.9796,0.0,8.1,7,8,3
AC3Placer,20,999,True,2.5216,3,1,0.9796,0.0,8.0,7,8,1
AC3Placer,30,0,True,2.0,2,0,2.3594,1.0,20.89,8,17,6
AC3Placer,30,1,True,2.4056,3,1,1.9375,0.4,21.12,8,14,8
AC3Placer,30,2,True,2.5216,2,1,0.6939,0.0,17.94,7,8,3
AC3Placer,30,3,True,2.5216,2,0,1.6735,0.5,16.82,7,10,10
AC3Placer,30,4,True,2.5,2,0,1.4375,0.5,19.06,8,10,10
AC3Placer,30,5,True,2.5,2,0,1.4375,1.0,20.71,8,10,9
AC3Placer,30,6,True,2.5,3,1,1.2344,0.0,20.22,8,11,8
AC3Placer,30,7,True,2.5,3,1,1.6094,1.0,22.14,8,9,5
AC3Placer,30,8,True,2.1556,2,0,1.8594,0.5,20.79,8,9,12
AC3Placer,30,9,True,2.5,2,0,0.75,1.0,21.52,8,8,4
AC3Placer,30,10,True,2.5,3,1,1.8594,1.0,19.22,8,9,6
AC3Placer,30,11,True,2.5,2,0,0.5,0.0,21.52,8,8,2
AC3Placer,30,12,True,2.4056,2,1,1.3594,0.2,20.29,8,9,8
AC3Placer,30,13,True,2.1556,3,1,2.9375,0.9,19.55,8,10,12
AC3Placer,30,14,True,2.1281,2,0,2.4082,0.5,18.1,7,13,7
AC3Placer,30,15,True,2.5216,3,1,0.5714,0.0,18.24,7,7,8
AC3Placer,30,16,True,2.4056,3,0,1.1094,0.4,22.91,8,9,10
AC3Placer,30,17,True,2.5,2,0,1.9844,1.0,21.49,8,13,5
AC3Placer,30,18,True,2.5,2,1,3.2344,-0.6,20.78,8,13,13
AC3Placer,30,19,True,2.4056,2,0,1.4844,0.8,20.93,8,13,9
AC3Placer,30,20,True,2.5,2,0,2.4375,0.5,19.85,8,10,16
AC3Placer,30,21,True,2.5,2,0,2.4844,1.0,22.0,8,11,5
AC3Placer,30,22,True,2.5,3,1,1.1875,0.6,20.56,8,10,9
AC3Placer,30,23,True,2.0,2,0,2.3594,1.0,20.8,8,15,6
AC3Placer,30,24,True,2.2359,2,0,1.9592,0.5,16.95,7,10,12
AC3Placer,30,25,True,2.4056,2,1,0.9844,-0.5,17.06,8,11,4
AC3Placer,30,26,True,2.5,3,1,1.9844,1.0,19.23,8,11,11
AC3Placer,30,27,True,2.4056,2,0,2.1094,-0.4,21.38,8,15,8
AC3Placer,30,28,True,2.5216,3,1,3.2653,0.5,17.46,7,15,8
AC3Placer,30,29,True,2.5,3,1,0.9375,1.0,21.69,8,10,9
AC3Placer,30,30,True,2.5,2,2,2.7344,0.4,18.73,8,11,8
AC3Placer,30,31,True,2.5,2,0,2.1875,1.0,18.35,8,10,13
AC3Placer,30,32,True,2.5,2,0,0.6094,0.8,21.44,8,7,4
AC3Placer,30,33,True,2.1281,2,0,0.8571,0.0,16.39,7,7,7
AC3Placer,30,34,True,2.5216,2,2,2.9796,0.4,17.76,7,13,9
AC3Placer,30,35,True,2.4056,3,1,1.1875,0.3,21.19,8,10,6
AC3Placer,30,36,True,2.5,2,0,0.9375,0.0,21.66,8,10,5
AC3Placer,30,37,True,2.1281,3,0,1.3469,1.0,16.21,7,9,7
AC3Placer,30,38,True,2.4056,2,0,1.6875,0.8,20.38,8,14,9
AC3Placer,30,39,True,2.5,2,0,1.75,1.0,20.11,8,8,10
AC3Placer,30,40,True,2.5216,3,1,1.9184,-0.2,17.85,7,12,8
AC3Placer,30,41,True,2.5,2,0,1.25,0.5,20.49,8,8,5
AC3Placer,30,42,True,2.5,2,0,1.1094,0.6,21.85,8,9,10
AC3Placer,30,43,True,2.0,2,0,2.25,0.0,20.72,8,12,5
AC3Placer,30,44,True,2.5216,3,1,1.551,0.8,17.54,7,8,9
AC3Placer,30,45,True,2.5,3,0,0.6875,0.0,22.01,8,10,1
AC3Placer,30,46,True,2.5,2,0,1.6875,0.8,21.49,8,10,7
AC3Placer,30,47,True,2.0,3,1,2.9375,0.9,21.13,8,18,13
AC3Placer,30,48,True,2.2359,3,1,1.2653,0.8,17.32,7,8,11
AC3Placer,30,49,True,2.5,3,0,1.0,0.8,21.92,8,12,11
AC3Placer,30,50,True,2.5,2,0,2.7344,1.0,20.88,8,13,11
AC3Placer,30,51,True,2.4056,3,1,0.8594,0.0,21.45,8,9,5
AC3Placer,30,52,True,2.5216,3,0,1.102,0.0,17.9,7,10,5
AC3Placer,30,53,True,2.5,2,0,1.1094,0.0,19.93,8,9,1
AC3Placer,30,54,True,2.0,2,2,1.8594,0.2,21.27,8,15,7
AC3Placer,30,55,True,2.5,2,2,1.4375,0.4,19.35,8,10,7
AC3Placer,30,56,True,2.5,3,1,0.8594,0.5,21.53,8,7,3
AC3Placer,30,57,True,2.0,2,1,2.9375,-0.4,19.97,8,18,9
AC3Placer,30,58,True,2.4056,3,1,0.9375,0.5,21.3,8,10,5
AC3Placer,30,59,True,2.5216,2,1,1.3878,0.0,18.91,7,10,2
AC3Placer,30,60,True,2.5,3,1,0.8594,1.0,21.62,8,9,3
AC3Placer,30,61,True,2.5216,3,1,1.3878,1.0,17.82,7,10,6
AC3Placer,30,62,True,2.4056,3,1,0.9844,1.0,21.05,8,11,9
AC3Placer,30,63,True,2.5,2,0,0.6875,0.5,20.48,8,6,7
AC3Placer,30,64,True,2.5,2,0,1.8594,1.0,21.72,8,9,6
AC3Placer,30,65,True,2.0,2,1,1.6875,-1.0,21.5,8,14,7
AC3Placer,30,66,True,2.4056,3,1,2.75,0.1,20.66,8,12,11
AC3Placer,30,67,True,1.5488,2,1,1.6094,0.5,21.55,8,17,5
AC3Placer,30,68,True,2.0,2,2,2.8594,0.4286,21.17,8,17,14
AC3Placer,30,69,True,2.0,2,1,3.0,-0.4,20.24,8,16,6
AC3Placer,30,70,True,2.5,3,1,2.1875,0.1,20.13,8,14,8
AC3Placer,30,71,True,2.5,2,0,2.0,1.0,19.08,8,12,4
AC3Placer,30,72,True,2.0,2,0,2.5,0.8,21.13,8,16,5
AC3Placer,30,73,True,2.5216,2,0,0.8571,0.0,18.08,7,7,3
AC3Placer,30,74,True,2.5,2,1,0.9844,0.3,20.61,8,11,6
AC3Placer,30,75,True,2.4056,2,1,2.25,0.4,22.91,8,12,5
AC3Placer,30,76,True,2.5,3,1,0.6094,-0.5,22.11,8,9,3
AC3Placer,30,77,True,2.5,3,1,1.4375,0.9,22.19,8,10,10
AC3Placer,30,78,True,2.1556,2,0,0.75,0.0,17.44,8,8,9
AC3Placer,30,79,True,2.5,2,0,1.4375,0.4,22.33,8,10,6
AC3Placer,30,80,True,2.4056,3,1,1.25,1.0,18.99,8,12,6
AC3Placer,30,81,True,2.5,2,0,1.1094,0.4,21.83,8,9,8
AC3Placer,30,82,True,2.5,2,1,1.1875,0.2,21.92,8,10,9
AC3Placer,30,83,True,2.5,2,0,1.8594,1.0,17.35,8,9,4
AC3Placer,30,84,True,2.4056,3,1,1.7344,0.2,21.27,8,11,6
AC3Placer,30,85,True,2.4056,3,0,2.8594,0.4,18.91,8,15,10
AC3Placer,30,86,True,2.5216,3,1,1.9184,0.4,16.96,7,9,9
AC3Placer,30,87,True,2.5,3,0,0.6094,1.0,20.14,8,9,5
AC3Placer,30,88,True,2.5,2,0,0.9375,1.0,21.25,8,10,8
AC3Placer,30,89,True,2.5216,3,1,0.6939,0.0,15.37,7,6,8
AC3Placer,30,90,True,1.5488,3,1,1.1875,0.0,20.43,8,14,2
AC3Placer,30,91,True,2.0,2,1,2.1094,-0.5,20.7,8,17,9
AC3Placer,30,92,True,2.5216,3,1,2.4898,0.0,14.88,7,12,6
AC3Placer,30,93,True,2.5,2,0,0.9844,0.0,22.03,8,11,5
AC3Placer,30,94,True,2.0,2,0,0.9844,1.0,20.26,8,11,4
AC3Placer,30,95,True,2.1556,2,0,1.6094,1.0,22.68,8,9,4
AC3Placer,30,96,True,2.5,3,0,2.5,0.0,17.77,8,12,3
AC3Placer,30,97,True,2.5,2,0,0.6875,1.0,18.45,8,10,5
AC3Placer,30,98,True,2.5,2,0,1.9844,0.0,21.97,8,11,5
AC3Placer,30,99,True,2.5,2,0,1.1875,0.0,21.03,8,10,3
AC3Placer,30,100,True,2.5,2,0,2.1875,1.0,21.8,8,10,5
AC3Placer,30,101,True,2.5,3,1,1.1094,0.8,21.0,8,9,9
AC3Placer,30,102,True,2.5,3,1,2.0,0.7,18.78,8,12,14
AC3Placer,30,103,True,2.5,2,0,1.4375,1.0,20.71,8,10,4
AC3Placer,30,104,True,2.5,2,0,1.6094,0.9,19.8,8,9,12
AC3Placer,30,105,True,2.5,2,2,2.75,0.5,21.17,8,12,6
AC3Placer,30,106,True,2.5,2,1,0.9375,-0.5,22.1,8,10,9
AC3Placer,30,107,True,2.4056,3,0,0.6094,0.5,22.28,8,9,3
AC3Placer,30,108,True,2.4056,3,0,2.5,0.0,18.23,8,16,9
AC3Placer,30,109,True,2.5,3,1,1.9844,-0.6,20.73,8,11,11
AC3Placer,30,110,True,2.0,2,0,2.75,1.0,19.92,8,16,6
AC3Placer,30,111,True,2.5,2,0,1.7344,1.0,21.54,8,13,7
AC3Placer,30,112,True,2.4056,2,0,2.25,0.8,21.13,8,16,7
AC3Placer,30,113,True,2.5,3,1,1.4375,1.0,20.55,8,10,5
AC3Placer,30,114,True,2.5,3,1,1.4375,1.0,21.81,8,10,14
AC3Placer,30,115,True,2.0,2,1,1.6875,0.3,19.98,8,14,8
AC3Placer,30,116,True,2.5216,2,0,1.8367,0.8,18.83,7,8,10
AC3Placer,30,117,True,2.5,3,1,2.9375,0.4,22.29,8,14,9
AC3Placer,30,118,True,2.4056,2,0,1.1875,0.1429,22.47,8,10,11
AC3Placer,30,119,True,2.5,3,0,0.6094,0.0,21.55,8,9,3
AC3Placer,30,120,True,2.4056,2,0,2.25,0.0,20.37,8,12,2
AC3Placer,30,121,True,2.5,2,1,0.4844,0.5,22.97,8,5,8
AC3Placer,30,122,True,2.5,3,1,0.6094,0.0,21.09,8,7,4
AC3Placer,30,123,True,2.0,2,0,1.25,0.8,19.65,8,12,9
AC3Placer,30,124,True,2.5216,3,1,1.6735,0.0,16.74,7,11,4
AC3Placer,30,125,True,2.5,2,0,1.1094,0.0,17.49,8,9,8
AC3Placer,30,126,True,2.5,3,1,0.9844,0.0,21.61,8,11,4
AC3Placer,30,127,True,2.5,2,1,1.2344,-1.0,20.88,8,11,9
AC3Placer,30,128,True,2.5,2,1,1.1094,-1.0,22.02,8,9,3
AC3Placer,30,129,True,2.5216,2,0,1.6735,1.0,18.25,7,11,9
AC3Placer,30,130,True,2.5,2,0,0.9844,0.0,22.35,8,11,5
AC3Placer,30,131,True,2.5216,3,1,2.7755,-1.0,18.92,7,12,8
AC3Placer,30,132,True,2.5,2,0,1.4375,0.7,21.84,8,10,10
AC3Placer,30,133,True,2.4056,2,0,2.0,1.0,21.1,8,12,5
AC3Placer,30,134,True,2.5,2,2,1.6094,0.0,21.31,8,9,3
AC3Placer,30,135,True,2.1281,2,0,1.6735,1.0,16.69,7,11,5
AC3Placer,30,136,True,2.5216,2,2,1.6735,0.2,17.57,7,10,12
AC3Placer,30,137,True,2.5,2,1,1.7344,-0.6,21.04,8,11,6
AC3Placer,30,138,True,2.5,2,0,3.2344,1.0,23.44,8,13,4
AC3Placer,30,139,True,2.5216,2,1,1.0612,0.0,19.18,7,9,5
AC3Placer,30,140,True,2.2359,2,0,1.2653,1.0,16.55,7,8,10
AC3Placer,30,141,True,2.5216,3,1,0.5714,0.0,15.34,7,7,3
AC3Placer,30,142,True,2.1281,2,2,0.4082,0.0,18.25,7,6,4
AC3Placer,30,143,True,2.5216,2,0,1.6735,0.5,17.11,7,11,6
AC3Placer,30,144,True,2.5,2,1,0.9844,0.0,21.14,8,11,4
AC3Placer,30,145,True,2.0,2,1,1.2344,1.0,21.57,8,11,7
AC3Placer,30,146,True,2.5216,2,1,1.6735,0.4,17.85,7,10,8
AC3Placer,30,147,True,2.4056,2,0,2.1094,0.5,22.51,8,15,3
AC3Placer,30,148,True,2.4056,2,0,1.1094,0.4,21.36,8,9,6
AC3Placer,30,149,True,2.5,2,0,1.25,1.0,21.88,8,8,7
AC3Placer,30,150,True,2.5,3,1,1.25,0.0,21.57,8,12,6
AC3Placer,30,151,True,2.1281,2,0,2.7755,0.0,17.17,7,12,3
AC3Placer,30,152,True,2.5,2,0,0.6094,0.0,25.74,8,7,8
AC3Placer,30,153,True,2.1281,3,1,3.2653,-0.5,17.64,7,15,8
AC3Placer,30,154,True,2.5,2,1,1.4375,0.0,20.1,8,10,4
AC3Placer,30,155,True,2.2359,2,0,1.9184,1.0,18.87,7,9,12
AC3Placer,30,156,True,2.5,2,0,1.1875,0.4,23.09,8,10,6
AC3Placer,30,157,True,2.5,2,1,0.6094,0.5,21.02,8,7,4
AC3Placer,30,158,True,2.4056,3,1,2.8594,1.0,23.44,8,15,6
AC3Placer,30,159,True,2.5,2,1,1.0,0.2,21.01,8,8,9
AC3Placer,30,160,True,2.4056,3,1,3.1094,1.0,20.73,8,15,9
AC3Placer,30,161,True,2.5,3,1,0.8594,0.0,18.91,8,9,5
AC3Placer,30,162,True,2.1281,2,1,0.8571,0.5,18.14,7,7,6
AC3Placer,30,163,True,2.5,2,0,1.4844,0.0,22.82,8,13,5
AC3Placer,30,164,True,2.0,3,1,2.2344,1.0,22.36,8,13,4
AC3Placer,30,165,True,2.5,2,1,2.1875,0.3,21.31,8,10,8
AC3Placer,30,166,True,2.5,3,0,1.0,0.0,19.51,8,8,6
AC3Placer,30,167,True,2.4056,2,0,1.1094,0.0,21.08,8,9,1
AC3Placer,30,168,True,2.5216,2,0,2.5306,0.8,18.39,7,11,10
AC3Placer,30,169,True,2.5,2,0,1.25,1.0,20.97,8,12,3
AC3Placer,30,170,True,2.5216,3,0,1.6327,-0.4,16.66,7,9,8
AC3Placer,30,171,True,2.1556,2,0,2.0,0.7,20.45,8,12,12
AC3Placer,30,172,True,2.0,2,1,2.8594,-0.8,20.28,8,17,11
AC3Placer,30,173,True,2.5,3,0,1.2344,0.8,21.62,8,11,10
AC3Placer,30,174,True,2.5,2,0,1.1875,0.5,21.49,8,10,8
AC3Placer,30,175,True,2.5216,2,0,1.6327,0.8,18.31,7,9,11
AC3Placer,30,176,True,2.4056,2,0,2.4375,1.0,21.37,8,14,7
AC3Placer,30,177,True,2.4056,2,1,1.4375,0.0,22.12,8,10,8
AC3Placer,30,178,True,2.5,3,1,0.6875,0.0,20.52,8,10,7
AC3Placer,30,179,True,2.5,3,1,0.75,0.0,21.78,8,8,4
AC3Placer,30,180,True,2.5216,3,1,2.7755,0.0,18.14,7,12,7
AC3Placer,30,181,True,2.5216,2,1,2.1224,-0.4,19.59,7,13,9
AC3Placer,30,182,True,2.5,2,1,3.7344,-1.0,21.54,8,13,8
AC3Placer,30,183,True,2.5,2,0,0.4375,0.5,20.39,8,6,7
AC3Placer,30,184,True,2.4056,2,0,1.4375,0.0,20.91,8,14,6
AC3Placer,30,185,True,2.1281,2,1,3.2653,0.4,19.05,7,15,11
AC3Placer,30,186,True,2.5,2,0,0.6875,0.0,20.48,8,6,6
AC3Placer,30,187,True,2.5,3,0,1.0,-0.4,19.36,8,8,12
AC3Placer,30,188,True,2.4056,2,1,1.4375,0.2,21.64,8,10,10
AC3Placer,30,189,True,2.5,2,0,1.3594,0.6,18.54,8,9,11
AC3Placer,30,190,True,2.5,2,0,2.25,0.4,21.31,8,12,12
AC3Placer,30,191,True,2.5,2,0,0.5,0.5,22.38,8,8,5
AC3Placer,30,192,True,2.0,3,1,3.4844,0.5,21.05,8,19,9
AC3Placer,30,193,True,2.5,2,1,1.4844,-0.5,21.54,8,11,3
AC3Placer,30,194,True,1.6645,3,1,1.4286,0.0,17.44,7,14,2
AC3Placer,30,195,True,2.5216,2,0,2.8571,0.6,16.93,7,14,12
AC3Placer,30,196,True,2.4056,2,0,2.25,0.5,22.48,8,12,5
AC3Placer,30,197,True,2.5,2,1,3.25,0.1,20.92,8,12,8
AC3Placer,30,198,True,2.5,3,1,1.1094,0.0,21.55,8,9,7
AC3Placer,30,199,True,2.4056,2,0,1.7344,1.0,21.5,8,13,6
AC3Placer,30,200,True,2.5,2,0,1.6875,1.0,20.6,8,10,7
AC3Placer,30,201,True,2.0,3,1,2.8594,0.0,22.13,8,17,8
AC3Placer,30,202,True,2.5,2,1,1.4375,0.4,16.82,8,10,6
AC3Placer,30,203,True,2.5,2,0,2.0,0.8857,19.01,8,12,11
AC3Placer,30,204,True,2.5216,2,0,2.2041,1.0,18.57,7,12,8
AC3Placer,30,205,True,2.2359,2,0,2.2449,0.8,16.92,7,10,11
AC3Placer,30,206,True,2.5,2,0,2.4844,0.0,21.39,8,11,4
AC3Placer,30,207,True,2.5,3,1,1.1094,1.0,21.46,8,7,7
AC3Placer,30,208,True,2.0,2,2,1.7344,-0.2,21.92,8,13,10
AC3Placer,30,209,True,2.5,2,0,0.9375,1.0,21.7,8,10,7
AC3Placer,30,210,True,2.5,2,0,1.4375,0.8,22.42,8,10,7
AC3Placer,30,211,True,2.4056,2,0,2.4375,0.7143,20.95,8,14,14
AC3Placer,30,212,True,2.2359,2,0,2.2449,0.5,18.15,7,10,6
AC3Placer,30,213,True,2.4056,2,0,0.8594,0.5,22.24,8,9,7
AC3Placer,30,214,True,2.5,3,1,2.1875,1.0,21.4,8,14,9
AC3Placer,30,215,True,2.5,3,0,2.4375,0.5,19.3,8,14,4
AC3Placer,30,216,True,2.5216,2,0,0.9796,0.0,19.25,7,6,3
AC3Placer,30,217,True,2.5,2,2,2.0,-0.5,24.09,8,12,7
AC3Placer,30,218,True,2.1281,3,0,1.3878,0.0,21.06,7,11,5
AC3Placer,30,219,True,2.4056,2,1,1.7344,0.5,21.97,8,13,3
AC3Placer,30,220,True,2.0,3,0,2.3594,1.0,20.7,8,15,4
AC3Placer,30,221,True,2.4056,2,0,1.25,0.9,21.87,8,12,8
AC3Placer,30,222,True,2.5,2,1,1.2344,0.5,23.15,8,11,8
AC3Placer,30,223,True,2.5,3,1,1.9375,0.8,21.92,8,10,10
AC3Placer,30,224,True,2.5,2,1,0.9844,0.0,20.92,8,11,11
AC3Placer,30,225,True,2.5,3,0,2.75,0.0,21.13,8,12,6
AC3Placer,30,226,True,2.0,2,1,0.8594,0.0,21.6,8,9,5
AC3Placer,30,227,True,2.5,2,2,1.9375,0.0,22.14,8,10,5
AC3Placer,30,228,True,2.5,3,0,1.1875,0.9,20.99,8,10,10
AC3Placer,30,229,True,2.4056,2,0,1.7344,0.8,20.03,8,11,8
AC3Placer,30,230,True,2.4056,2,0,2.4375,1.0,19.85,8,10,7
AC3Placer,30,231,True,2.4056,2,1,1.4375,0.5,20.92,8,10,5
AC3Placer,30,232,True,2.5,2,1,2.9375,-0.0286,20.54,8,14,11
AC3Placer,30,233,True,2.2359,2,0,3.102,1.0,17.5,7,11,8
AC3Placer,30,234,True,2.1281,3,0,1.6327,0.0,18.81,7,12,8
AC3Placer,30,235,True,2.5,2,0,2.7344,0.7,20.72,8,11,11
AC3Placer,30,236,True,2.5,3,0,0.6094,0.5,20.86,8,7,4
AC3Placer,30,237,True,2.5,2,0,0.9375,1.0,21.72,8,10,3
AC3Placer,30,238,True,2.5,3,1,1.1094,0.8,20.7,8,9,15
AC3Placer,30,239,True,2.5,2,2,1.75,0.0,21.9,8,12,4
AC3Placer,30,240,True,2.5216,2,1,1.3878,-1.0,18.24,7,10,8
AC3Placer,30,241,True,2.4056,2,1,1.5,0.0,21.88,8,12,1
AC3Placer,30,242,True,2.5,3,1,1.4375,0.8,21.88,8,10,9
AC3Placer,30,243,True,2.5,3,1,2.6875,0.4,21.71,8,10,4
AC3Placer,30,244,True,2.5,2,1,1.4844,-0.8,23.88,8,11,7
AC3Placer,30,245,True,2.5,2,0,0.6094,0.0,21.71,8,7,2
AC3Placer,30,246,True,2.5,3,0,1.1875,1.0,22.44,8,10,9
AC3Placer,30,247,True,2.5,2,0,0.5,0.0,22.62,8,8,5
AC3Placer,30,248,True,2.4056,2,0,0.9844,1.0,18.79,8,11,5
AC3Placer,30,249,True,2.5216,2,1,0.6939,0.4,19.49,7,8,9
AC3Placer,30,250,True,2.5,2,0,0.7344,0.0,21.32,8,11,4
AC3Placer,30,251,True,2.5,2,1,3.5,0.0,20.45,8,12,3
AC3Placer,30,252,True,2.4056,3,1,3.8594,0.0,21.04,8,17,3
AC3Placer,30,253,True,2.5,2,1,2.4375,0.5,25.12,8,14,8
AC3Placer,30,254,True,2.0,2,0,2.1094,0.5,19.02,8,15,7
AC3Placer,30,255,True,2.1281,2,1,1.6735,0.8,18.24,7,11,9
AC3Placer,30,256,True,2.5,2,0,0.8594,0.0,22.62,8,9,3
AC3Placer,30,257,True,2.5,3,0,1.1094,1.0,25.06,8,9,6
AC3Placer,30,258,True,2.2359,2,0,3.102,0.9,17.12,7,11,12
AC3Placer,30,259,True,2.4056,2,0,1.0,0.4,21.25,8,8,10
AC3Placer,30,260,True,2.5,2,0,1.7344,0.8,21.6,8,13,6
AC3Placer,30,261,True,2.4056,2,1,2.75,-0.5,21.13,8,12,4
AC3Placer,30,262,True,2.1556,2,0,1.7344,1.0,20.62,8,11,10
AC3Placer,30,263,True,2.5,2,0,1.4844,0.0,20.71,8,11,3
AC3Placer,30,264,True,2.5,2,0,2.1875,0.7,21.27,8,10,7
AC3Placer,30,265,True,2.5,2,0,1.7344,0.5,21.5,8,13,8
AC3Placer,30,266,True,2.5216,2,2,2.4898,0.0,16.69,7,12,7
AC3Placer,30,267,True,2.5,2,0,1.0,0.5,31.51,8,12,4
AC3Placer,30,268,True,2.5,3,1,1.1094,1.0,29.0,8,9,5
AC3Placer,30,269,True,2.5216,2,0,1.1429,1.0,20.26,7,7,10
AC3Placer,30,270,True,2.4056,2,0,1.75,0.4,29.4,8,12,5
AC3Placer,30,271,True,2.4056,2,0,1.2344,1.0,29.19,8,13,5
AC3Placer,30,272,True,2.0,2,0,2.3594,0.7,30.97,8,17,10
AC3Placer,30,273,True,2.5,3,1,1.9375,0.8,19.52,8,10,6
AC3Placer,30,274,True,2.5,2,0,2.7344,0.4,21.55,8,13,11
AC3Placer,30,275,True,2.5216,3,1,0.8571,0.0,26.87,7,7,6
AC3Placer,30,276,True,2.4056,2,0,1.25,0.7,20.85,8,12,11
AC3Placer,30,277,True,2.5,2,0,1.2344,0.0,23.72,8,11,2
AC3Placer,30,278,True,2.5,3,1,2.3594,1.0,22.21,8,15,5
AC3Placer,30,279,True,2.5,2,0,1.1094,0.8,19.96,8,9,9
AC3Placer,30,280,True,2.5216,2,2,2.5306,1.0,17.84,7,10,6
AC3Placer,30,281,True,2.5,3,1,1.9844,-1.0,16.89,8,11,7
AC3Placer,30,282,True,2.5,3,0,1.5,0.7,19.53,8,12,8
AC3Placer,30,283,True,2.5216,2,0,1.9184,0.7,18.77,7,9,7
AC3Placer,30,284,True,2.5,3,1,2.2344,0.9,21.17,8,13,7
AC3Placer,30,285,True,2.4056,3,1,2.6875,-0.4,21.52,8,14,11
AC3Placer,30,286,True,2.5,2,1,1.6094,-0.5,22.19,8,9,4
AC3Placer,30,287,True,2.5,3,1,2.0,0.5,22.58,8,12,8
AC3Placer,30,288,True,2.5,3,0,2.4844,0.0,19.37,8,13,5
AC3Placer,30,289,True,2.5,2,0,1.4375,0.0,21.87,8,10,6
AC3Placer,30,290,True,2.5,3,0,1.1094,0.0,22.25,8,9,6
AC3Placer,30,291,True,2.5216,2,0,1.0612,1.0,18.71,7,9,4
AC3Placer,30,292,True,2.5,2,0,1.9844,1.0,19.55,8,13,5
AC3Placer,30,293,True,2.5,2,0,1.0,0.0,22.15,8,12,4
AC3Placer,30,294,True,2.4056,2,1,2.6875,-0.4,20.88,8,14,11
AC3Placer,30,295,True,2.5,2,0,0.6875,1.0,21.42,8,6,8
AC3Placer,30,296,True,2.5,3,0,2.25,0.5,22.28,8,12,6
AC3Placer,30,297,True,2.5,2,0,0.6875,0.0,22.84,8,6,5
AC3Placer,30,298,True,2.4056,3,1,0.8594,0.0,22.17,8,7,3
AC3Placer,30,299,True,2.5,2,0,1.6094,1.0,21.06,8,9,4
AC3Placer,30,300,True,2.4056,3,0,1.7344,0.5,20.67,8,13,6
AC3Placer,30,301,True,2.5,2,0,0.6094,0.0,21.94,8,7,9
AC3Placer,30,302,True,2.5216,2,1,1.6327,-1.0,17.21,7,12,6
AC3Placer,30,303,True,2.5,2,1,1.5,0.0857,18.99,8,12,7
AC3Placer,30,304,True,2.5,2,0,2.9844,0.0,22.31,8,13,4
AC3Placer,30,305,True,2.5,3,0,0.75,0.5,21.23,8,8,5
AC3Placer,30,306,True,2.5,2,0,1.3594,0.8286,20.8,8,9,11
AC3Placer,30,307,True,2.4056,2,0,1.7344,0.0,21.08,8,11,7
AC3Placer,30,308,True,2.0,2,2,2.0,0.4,21.61,8,16,10
AC3Placer,30,309,True,2.2359,3,1,2.2449,0.8,15.72,7,10,8
AC3Placer,30,310,True,2.4056,2,1,2.2344,-0.2,21.18,8,13,7
AC3Placer,30,311,True,2.4056,3,0,2.2344,0.5,22.01,8,13,7
AC3Placer,30,312,True,2.5,3,0,2.1875,0.7,20.84,8,10,13
AC3Placer,30,313,True,2.5,3,0,2.1875,0.0,20.96,8,10,6
AC3Placer,30,314,True,2.5,2,1,1.6875,0.4,19.67,8,14,9
AC3Placer,30,315,True,2.5,2,0,1.9844,0.0,20.06,8,11,5
AC3Placer,30,316,True,2.5,2,1,1.6094,0.0,18.32,8,9,3
AC3Placer,30,317,True,2.5,2,1,1.2344,0.0,22.91,8,11,2
AC3Placer,30,318,True,2.0,3,1,2.4844,0.5,21.21,8,13,6
AC3Placer,30,319,True,2.5216,2,1,1.3878,0.0,18.02,7,10,1
AC3Placer,30,320,True,2.4056,2,0,1.25,0.0,19.72,8,12,2
AC3Placer,30,321,True,2.0,3,0,2.1875,1.0,18.79,8,14,10
AC3Placer,30,322,True,2.5,2,0,2.3594,1.0,21.69,8,15,5
AC3Placer,30,323,True,2.5216,2,1,3.102,0.4,16.9,7,11,9
AC3Placer,30,324,True,2.5,3,0,0.9375,0.8,20.44,8,10,6
AC3Placer,30,325,True,2.5216,3,1,1.6735,1.0,19.15,7,11,3
AC3Placer,30,326,True,2.5,3,1,3.7344,-0.7,21.44,8,13,7
AC3Placer,30,327,True,2.5,3,1,2.1875,0.5,20.88,8,14,7
AC3Placer,30,328,True,2.4056,3,1,1.25,0.5,21.14,8,12,9
AC3Placer,30,329,True,2.5,2,1,0.9844,0.5,21.9,8,11,6
AC3Placer,30,330,True,2.5216,2,0,2.2449,1.0,16.03,7,10,6
AC3Placer,30,331,True,2.0,2,1,1.7344,0.0,20.53,8,13,5
AC3Placer,30,332,True,2.5216,3,1,3.4286,1.0,17.14,7,14,13
AC3Placer,30,333,True,2.4056,3,0,1.5,0.5,21.31,8,12,5
AC3Placer,30,334,True,2.5,3,0,1.0,0.0,21.55,8,8,5
AC3Placer,30,335,True,2.5,2,0,2.4844,0.8,19.56,8,13,9
AC3Placer,30,336,True,2.5,2,1,1.2344,0.2,22.13,8,13,8
AC3Placer,30,337,True,2.4056,2,1,3.5,-0.4,21.18,8,16,12
AC3Placer,30,338,True,2.0,3,0,1.4844,1.0,22.23,8,13,9
AC3Placer,30,339,True,2.5216,2,2,1.0612,0.5,15.39,7,9,8
AC3Placer,30,340,True,2.5216,2,1,1.0612,-1.0,18.44,7,9,7
AC3Placer,30,341,True,2.5,2,0,0.75,0.5,18.25,8,8,9
AC3Placer,30,342,True,2.5216,2,1,2.7755,0.0,16.89,7,9,4
AC3Placer,30,343,True,2.4056,2,0,1.9844,0.4,22.12,8,13,6
AC3Placer,30,344,True,1.5488,2,1,2.0,0.0,20.43,8,20,1
AC3Placer,30,345,True,2.5,2,2,0.6094,0.5,21.07,8,7,4
AC3Placer,30,346,True,2.1556,3,1,2.2344,0.6,21.03,8,13,8
AC3Placer,30,347,True,2.4056,2,0,0.9375,0.0,20.3,8,10,2
AC3Placer,30,348,True,2.5,2,0,1.2344,1.0,21.78,8,11,7
AC3Placer,30,349,True,2.0,2,0,1.4375,0.0,22.47,8,14,2
AC3Placer,30,350,True,2.4056,3,1,0.9375,0.0,21.29,8,10,5
AC3Placer,30,351,True,2.1281,2,0,1.6327,0.8,18.69,7,12,9
AC3Placer,30,352,True,2.5216,3,0,1.6327,-0.5,18.08,7,9,7
AC3Placer,30,353,True,2.4056,2,0,2.25,0.8,18.62,8,12,8
AC3Placer,30,354,True,2.2359,2,0,1.8367,1.0,15.96,7,8,6
AC3Placer,30,355,True,2.5216,2,0,2.2449,1.0,16.13,7,10,5
AC3Placer,30,356,True,2.0,3,1,1.8594,0.7,19.99,8,15,8
AC3Placer,30,357,True,2.5,2,0,1.75,0.5,17.64,8,12,5
AC3Placer,30,358,True,2.5,2,0,2.1094,1.0,20.87,8,9,8
AC3Placer,30,359,True,2.1556,3,1,1.4844,0.0,21.38,8,11,7
AC3Placer,30,360,True,2.1556,2,0,1.1094,0.9,21.6,8,7,15
AC3Placer,30,361,True,2.5,3,1,1.7344,0.8,20.55,8,11,13
AC3Placer,30,362,True,1.6645,2,1,1.551,0.0,17.82,7,15,5
AC3Placer,30,363,True,2.5216,3,1,1.3878,0.0,17.55,7,10,5
AC3Placer,30,364,True,2.5,2,0,0.6875,0.7,19.99,8,6,11
AC3Placer,30,365,True,2.4056,2,0,2.4375,1.0,22.13,8,14,7
AC3Placer,30,366,True,2.5216,3,1,1.6735,0.2,17.98,7,10,5
AC3Placer,30,367,True,2.5216,3,1,1.6327,-0.5,18.23,7,9,5
AC3Placer,30,368,True,2.5216,2,2,1.0612,0.0,18.12,7,9,7
AC3Placer,30,369,True,2.5,3,1,2.0,0.9429,21.19,8,12,9
AC3Placer,30,370,True,2.5,3,1,2.1875,1.0,19.92,8,10,10
AC3Placer,30,371,True,2.5,2,0,1.75,0.8,20.39,8,8,10
AC3Placer,30,372,True,2.5,3,1,1.1875,0.4,22.13,8,10,12
AC3Placer,30,373,True,2.4056,2,1,1.9844,0.3,18.76,8,13,6
AC3Placer,30,374,True,2.5216,2,1,2.5306,0.5,17.14,7,11,6
AC3Placer,30,375,True,2.5,2,0,1.4844,0.4,21.91,8,11,7
AC3Placer,30,376,True,2.5,2,0,0.6094,0.0,19.98,8,7,7
AC3Placer,30,377,True,2.5,3,0,0.75,0.5,23.11,8,8,8
AC3Placer,30,378,True,2.4056,3,1,0.9844,1.0,19.5,8,11,8
AC3Placer,30,379,True,2.0,2,0,2.3594,1.0,21.74,8,15,6
AC3Placer,30,380,True,2.0,2,0,0.9844,0.4,18.95,8,11,9
AC3Placer,30,381,True,2.5,2,0,2.9375,0.5,22.09,8,14,6
AC3Placer,30,382,True,2.4056,2,0,0.9844,0.5,22.19,8,11,4
AC3Placer,30,383,True,2.5,2,0,0.8594,0.0,21.9,8,9,3
AC3Placer,30,384,True,2.5,2,0,1.9844,1.0,22.05,8,11,12
AC3Placer,30,385,True,2.5,3,1,0.9375,0.2,21.99,8,10,8
AC3Placer,30,386,True,2.5,2,0,0.75,0.0,22.06,8,8,2
AC3Placer,30,387,True,2.5,2,0,1.0,1.0,21.55,8,8,6
AC3Placer,30,388,True,2.5,3,0,1.9375,0.4,20.26,8,10,6
AC3Placer,30,389,True,2.5,2,0,1.1094,0.0,21.23,8,9,3
AC3Placer,30,390,True,2.5216,3,1,1.2653,0.0,18.81,7,8,4
AC3Placer,30,391,True,2.5216,3,0,1.6735,1.0,17.76,7,11,8
AC3Placer,30,392,True,2.5,2,0,0.75,0.0,21.97,8,8,5
AC3Placer,30,393,True,2.5,3,1,1.75,1.0,21.94,8,12,11
AC3Placer,30,394,True,2.5,2,0,1.4375,0.8,21.29,8,14,9
AC3Placer,30,395,True,2.5216,2,0,1.3878,0.0,19.13,7,10,7
AC3Placer,30,396,True,2.5216,3,1,1.6327,1.0,16.44,7,12,6
AC3Placer,30,397,True,2.5,2,0,2.2344,0.8,21.53,8,13,10
AC3Placer,30,398,True,2.5,2,0,1.4375,0.5,19.57,8,10,5
AC3Placer,30,399,True,2.5216,2,0,1.3878,0.0,16.91,7,11,4
AC3Placer,30,400,True,2.0,2,2,2.6094,-0.2,19.71,8,15,9
AC3Placer,30,401,True,2.0,2,0,2.3594,0.0,21.7,8,17,5
AC3Placer,30,402,True,1.6645,2,1,1.4286,0.8,17.84,7,14,7
AC3Placer,30,403,True,2.5,3,1,1.5,-0.5,20.16,8,12,7
AC3Placer,30,404,True,2.5,2,0,1.4375,0.0,20.93,8,10,6
AC3Placer,30,405,True,2.5,2,0,1.75,0.5,21.12,8,12,8
AC3Placer,30,406,True,2.5,2,0,0.75,0.2,21.05,8,8,13
AC3Placer,30,407,True,2.0,3,1,2.3594,0.4,21.94,8,15,7
AC3Placer,30,408,True,2.5,2,0,2.5,0.0,21.64,8,12,4
AC3Placer,30,409,True,2.5,2,0,1.4375,0.0,21.33,8,10,3
AC3Placer,30,410,True,2.5,3,1,0.8594,1.0,20.54,8,9,11
AC3Placer,30,411,True,2.5,2,0,0.75,0.0,22.3,8,8,2
AC3Placer,30,412,True,2.5216,3,1,2.8163,0.4,16.7,7,10,7
AC3Placer,30,413,True,2.5,2,2,2.75,1.0,21.06,8,12,7
AC3Placer,30,414,True,2.4056,2,0,1.4375,1.0,22.13,8,14,7
AC3Placer,30,415,True,2.5,3,0,1.4844,0.0,21.42,8,11,6
AC3Placer,30,416,True,2.1281,3,0,1.0612,1.0,15.94,7,9,7
AC3Placer,30,417,True,2.5216,2,1,1.9592,0.2,19.23,7,11,8
AC3Placer,30,418,True,2.5,3,0,1.7344,1.0,21.35,8,11,9
AC3Placer,30,419,True,2.5216,2,0,0.4082,0.0,16.26,7,6,4
AC3Placer,30,420,True,2.5,3,0,0.9375,0.0,18.68,8,10,2
AC3Placer,30,421,True,2.1281,2,0,2.8571,1.0,17.72,7,14,7
AC3Placer,30,422,True,2.5,2,0,1.1094,0.8,21.01,8,9,4
AC3Placer,30,423,True,2.4056,3,1,1.9844,0.0,20.59,8,11,6
AC3Placer,30,424,True,2.5216,2,0,3.2653,1.0,16.74,7,13,7
AC3Placer,30,425,True,2.5,2,0,1.7344,0.0,20.93,8,13,5
AC3Placer,30,426,True,2.5,2,0,1.6875,0.4,20.61,8,10,11
AC3Placer,30,427,True,2.1556,3,0,2.75,0.7,19.82,8,12,9
AC3Placer,30,428,True,2.5216,3,1,3.102,-0.2,16.71,7,11,5
AC3Placer,30,429,True,2.5216,2,0,0.9796,0.0,19.48,7,8,7
AC3Placer,30,430,True,2.5216,3,1,1.9184,0.1,18.5,7,9,7
AC3Placer,30,431,True,2.5216,3,1,1.6735,1.0,17.53,7,10,9
AC3Placer,30,432,True,2.5,2,0,0.9844,0.8,20.96,8,11,5
AC3Placer,30,433,True,2.5,3,1,1.75,0.0,22.59,8,12,5
AC3Placer,30,434,True,2.4056,2,1,2.9375,0.0,21.65,8,14,4
AC3Placer,30,435,True,2.5,3,0,1.25,0.8,22.08,8,12,4
AC3Placer,30,436,True,2.5,2,0,0.6875,1.0,21.16,8,10,10
AC3Placer,30,437,True,2.5216,2,0,0.9796,1.0,22.48,7,6,8
AC3Placer,30,438,True,2.5216,2,0,1.6327,0.9,19.05,7,12,6
AC3Placer,30,439,True,1.5488,2,1,2.6094,0.7,22.03,8,23,7
AC3Placer,30,440,True,2.5,2,0,0.4375,0.0,20.65,8,6,8
AC3Placer,30,441,True,2.4056,2,0,1.0,0.0,23.93,8,8,3
AC3Placer,30,442,True,2.0,3,0,1.7344,1.0,22.54,8,13,8
AC3Placer,30,443,True,2.5216,2,2,0.4082,0.0,18.97,7,6,4
AC3Placer,30,444,True,1.5488,3,1,0.9375,0.0,22.79,8,14,4
AC3Placer,30,445,True,2.0,2,0,1.2344,0.7,20.99,8,13,8
AC3Placer,30,446,True,2.5,2,0,2.0,1.0,20.01,8,12,6
AC3Placer,30,447,True,2.5216,3,0,2.5306,1.0,16.71,7,11,7
AC3Placer,30,448,True,2.5,2,2,1.9844,0.4,21.89,8,11,4
AC3Placer,30,449,True,2.5,3,0,2.5,0.5,21.29,8,12,8
AC3Placer,30,450,True,2.5,2,0,0.6875,0.2,17.36,8,6,5
AC3Placer,30,451,True,2.4056,2,0,0.9844,1.0,20.16,8,11,3
AC3Placer,30,452,True,2.5,3,0,1.6875,0.9,20.48,8,10,9
AC3Placer,30,453,True,2.4056,2,2,2.3594,0.5,20.66,8,15,8
AC3Placer,30,454,True,2.4056,2,0,2.4375,0.5,22.15,8,14,4
AC3Placer,30,455,True,2.5,2,1,1.4844,0.0,20.97,8,11,2
AC3Placer,30,456,True,2.5,2,0,0.75,0.9,20.65,8,8,10
AC3Placer,30,457,True,2.5,2,0,2.1875,0.6,22.94,8,10,14
AC3Placer,30,458,True,2.5216,2,1,1.2653,0.5,15.38,7,8,4
AC3Placer,30,459,True,2.5,2,1,3.7344,-0.5,21.52,8,13,7
AC3Placer,30,460,True,2.4056,2,2,1.7344,0.5,21.61,8,13,5
AC3Placer,30,461,True,2.5216,3,1,1.6735,0.0,19.31,7,10,4
AC3Placer,30,462,True,2.5,2,1,1.1094,0.2,18.53,8,7,5
AC3Placer,30,463,True,2.5,2,0,2.4375,0.7,18.42,8,10,15
AC3Placer,30,464,True,2.5,2,1,0.8594,-0.5,20.78,8,7,10
AC3Placer,30,465,True,2.5,3,0,1.1094,1.0,20.58,8,9,10
AC3Placer,30,466,True,2.5,2,1,1.1875,0.0,19.15,8,10,6
AC3Placer,30,467,True,2.5,3,1,2.5,0.5,21.32,8,12,4
AC3Placer,30,468,True,2.5,2,1,0.9375,0.0,21.17,8,10,8
AC3Placer,30,469,True,2.5,3,1,1.75,0.8,20.83,8,8,7
AC3Placer,30,470,True,2.5,3,0,1.0,0.0,21.77,8,8,4
AC3Placer,30,471,True,2.1281,3,0,1.6735,0.5,18.74,7,11,8
AC3Placer,30,472,True,2.5,2,0,0.8594,1.0,22.19,8,7,6
AC3Placer,30,473,True,2.5216,2,2,2.1224,-0.5,18.24,7,13,4
AC3Placer,30,474,True,2.5,2,0,1.8594,1.0,20.95,8,9,6
AC3Placer,30,475,True,2.5216,2,2,1.6327,0.3,16.86,7,9,12
AC3Placer,30,476,True,2.0,2,0,1.2344,0.9,20.53,8,13,12
AC3Placer,30,477,True,2.5,2,0,1.4844,0.5,22.12,8,11,7
AC3Placer,30,478,True,2.5216,3,1,1.0612,-1.0,18.21,7,9,9
AC3Placer,30,479,True,2.1556,2,0,2.9375,0.4,22.26,8,10,14
AC3Placer,30,480,True,2.5,2,0,0.8594,0.9,22.39,8,9,12
AC3Placer,30,481,True,2.4056,2,0,0.8594,0.0,22.16,8,9,1
AC3Placer,30,482,True,2.5,3,0,1.9844,-0.2,21.3,8,11,9
AC3Placer,30,483,True,2.2359,2,0,1.2653,1.0,19.24,7,8,8
AC3Placer,30,484,True,2.5,2,0,0.75,0.8,25.8,8,8,11
AC3Placer,30,485,True,1.5488,3,1,1.9844,0.0,22.56,8,19,2
AC3Placer,30,486,True,2.4056,2,1,1.2344,0.4,24.37,8,11,9
AC3Placer,30,487,True,2.5216,2,1,0.9796,0.5,20.74,7,8,6
AC3Placer,30,488,True,2.4056,3,0,2.3594,1.0,27.69,8,17,6
AC3Placer,30,489,True,2.5,3,1,1.1094,0.1,25.11,8,9,7
AC3Placer,30,490,True,2.4056,2,2,1.0,0.0,21.3,8,8,7
AC3Placer,30,491,True,2.5,2,0,1.2344,0.0,23.82,8,11,6
AC3Placer,30,492,True,2.5,3,1,1.25,0.8,27.79,8,8,10
AC3Placer,30,493,True,2.0,2,0,2.6875,0.9,24.3,8,18,10
AC3Placer,30,494,True,1.6645,2,1,1.7143,0.0,18.86,7,14,3
AC3Placer,30,495,True,2.4056,3,1,1.25,1.0,26.19,8,12,5
AC3Placer,30,496,True,2.5,2,0,0.8594,0.5,29.32,8,9,7
AC3Placer,30,497,True,2.5,2,0,1.4844,0.9,28.79,8,11,9
AC3Placer,30,498,True,2.5216,2,1,1.6735,0.0,16.46,7,10,5
AC3Placer,30,499,True,2.0,2,0,2.3594,0.0,21.82,8,15,5
AC3Placer,30,500,True,2.5,2,0,1.4375,0.8,21.57,8,10,8
AC3Placer,30,501,True,2.4056,2,2,0.4375,0.0,21.35,8,6,3
AC3Placer,30,502,True,2.5,3,1,1.6094,1.0,20.88,8,9,8
AC3Placer,30,503,True,2.5,2,1,2.1875,0.5,20.36,8,14,7
AC3Placer,30,504,True,2.5216,3,0,1.3878,0.5,19.09,7,10,10
AC3Placer,30,505,True,2.0,2,0,2.6094,1.0,19.39,8,15,4
AC3Placer,30,506,True,2.4056,2,0,1.7344,0.5,20.98,8,13,4
AC3Placer,30,507,True,2.5,2,0,1.4375,0.4,21.15,8,10,5
AC3Placer,30,508,True,2.4056,2,1,1.1094,-1.0,20.15,8,9,8
AC3Placer,30,509,True,2.4056,2,1,2.9375,-0.2,21.27,8,18,8
AC3Placer,30,510,True,2.2359,2,0,2.8163,1.0,18.41,7,10,12
AC3Placer,30,511,True,2.2359,3,1,2.2041,1.0,17.57,7,9,10
AC3Placer,30,512,True,2.4056,2,0,2.25,1.0,20.9,8,16,6
AC3Placer,30,513,True,2.1281,2,1,2.9796,0.4,18.83,7,15,8
AC3Placer,30,514,True,2.0,2,1,1.0,0.5,21.38,8,12,5
AC3Placer,30,515,True,2.5,2,0,1.4844,1.0,21.5,8,11,9
AC3Placer,30,516,True,2.5,3,0,0.8594,0.9,22.24,8,7,10
AC3Placer,30,517,True,2.5,2,0,0.6875,0.9,22.51,8,10,9
AC3Placer,30,518,True,2.0,2,0,2.1094,0.0,20.64,8,15,3
AC3Placer,30,519,True,2.5,2,0,0.8594,1.0,20.65,8,7,9
AC3Placer,30,520,True,2.4056,2,0,2.0,0.8,19.0,8,12,10
AC3Placer,30,521,True,2.4056,2,2,1.4844,0.0,21.22,8,11,8
AC3Placer,30,522,True,2.5,2,0,2.0,1.0,19.12,8,12,9
AC3Placer,30,523,True,2.4056,2,0,1.1094,0.0,21.11,8,9,4
AC3Placer,30,524,True,2.1281,2,2,2.8571,1.0,17.75,7,14,5
AC3Placer,30,525,True,2.5,2,0,2.3594,0.5,19.75,8,15,8
AC3Placer,30,526,True,2.4056,3,1,1.6875,1.0,22.5,8,14,6
AC3Placer,30,527,True,2.5,2,0,1.1094,1.0,21.82,8,9,4
AC3Placer,30,528,True,2.5216,2,0,1.9592,1.0,16.74,7,11,8
AC3Placer,30,529,True,2.5,3,0,2.3594,0.3714,21.46,8,15,10
AC3Placer,30,530,True,2.5216,3,1,3.3469,0.2,18.55,7,12,6
AC3Placer,30,531,True,2.5,3,0,0.9844,1.0,20.42,8,11,4
AC3Placer,30,532,True,2.5216,2,0,0.6939,1.0,18.47,7,8,4
AC3Placer,30,533,True,2.4056,2,2,2.4375,0.5,20.58,8,14,5
AC3Placer,30,534,True,2.5,2,0,1.0,0.5,21.8,8,12,5
AC3Placer,30,535,True,2.5,2,0,2.5,1.0,20.54,8,12,9
AC3Placer,30,536,True,2.1281,2,0,0.9796,0.0,18.97,7,8,4
AC3Placer,30,537,True,2.5,2,1,1.4375,-0.5,21.93,8,10,3
AC3Placer,30,538,True,2.5,3,1,2.2344,0.7,21.48,8,13,8
AC3Placer,30,539,True,2.5,2,0,1.1875,0.8,19.32,8,10,7
AC3Placer,30,540,True,2.4056,3,0,0.6094,1.0,18.82,8,9,11
AC3Placer,30,541,True,2.4056,3,1,1.75,0.4,20.29,8,12,6
AC3Placer,30,542,True,2.5,2,2,1.4844,0.4,21.94,8,11,6
AC3Placer,30,543,True,2.5216,2,0,3.102,0.4,17.15,7,11,9
AC3Placer,30,544,True,2.5,3,1,2.2344,0.0,20.78,8,13,7
AC3Placer,30,545,True,2.5,3,1,0.4375,0.0,21.99,8,6,4
AC3Placer,30,546,True,2.4056,3,1,2.3594,0.8,21.21,8,15,8
AC3Placer,30,547,True,2.4056,2,0,1.25,0.9,20.79,8,12,8
AC3Placer,30,548,True,2.5216,2,0,2.2449,1.0,16.31,7,10,6
AC3Placer,30,549,True,2.5,2,0,1.9844,0.2,21.91,8,11,9
AC3Placer,30,550,True,2.5,2,0,1.1094,1.0,22.47,8,9,6
AC3Placer,30,551,True,2.5,3,1,1.9844,-0.5,20.7,8,11,5
AC3Placer,30,552,True,2.5216,3,0,1.9592,0.5,17.64,7,11,8
AC3Placer,30,553,True,2.4056,2,1,1.9844,-0.5,21.36,8,11,7
AC3Placer,30,554,True,2.5,3,1,1.2344,0.0857,18.28,8,13,10
AC3Placer,30,555,True,2.5,2,0,2.9375,-0.4,20.92,8,14,10
AC3Placer,30,556,True,2.5,2,0,1.2344,0.0,21.02,8,11,8
AC3Placer,30,557,True,2.2359,3,1,2.2449,1.0,19.31,7,10,10
AC3Placer,30,558,True,2.5,2,0,0.4844,0.5,21.83,8,5,10
AC3Placer,30,559,True,2.4056,3,1,3.2344,-0.2,19.12,8,13,10
AC3Placer,30,560,True,2.5,3,1,0.1875,0.0,19.75,8,6,6
AC3Placer,30,561,True,2.5,2,0,1.5,0.5,19.8,8,8,8
AC3Placer,30,562,True,2.5216,2,0,2.2449,1.0,18.79,7,10,9
AC3Placer,30,563,True,2.5,2,2,0.9844,0.5,20.44,8,11,4
AC3Placer,30,564,True,2.4056,3,1,2.4375,-0.5,20.02,8,14,11
AC3Placer,30,565,True,2.4056,2,2,1.9844,0.0,21.54,8,11,5
AC3Placer,30,566,True,2.5,2,2,0.6875,0.5,20.65,8,10,6
AC3Placer,30,567,True,2.5,2,1,1.7344,0.5,20.25,8,11,7
AC3Placer,30,568,True,2.4056,2,0,1.7344,0.7,21.71,8,13,10
AC3Placer,30,569,True,2.0,2,2,3.1875,0.3,19.92,8,18,8
AC3Placer,30,570,True,2.5,2,0,1.75,1.0,21.61,8,12,3
AC3Placer,30,571,True,2.2359,2,0,3.3469,0.5,18.15,7,12,6
AC3Placer,30,572,True,2.1556,2,0,1.4844,1.0,23.18,8,11,7
AC3Placer,30,573,True,2.4056,2,0,1.0,0.0,20.98,8,12,2
AC3Placer,30,574,True,2.4056,2,0,2.0,1.0,20.1,8,12,6
AC3Placer,30,575,True,2.4056,2,1,1.4375,0.5,21.69,8,10,7
AC3Placer,30,576,True,2.4056,2,1,1.1875,0.4,21.46,8,10,8
AC3Placer,30,577,True,2.4056,2,2,1.25,0.8,20.5,8,12,9
AC3Placer,30,578,True,2.4056,3,0,2.2344,0.6,19.5,8,13,10
AC3Placer,30,579,True,2.5,3,1,2.4375,0.5,18.82,8,14,8
AC3Placer,30,580,True,2.5,3,1,1.25,1.0,20.92,8,8,9
AC3Placer,30,581,True,2.0,2,2,1.4375,0.0,22.18,8,10,7
AC3Placer,30,582,True,2.5,3,1,1.25,0.0,20.24,8,8,7
AC3Placer,30,583,True,2.0,2,1,1.4375,0.5,19.8,8,14,9
AC3Placer,30,584,True,2.5,2,0,1.7344,0.0,21.53,8,13,4
AC3Placer,30,585,True,2.0,2,0,1.75,0.0,21.28,8,12,6
AC3Placer,30,586,True,2.5216,3,0,1.102,0.5,17.95,7,10,7
AC3Placer,30,587,True,2.5,3,1,1.8594,1.0,21.27,8,9,8
AC3Placer,30,588,True,2.5,2,0,0.8594,1.0,19.76,8,9,8
AC3Placer,30,589,True,2.1556,2,0,2.5,0.8,21.24,8,12,6
AC3Placer,30,590,True,2.1281,2,0,3.0612,1.0,16.97,7,16,8
AC3Placer,30,591,True,2.5,2,0,1.75,0.8,19.1,8,12,8
AC3Placer,30,592,True,2.5,2,0,1.1875,0.0,21.55,8,10,10
AC3Placer,30,593,True,2.4056,3,1,0.9844,0.0,21.86,8,11,1
AC3Placer,30,594,True,2.1556,2,0,2.6875,1.0,18.03,8,10,11
AC3Placer,30,595,True,2.5,3,1,2.9844,-0.5,19.34,8,13,7
AC3Placer,30,596,True,2.5,2,0,1.9844,0.8,21.79,8,11,10
AC3Placer,30,597,True,2.0,2,1,2.1094,-0.4,20.27,8,17,6
AC3Placer,30,598,True,2.4056,3,1,1.25,0.4,20.94,8,12,10
AC3Placer,30,599,True,2.5,2,1,0.9375,0.2,21.07,8,10,6
AC3Placer,30,600,True,2.5,3,0,1.2344,1.0,21.77,8,11,5
AC3Placer,30,601,True,2.4056,3,0,0.75,1.0,21.88,8,8,10
AC3Placer,30,602,True,2.4056,2,0,1.7344,1.0,20.36,8,11,8
AC3Placer,30,603,True,2.5216,3,1,0.4082,0.0,18.97,7,6,5
AC3Placer,30,604,True,2.0,2,0,2.2344,0.5,21.58,8,13,5
AC3Placer,30,605,True,2.5,3,1,1.4375,0.0,19.75,8,10,11
AC3Placer,30,606,True,2.4056,3,1,1.7344,0.0,21.14,8,13,4
AC3Placer,30,607,True,2.5216,2,0,1.9184,1.0,17.32,7,9,7
AC3Placer,30,608,True,2.4056,3,0,1.2344,0.0,20.29,8,13,5
AC3Placer,30,609,True,2.5,2,0,2.7344,1.0,21.2,8,13,5
AC3Placer,30,610,True,2.5,2,0,1.1094,1.0,22.4,8,7,5
AC3Placer,30,611,True,2.5,2,0,0.6094,0.0,21.15,8,9,3
AC3Placer,30,612,True,2.5,3,1,1.4375,0.0,21.95,8,10,2
AC3Placer,30,613,True,2.5216,3,0,2.7755,1.0,17.14,7,12,9
AC3Placer,30,614,True,2.2359,3,1,0.4898,0.0,16.19,7,5,8
AC3Placer,30,615,True,2.5,2,1,0.8594,0.0,22.36,8,9,4
AC3Placer,30,616,True,2.5,3,0,1.7344,0.0,18.21,8,13,7
AC3Placer,30,617,True,2.5,2,0,1.9375,0.9,20.77,8,10,7
AC3Placer,30,618,True,2.5,2,0,1.1094,0.0,18.88,8,7,8
AC3Placer,30,619,True,2.2359,2,0,1.551,0.0,16.56,7,8,5
AC3Placer,30,620,True,2.5,2,0,1.9375,0.8,21.65,8,10,12
AC3Placer,30,621,True,2.1281,2,0,3.4286,0.0,16.48,7,14,3
AC3Placer,30,622,True,2.4056,3,1,2.25,0.4,21.25,8,12,5
AC3Placer,30,623,True,2.5,2,0,0.6875,0.0,21.52,8,10,2
AC3Placer,30,624,True,2.4056,3,1,2.0,-1.0,20.91,8,12,7
AC3Placer,30,625,True,2.0,2,0,0.6094,0.8,20.89,8,9,10
AC3Placer,30,626,True,2.5,2,0,2.25,1.0,20.19,8,12,5
AC3Placer,30,627,True,2.5,2,0,1.6875,0.4,20.95,8,10,9
AC3Placer,30,628,True,2.5216,2,2,1.9184,0.5,17.66,7,12,4
AC3Placer,30,629,True,2.5,3,1,1.4375,0.0,21.44,8,10,2
AC3Placer,30,630,True,2.5216,2,2,2.1224,0.8,17.92,7,13,7
AC3Placer,30,631,True,2.5,3,1,1.0,0.8,22.22,8,8,9
AC3Placer,30,632,True,2.5216,3,1,1.0612,0.0,18.56,7,9,6
AC3Placer,30,633,True,2.5,2,0,1.4375,0.8,19.65,8,10,7
AC3Placer,30,634,True,2.5216,2,0,1.3878,0.6,18.81,7,10,7
AC3Placer,30,635,True,2.5216,2,0,1.3878,0.0,17.76,7,10,6
AC3Placer,30,636,True,1.5488,3,1,2.25,0.0,22.07,8,16,0
AC3Placer,30,637,True,2.5,2,0,1.6094,0.0,21.49,8,9,7
AC3Placer,30,638,True,2.4056,2,0,1.4844,1.0,21.12,8,11,8
AC3Placer,30,639,True,2.4056,2,0,2.4844,1.0,21.79,8,11,9
AC3Placer,30,640,True,2.5,3,0,1.4844,0.7,21.68,8,11,5
AC3Placer,30,641,True,2.1281,2,0,1.9592,1.0,15.83,7,11,4
AC3Placer,30,642,True,2.4056,3,1,0.6094,-1.0,21.7,8,9,6
AC3Placer,30,643,True,2.5,2,2,1.75,0.0,21.69,8,8,6
AC3Placer,30,644,True,2.5,2,0,0.9844,0.9,21.77,8,11,7
AC3Placer,30,645,True,2.5,3,0,0.9844,0.0,22.0,8,11,3
AC3Placer,30,646,True,2.4056,2,0,1.4844,0.8,21.08,8,11,7
AC3Placer,30,647,True,2.5216,2,2,1.551,0.0,18.84,7,8,7
AC3Placer,30,648,True,2.5,3,1,1.6875,0.8,22.57,8,10,5
AC3Placer,30,649,True,2.4056,3,1,1.5,0.0,22.26,8,12,6
AC3Placer,30,650,True,2.4056,2,0,1.4375,-0.5,22.54,8,10,7
AC3Placer,30,651,True,2.5216,2,0,1.6735,1.0,16.08,7,10,6
AC3Placer,30,652,True,2.5216,3,1,1.0612,0.0,19.11,7,9,5
AC3Placer,30,653,True,2.0,2,0,2.5,1.0,20.05,8,16,7
AC3Placer,30,654,True,2.4056,2,0,2.2344,1.0,22.02,8,11,7
AC3Placer,30,655,True,2.5,2,1,3.6875,0.4,23.17,8,14,8
AC3Placer,30,656,True,2.1556,2,0,2.9844,0.4,20.05,8,11,15
AC3Placer,30,657,True,2.0,3,0,1.9844,1.0,21.92,8,13,8
AC3Placer,30,658,True,2.5216,2,0,1.6735,0.0,16.31,7,10,6
AC3Placer,30,659,True,2.4056,3,0,0.6875,1.0,29.36,8,10,8
AC3Placer,30,660,True,2.5216,3,1,1.6327,0.5,24.85,7,9,6
AC3Placer,30,661,True,2.5,2,0,2.7344,0.5,29.44,8,13,13
AC3Placer,30,662,True,2.0,2,0,1.6875,0.0,23.5,8,14,10
AC3Placer,30,663,True,2.4056,2,0,2.25,0.0,33.23,8,12,6
AC3Placer,30,664,True,2.4056,2,0,2.2344,0.4,26.75,8,13,8
AC3Placer,30,665,True,2.4056,3,0,1.2344,1.0,23.65,8,13,3
AC3Placer,30,666,True,2.5,2,0,1.0,0.3,22.06,8,8,12
AC3Placer,30,667,True,2.4056,3,0,2.8594,1.0,25.46,8,15,4
AC3Placer,30,668,True,2.5,2,0,0.2344,0.0,19.75,8,5,12
AC3Placer,30,669,True,2.4056,2,0,2.1094,0.7,20.55,8,15,9
AC3Placer,30,670,True,2.4056,2,1,1.9375,-1.0,21.32,8,14,5
AC3Placer,30,671,True,2.5,2,0,0.9844,0.5,19.29,8,11,6
AC3Placer,30,672,True,2.5,2,0,0.75,0.0,16.71,8,8,5
AC3Placer,30,673,True,2.5,3,1,0.9375,0.0,22.37,8,10,1
AC3Placer,30,674,True,2.5216,3,0,1.9592,0.0,18.38,7,11,8
AC3Placer,30,675,True,2.0,2,0,2.5,1.0,21.78,8,16,7
AC3Placer,30,676,True,1.5488,3,1,1.9375,1.0,19.99,8,18,4
AC3Placer,30,677,True,2.5,2,0,2.1875,1.0,20.73,8,10,4
AC3Placer,30,678,True,2.5,2,0,0.9375,0.0,19.95,8,10,2
AC3Placer,30,679,True,2.5216,2,1,3.102,-0.5,15.71,7,11,5
AC3Placer,30,680,True,2.0,2,0,2.0,0.4,19.42,8,16,7
AC3Placer,30,681,True,2.5,2,0,1.4375,0.0,20.73,8,14,1
AC3Placer,30,682,True,2.4056,3,1,1.0,0.0,19.46,8,12,5
AC3Placer,30,683,True,2.5,2,0,1.4375,0.0,21.8,8,10,11
AC3Placer,30,684,True,2.0,2,0,2.5,1.0,21.72,8,16,8
AC3Placer,30,685,True,2.5,2,0,2.25,1.0,20.09,8,12,3
AC3Placer,30,686,True,2.1556,3,1,2.0,0.9,20.5,8,12,11
AC3Placer,30,687,True,2.5216,2,0,1.9592,0.0,15.74,7,10,6
AC3Placer,30,688,True,2.5,3,0,0.4375,1.0,22.26,8,6,9
AC3Placer,30,689,True,2.4056,2,0,2.6875,0.2,22.14,8,14,9
AC3Placer,30,690,True,2.5,2,0,0.8594,0.7,22.73,8,9,9
AC3Placer,30,691,True,2.5216,2,1,1.9184,0.5,18.69,7,12,9
AC3Placer,30,692,True,2.5216,2,0,2.6939,0.4,17.67,7,13,4
AC3Placer,30,693,True,2.5,2,0,1.8594,0.5,22.6,8,9,8
AC3Placer,30,694,True,2.0,2,0,2.5,0.5,20.92,8,16,8
AC3Placer,30,695,True,2.4056,2,0,3.1094,1.0,20.46,8,15,8
AC3Placer,30,696,True,2.4056,2,1,1.2344,0.4,21.39,8,13,6
AC3Placer,30,697,True,2.1556,3,1,2.0,0.5,24.26,8,12,13
AC3Placer,30,698,True,2.5,3,0,2.25,0.8,24.45,8,12,7
AC3Placer,30,699,True,2.2359,3,1,1.1429,1.0,21.62,7,7,7
AC3Placer,30,700,True,2.5,2,0,1.1875,1.0,20.18,8,10,6
AC3Placer,30,701,True,2.5,3,0,2.9844,0.0,22.29,8,11,2
AC3Placer,30,702,True,2.5216,2,1,1.9184,-0.4,16.91,7,12,5
AC3Placer,30,703,True,2.5,2,0,1.4375,0.8,19.33,8,10,5
AC3Placer,30,704,True,2.4056,2,0,3.2344,0.4,19.96,8,13,11
AC3Placer,30,705,True,2.4056,3,1,1.2344,0.0,19.58,8,13,6
AC3Placer,30,706,True,2.5,2,0,2.3594,1.0,21.19,8,15,13
AC3Placer,30,707,True,2.5216,2,1,1.6735,1.0,19.22,7,10,4
AC3Placer,30,708,True,2.4056,3,1,1.3594,0.0,21.96,8,9,8
AC3Placer,30,709,True,2.5,2,0,2.7344,0.4,21.85,8,13,7
AC3Placer,30,710,True,2.5216,2,2,2.2041,-0.5,17.54,7,9,8
AC3Placer,30,711,True,2.5,2,0,2.4844,0.8,20.64,8,11,9
AC3Placer,30,712,True,2.4056,2,0,1.9844,1.0,21.33,8,11,4
AC3Placer,30,713,True,2.0,2,0,2.1875,1.0,22.36,8,14,7
AC3Placer,30,714,True,2.5,2,0,1.1094,0.0,20.06,8,7,9
AC3Placer,30,715,True,2.5,2,1,1.0,0.3,21.23,8,12,7
AC3Placer,30,716,True,2.5,2,1,2.2344,0.2,21.13,8,13,8
AC3Placer,30,717,True,2.5216,3,0,0.6939,0.0,18.57,7,6,6
AC3Placer,30,718,True,2.1281,2,0,0.6939,1.0,18.49,7,8,5
AC3Placer,30,719,True,2.0,2,2,2.3594,-0.4,20.89,8,17,12
AC3Placer,30,720,True,2.5216,2,1,0.5714,0.0,18.42,7,7,4
AC3Placer,30,721,True,2.0,3,1,2.6875,-0.4,19.96,8,18,14
AC3Placer,30,722,True,2.4056,2,0,1.4844,0.5,21.14,8,13,8
AC3Placer,30,723,True,2.5,2,1,2.4375,-0.2,20.25,8,14,5
AC3Placer,30,724,True,2.5,2,2,1.2344,0.0,22.21,8,11,8
AC3Placer,30,725,True,2.5216,3,1,1.9592,0.2,16.86,7,11,9
AC3Placer,30,726,True,2.5,3,1,2.2344,0.8,22.75,8,13,6
AC3Placer,30,727,True,2.5,3,1,1.0,0.4,22.32,8,8,10
AC3Placer,30,728,True,2.5,2,1,0.5,0.0,22.86,8,8,3
AC3Placer,30,729,True,2.5,3,1,0.9844,0.0,21.42,8,11,6
AC3Placer,30,730,True,2.5,3,1,0.9375,0.0,23.72,8,10,5
AC3Placer,30,731,True,2.4056,2,1,1.75,0.0,22.13,8,12,4
AC3Placer,30,732,True,2.5,2,0,1.2344,1.0,20.87,8,11,4
AC3Placer,30,733,True,2.2359,3,1,0.9796,0.0,18.84,7,6,10
AC3Placer,30,734,True,2.5,3,1,1.6875,0.9,29.02,8,10,11
AC3Placer,30,735,True,2.5216,3,0,1.6327,0.8,20.03,7,9,8
AC3Placer,30,736,True,2.5216,3,1,1.9592,-1.0,22.62,7,11,6
AC3Placer,30,737,True,2.5,2,1,1.4844,-0.5,22.79,8,11,5
AC3Placer,30,738,True,2.5,2,0,1.4375,1.0,21.68,8,10,8
AC3Placer,30,739,True,2.5,3,0,1.6875,1.0,21.49,8,10,11
AC3Placer,30,740,True,2.5,2,0,1.3594,0.0,18.68,8,9,6
AC3Placer,30,741,True,2.1281,2,0,2.2041,1.0,17.83,7,12,9
AC3Placer,30,742,True,2.5,2,0,3.3594,-0.5,21.52,8,15,10
AC3Placer,30,743,True,2.4056,2,2,2.8594,0.0,20.65,8,17,3
AC3Placer,30,744,True,2.5,2,2,1.75,0.0,19.86,8,12,7
AC3Placer,30,745,True,2.5216,2,1,2.7755,0.2,18.97,7,12,10
AC3Placer,30,746,True,2.5,2,0,1.7344,0.3714,20.14,8,11,17
AC3Placer,30,747,True,2.1281,2,0,2.7755,0.0,17.91,7,12,2
AC3Placer,30,748,True,2.0,2,2,2.0,1.0,20.1,8,16,7
AC3Placer,30,749,True,2.4056,2,2,1.2344,0.2,20.43,8,11,7
AC3Placer,30,750,True,2.5,3,1,1.4375,0.4,17.45,8,14,6
AC3Placer,30,751,True,2.5216,2,0,1.102,1.0,17.4,7,10,10
AC3Placer,30,752,True,2.5,3,1,2.4844,-1.0,21.1,8,11,9
AC3Placer,30,753,True,2.5,3,1,1.4375,0.0,20.3,8,10,5
AC3Placer,30,754,True,2.1556,3,1,1.25,1.0,21.88,8,8,8
AC3Placer,30,755,True,2.5,2,1,1.4375,-0.1,22.24,8,10,8
AC3Placer,30,756,True,2.5,2,0,1.25,-0.5,21.11,8,8,10
AC3Placer,30,757,True,2.4056,2,1,3.2344,-1.0,22.02,8,13,9
AC3Placer,30,758,True,2.1281,2,2,2.2857,0.8,17.15,7,14,10
AC3Placer,30,759,True,2.5216,2,2,0.6939,0.0,18.53,7,8,6
AC3Placer,30,760,True,2.5,2,1,1.9375,0.4,22.25,8,14,8
AC3Placer,30,761,True,2.4056,3,1,1.25,1.0,22.25,8,12,6
AC3Placer,30,762,True,2.5,3,1,1.1094,0.0,21.85,8,9,8
AC3Placer,30,763,True,2.5,2,0,1.3594,1.0,22.23,8,9,6
AC3Placer,30,764,True,2.5,2,1,1.1094,0.5,21.37,8,9,7
AC3Placer,30,765,True,2.5,2,0,1.1094,1.0,18.1,8,9,9
AC3Placer,30,766,True,2.4056,3,1,2.75,0.5,21.66,8,16,3
AC3Placer,30,767,True,2.5216,2,1,2.5306,0.1,17.68,7,11,10
AC3Placer,30,768,True,2.5,3,1,0.6094,1.0,22.19,8,9,4
AC3Placer,30,769,True,2.5216,2,0,1.6735,1.0,19.02,7,10,5
AC3Placer,30,770,True,2.5,2,0,1.9844,1.0,17.14,8,11,4
AC3Placer,30,771,True,2.4056,2,0,3.1094,0.8,20.75,8,15,7
AC3Placer,30,772,True,2.5,3,1,1.8594,0.2,18.51,8,9,4
AC3Placer,30,773,True,2.1556,2,0,2.0,0.8,21.48,8,12,9
AC3Placer,30,774,True,2.5216,3,0,2.2449,0.4,16.97,7,10,6
AC3Placer,30,775,True,2.4056,2,0,1.6875,0.8,20.57,8,10,9
AC3Placer,30,776,True,2.5216,2,2,1.6735,0.0,17.4,7,10,5
AC3Placer,30,777,True,2.0,2,0,1.4844,1.0,22.59,8,13,10
AC3Placer,30,778,True,2.4056,2,0,2.3594,1.0,21.29,8,15,8
AC3Placer,30,779,True,2.5,2,1,1.0,0.5,21.36,8,12,9
AC3Placer,30,780,True,2.5,3,1,1.75,1.0,21.08,8,12,5
AC3Placer,30,781,True,2.5,2,1,2.1875,0.0,22.45,8,10,8
AC3Placer,30,782,True,1.5488,3,1,1.4375,0.9,21.17,8,18,12
AC3Placer,30,783,True,2.5,2,0,1.1094,0.9429,20.59,8,9,11
AC3Placer,30,784,True,2.0,2,1,2.3594,-1.0,20.57,8,15,8
AC3Placer,30,785,True,2.5,2,1,2.0,0.1,20.52,8,12,12
AC3Placer,30,786,True,2.5,3,1,1.9844,1.0,21.01,8,11,6
AC3Placer,30,787,True,2.5,3,1,0.75,1.0,20.99,8,8,3
AC3Placer,30,788,True,2.5,2,0,0.5,0.0,22.2,8,8,4
AC3Placer,30,789,True,2.4056,2,0,0.9375,0.0,20.67,8,10,4
AC3Placer,30,790,True,2.1556,3,0,1.0,0.5,21.72,8,8,7
AC3Placer,30,791,True,2.5216,2,0,1.3878,0.0,18.78,7,10,3
AC3Placer,30,792,True,2.5,2,0,2.0,0.8,21.33,8,12,9
AC3Placer,30,793,True,2.4056,2,0,2.4375,1.0,20.57,8,14,9
AC3Placer,30,794,True,2.5216,3,1,2.8163,0.8,17.56,7,11,6
AC3Placer,30,795,True,2.5,2,0,1.4375,1.0,20.4,8,10,7
AC3Placer,30,796,True,2.0,2,0,1.6875,0.8,22.26,8,14,6
AC3Placer,30,797,True,2.0,2,1,1.6875,0.5,21.36,8,14,11
AC3Placer,30,798,True,2.5,2,1,0.9844,0.2,21.46,8,11,9
AC3Placer,30,799,True,2.5216,3,1,0.4082,0.0,17.27,7,6,7
AC3Placer,30,800,True,2.5216,2,0,1.102,0.0,18.24,7,10,6
AC3Placer,30,801,True,2.5,2,1,2.0,0.0,20.32,8,12,4
AC3Placer,30,802,True,2.4056,3,0,0.9844,0.0,20.96,8,11,3
AC3Placer,30,803,True,2.5,2,0,2.4844,1.0,19.39,8,11,5
AC3Placer,30,804,True,2.5,2,0,0.75,-0.2,20.76,8,8,11
AC3Placer,30,805,True,2.0,2,2,4.25,0.7,20.81,8,20,11
AC3Placer,30,806,True,2.5216,2,0,0.6939,1.0,18.72,7,8,7
AC3Placer,30,807,True,2.5,2,0,1.4844,0.9,18.0,8,11,10
AC3Placer,30,808,True,2.5,3,1,0.7344,0.0,18.28,8,11,2
AC3Placer,30,809,True,2.5,2,0,2.4375,0.0,21.09,8,14,10
AC3Placer,30,810,True,2.4056,2,0,1.4375,0.0,21.71,8,10,6
AC3Placer,30,811,True,2.5216,2,0,2.6939,0.8,18.01,7,13,5
AC3Placer,30,812,True,2.4056,3,0,2.75,0.8857,21.27,8,16,9
AC3Placer,30,813,True,2.5216,2,2,0.9796,0.0,14.02,7,8,6
AC3Placer,30,814,True,2.5,3,1,1.7344,0.4,22.49,8,13,7
AC3Placer,30,815,True,2.5,2,0,2.7344,0.2,21.1,8,13,9
AC3Placer,30,816,True,2.5,3,0,2.2344,0.0,19.28,8,13,5
AC3Placer,30,817,True,2.4056,3,1,1.1875,1.0,23.37,8,10,3
AC3Placer,30,818,True,2.5,2,1,1.9844,0.4,20.87,8,11,8
AC3Placer,30,819,True,2.0,2,1,2.6875,0.4,20.81,8,18,9
AC3Placer,30,820,True,2.2359,2,0,1.1429,0.5,17.51,7,7,13
AC3Placer,30,821,True,2.4056,2,0,0.6094,1.0,20.59,8,7,8
AC3Placer,30,822,True,2.5,3,1,1.4844,0.8,20.84,8,11,6
AC3Placer,30,823,True,2.5,2,0,1.1094,1.0,21.95,8,9,8
AC3Placer,30,824,True,2.2359,3,1,1.551,1.0,16.52,7,8,6
AC3Placer,30,825,True,2.5,2,0,1.4844,1.0,19.89,8,11,10
AC3Placer,30,826,True,2.5216,2,0,0.9796,0.0,18.9,7,6,7
AC3Placer,30,827,True,2.4056,3,1,0.9375,0.2,19.4,8,10,11
AC3Placer,30,828,True,2.4056,3,1,1.4375,-0.5,21.1,8,10,3
AC3Placer,30,829,True,2.5,2,0,2.0,1.0,21.99,8,12,8
AC3Placer,30,830,True,2.1556,2,0,1.6875,0.8,20.85,8,10,13
AC3Placer,30,831,True,2.1556,2,0,2.5,1.0,21.76,8,8,10
AC3Placer,30,832,True,2.4056,2,0,1.2344,0.2,20.92,8,13,9
AC3Placer,30,833,True,2.4056,3,1,0.8594,0.0,21.25,8,9,4
AC3Placer,30,834,True,2.5,2,0,3.0,0.7,20.56,8,16,12
AC3Placer,30,835,True,2.0,2,0,1.2344,0.0,21.39,8,13,2
AC3Placer,30,836,True,2.5216,3,0,1.9592,0.5,18.45,7,11,6
AC3Placer,30,837,True,2.5,3,0,0.9375,0.5,21.83,8,10,7
AC3Placer,30,838,True,2.0,2,2,2.8594,0.5,19.62,8,17,4
AC3Placer,30,839,True,2.5,2,0,2.7344,1.0,21.32,8,11,10
AC3Placer,30,840,True,2.4056,2,0,3.1094,1.0,21.25,8,15,8
AC3Placer,30,841,True,2.0,2,0,2.0,0.0,21.8,8,16,4
AC3Placer,30,842,True,2.5,2,0,2.0,1.0,20.38,8,12,9
AC3Placer,30,843,True,2.1281,2,0,0.6939,0.0,17.27,7,8,8
AC3Placer,30,844,True,1.6645,2,1,1.4286,1.0,18.24,7,14,4
AC3Placer,30,845,True,2.5216,3,1,3.0612,0.5,18.3,7,12,4
AC3Placer,30,846,True,2.5,2,0,2.0,0.9,21.56,8,12,9
AC3Placer,30,847,True,2.0,2,0,1.2344,0.0,20.42,8,13,5
AC3Placer,30,848,True,2.5,2,0,0.8594,1.0,19.27,8,9,6
AC3Placer,30,849,True,2.5,2,1,1.6094,0.0,19.67,8,9,5
AC3Placer,30,850,True,2.5,2,0,1.4375,-0.5,22.18,8,10,5
AC3Placer,30,851,True,2.5,2,0,2.1875,1.0,21.18,8,10,10
AC3Placer,30,852,True,2.4056,3,0,2.9375,0.6,20.64,8,14,10
AC3Placer,30,853,True,2.5,2,0,1.1875,0.0,18.72,8,10,6
AC3Placer,30,854,True,2.5,3,1,1.7344,0.1,20.51,8,13,6
AC3Placer,30,855,True,2.5,2,0,0.8594,0.8,21.39,8,7,6
AC3Placer,30,856,True,2.4056,3,1,1.7344,0.2,21.98,8,13,8
AC3Placer,30,857,True,2.5,2,2,1.2344,-0.4,21.45,8,13,8
AC3Placer,30,858,True,2.5,2,1,2.25,0.5,21.72,8,12,4
AC3Placer,30,859,True,2.5,3,1,1.0,0.2,22.03,8,12,10
AC3Placer,30,860,True,2.5216,2,1,1.3878,0.5,17.34,7,11,8
AC3Placer,30,861,True,2.1556,2,0,1.5,1.0,21.69,8,8,11
AC3Placer,30,862,True,2.5,3,0,0.9375,0.0,20.71,8,10,2
AC3Placer,30,863,True,2.1556,2,0,1.25,1.0,20.4,8,8,14
AC3Placer,30,864,True,2.1556,3,1,0.6875,0.5,21.9,8,6,10
AC3Placer,30,865,True,2.5,2,0,2.4844,0.0,20.03,8,11,3
AC3Placer,30,866,True,2.5,2,1,1.4844,0.5,20.42,8,11,6
AC3Placer,30,867,True,2.5216,3,1,1.9592,0.5,18.04,7,11,7
AC3Placer,30,868,True,2.5,2,0,2.2344,0.7,21.68,8,13,7
AC3Placer,30,869,True,2.5,2,0,1.25,0.8,19.56,8,8,8
AC3Placer,30,870,True,2.4056,2,1,3.75,0.5,21.2,8,16,9
AC3Placer,30,871,True,2.4056,2,1,2.4375,0.0,21.07,8,14,8
AC3Placer,30,872,True,2.4056,2,2,0.9375,0.5,22.13,8,10,4
AC3Placer,30,873,True,2.1281,3,1,1.9184,0.5,16.77,7,12,5
AC3Placer,30,874,True,2.5,2,0,1.1875,0.7,21.54,8,10,9
AC3Placer,30,875,True,2.4056,2,1,0.9844,0.0,22.16,8,11,2
AC3Placer,30,876,True,2.5,3,1,1.6875,0.9,22.15,8,10,12
AC3Placer,30,877,True,2.4056,2,0,1.2344,1.0,20.23,8,13,5
AC3Placer,30,878,True,2.5,3,0,1.9844,1.0,19.88,8,11,8
AC3Placer,30,879,True,2.5,3,1,1.1094,0.0,19.82,8,9,1
AC3Placer,30,880,True,2.5,2,1,1.9844,-0.5,21.96,8,11,5
AC3Placer,30,881,True,2.5,3,1,1.3594,0.0,21.62,8,9,6
AC3Placer,30,882,True,2.1281,2,1,0.5714,0.0,16.97,7,7,8
AC3Placer,30,883,True,2.4056,2,0,1.2344,1.0,20.31,8,11,8
AC3Placer,30,884,True,2.5,3,1,1.6875,1.0,21.1,8,10,6
AC3Placer,30,885,True,2.5,3,0,2.7344,0.5,21.88,8,13,4
AC3Placer,30,886,True,2.5,3,1,1.9844,0.5,20.06,8,11,3
AC3Placer,30,887,True,2.5,2,1,3.25,0.4,21.75,8,12,10
AC3Placer,30,888,True,2.0,3,1,2.1094,1.0,19.92,8,15,7
AC3Placer,30,889,True,2.1556,3,1,1.1094,0.8,19.86,8,7,14
AC3Placer,30,890,True,2.4056,3,1,2.7344,0.4,20.99,8,13,9
AC3Placer,30,891,True,2.5,2,1,1.25,0.5,22.12,8,8,4
AC3Placer,30,892,True,2.5,2,0,1.1875,0.0,21.74,8,10,3
AC3Placer,30,893,True,2.4056,3,0,2.2344,0.5,21.92,8,13,5
AC3Placer,30,894,True,2.1556,2,0,1.6094,0.8,21.46,8,9,14
AC3Placer,30,895,True,2.4056,2,1,1.2344,0.4,22.07,8,11,4
AC3Placer,30,896,True,2.5,3,1,1.1094,0.0,20.81,8,7,6
AC3Placer,30,897,True,2.4056,2,0,2.0,-0.5,20.99,8,12,9
AC3Placer,30,898,True,2.5,2,0,1.0,0.5,21.44,8,8,6
AC3Placer,30,899,True,2.1281,3,1,2.6939,0.8,17.48,7,15,9
AC3Placer,30,900,True,2.5,2,0,1.1094,-0.2,21.63,8,9,12
AC3Placer,30,901,True,2.4056,2,2,1.75,0.5,19.82,8,12,8
AC3Placer,30,902,True,2.2359,2,0,0.6939,0.5,15.7,7,6,6
AC3Placer,30,903,True,2.5,2,0,1.9844,0.0,16.9,8,11,3
AC3Placer,30,904,True,2.5216,2,0,1.6327,1.0,16.03,7,9,7
AC3Placer,30,905,True,2.5,3,0,2.0,0.6,22.01,8,12,6
AC3Placer,30,906,True,2.0,3,1,3.3594,0.0,22.64,8,17,2
AC3Placer,30,907,True,2.5216,2,2,1.102,0.4,17.77,7,10,7
AC3Placer,30,908,True,2.4056,2,1,1.2344,-0.5,21.14,8,11,10
AC3Placer,30,909,True,2.4056,3,0,3.4375,0.7143,19.03,8,14,10
AC3Placer,30,910,True,2.5,2,0,1.1094,0.5,22.35,8,9,10
AC3Placer,30,911,True,2.5,2,0,2.4844,0.4,21.0,8,13,9
AC3Placer,30,912,True,2.5,3,1,1.0,1.0,22.89,8,8,4
AC3Placer,30,913,True,2.0,2,0,1.4375,0.0,21.26,8,14,3
AC3Placer,30,914,True,2.5216,2,1,1.2653,-1.0,19.07,7,8,5
AC3Placer,30,915,True,2.4056,2,0,3.1094,0.5,22.84,8,15,5
AC3Placer,30,916,True,2.4056,3,0,0.6875,1.0,19.94,8,10,4
AC3Placer,30,917,True,2.1281,2,0,2.6939,1.0,19.28,7,13,5
AC3Placer,30,918,True,2.5,2,0,0.9375,0.8,20.92,8,10,5
AC3Placer,30,919,True,2.5,3,0,1.25,0.4,22.8,8,12,6
AC3Placer,30,920,True,2.5,3,1,0.6094,0.0,20.81,8,7,5
AC3Placer,30,921,True,2.5,3,0,2.1094,1.0,21.69,8,9,9
AC3Placer,30,922,True,2.5,3,0,1.4375,0.5,22.21,8,10,9
AC3Placer,30,923,True,2.5216,2,0,0.7755,1.0,18.95,7,9,6
AC3Placer,30,924,True,2.5,3,1,0.8594,0.2,21.66,8,9,6
AC3Placer,30,925,True,2.5216,2,2,0.6939,0.0,17.56,7,8,6
AC3Placer,30,926,True,2.5216,2,0,1.3878,0.5,16.72,7,11,7
AC3Placer,30,927,True,2.5216,2,1,1.9592,0.0,17.31,7,11,6
AC3Placer,30,928,True,2.5,3,0,2.4375,0.4,20.71,8,14,8
AC3Placer,30,929,True,2.4056,3,0,3.3594,0.5,19.79,8,17,6
AC3Placer,30,930,True,2.4056,3,1,1.0,1.0,20.82,8,12,7
AC3Placer,30,931,True,2.5,2,1,1.2344,-1.0,20.27,8,11,8
AC3Placer,30,932,True,2.2359,3,1,2.2041,1.0,18.97,7,9,11
AC3Placer,30,933,True,2.5,3,1,1.1094,0.5,21.35,8,7,7
AC3Placer,30,934,True,2.5216,3,1,1.2653,0.1,16.28,7,8,9
AC3Placer,30,935,True,2.0,2,0,2.75,-0.5,22.58,8,16,11
AC3Placer,30,936,True,2.5,2,0,2.75,0.5,20.45,8,12,8
AC3Placer,30,937,True,2.5216,2,0,1.1429,0.0,18.82,7,7,2
AC3Placer,30,938,True,2.4056,2,0,3.6094,0.8,21.67,8,17,9
AC3Placer,30,939,True,2.5,2,1,0.8594,0.1,22.19,8,7,8
AC3Placer,30,940,True,2.5,3,0,1.75,0.0,19.64,8,12,8
AC3Placer,30,941,True,2.4056,2,0,1.4844,0.0,20.93,8,13,8
AC3Placer,30,942,True,2.0,2,1,1.4844,0.0,21.13,8,13,3
AC3Placer,30,943,True,2.5,3,1,2.4844,0.1,29.54,8,11,9
AC3Placer,30,944,True,2.5216,2,1,2.2041,-0.4,23.0,7,12,7
AC3Placer,30,945,True,2.5,2,0,0.4375,1.0,25.25,8,6,5
AC3Placer,30,946,True,2.1281,3,1,1.3878,0.0,22.77,7,11,4
AC3Placer,30,947,True,2.5,3,0,2.25,0.6,27.09,8,12,11
AC3Placer,30,948,True,2.5216,3,1,2.8163,-1.0,28.42,7,11,6
AC3Placer,30,949,True,1.5488,2,1,1.5,0.0,27.59,8,16,2
AC3Placer,30,950,True,2.5,2,1,1.5,0.4,21.29,8,12,10
AC3Placer,30,951,True,2.5,2,0,2.4844,0.5,29.33,8,13,7
AC3Placer,30,952,True,2.5,2,0,0.75,1.0,24.89,8,8,10
AC3Placer,30,953,True,2.4056,2,0,1.4375,0.8,20.04,8,10,4
AC3Placer,30,954,True,2.5,3,0,1.4375,0.8,20.56,8,10,9
AC3Placer,30,955,True,2.5,2,0,1.7344,0.8,22.76,8,13,7
AC3Placer,30,956,True,2.0,2,1,1.8594,0.6,19.99,8,15,11
AC3Placer,30,957,True,2.1556,2,0,3.1094,1.0,22.01,8,15,10
AC3Placer,30,958,True,2.5216,3,1,2.5306,1.0,17.94,7,10,4
AC3Placer,30,959,True,2.2359,2,0,1.2653,1.0,17.39,7,8,9
AC3Placer,30,960,True,2.0,2,2,1.8594,0.4,19.0,8,15,11
AC3Placer,30,961,True,2.4056,2,1,2.0,-0.4,21.01,8,16,10
AC3Placer,30,962,True,2.5,2,0,1.6094,0.0,20.81,8,9,3
AC3Placer,30,963,True,2.4056,2,0,2.5,0.5,21.3,8,16,11
AC3Placer,30,964,True,2.5216,2,0,2.2041,1.0,16.44,7,12,7
AC3Placer,30,965,True,2.0,2,0,2.6094,1.0,21.41,8,15,6
AC3Placer,30,966,True,1.6645,2,1,1.7143,1.0,18.59,7,14,6
AC3Placer,30,967,True,2.5,2,1,1.6875,-1.0,20.07,8,10,5
AC3Placer,30,968,True,2.5,2,1,1.0,-0.5,21.11,8,8,4
AC3Placer,30,969,True,2.5216,3,0,1.6735,0.0,18.3,7,10,8
AC3Placer,30,970,True,2.5216,3,0,3.6327,0.5,17.61,7,12,11
AC3Placer,30,971,True,2.5,3,1,1.9375,0.9,21.17,8,10,9
AC3Placer,30,972,True,2.5216,2,1,0.9796,0.2,18.3,7,8,9
AC3Placer,30,973,True,2.0,3,0,2.25,0.0,20.31,8,16,7
AC3Placer,30,974,True,2.4056,2,0,1.4844,0.5,20.01,8,13,6
AC3Placer,30,975,True,2.5216,2,0,1.3878,0.9,20.12,7,10,6
AC3Placer,30,976,True,2.5,2,0,2.75,0.7,20.85,8,16,7
AC3Placer,30,977,True,2.5216,3,0,1.1429,1.0,17.01,7,7,7
AC3Placer,30,978,True,2.5216,2,1,2.5306,0.0,16.2,7,11,7
AC3Placer,30,979,True,2.5,2,0,1.5,0.9,20.55,8,8,12
AC3Placer,30,980,True,2.4056,2,0,2.9375,0.8,18.1,8,14,10
AC3Placer,30,981,True,2.5216,2,1,1.9592,0.0,18.36,7,11,5
AC3Placer,30,982,True,2.4056,2,0,1.1875,1.0,20.06,8,10,7
AC3Placer,30,983,True,2.5216,2,0,1.9592,0.0,18.35,7,11,7
AC3Placer,30,984,True,2.4056,2,1,1.1094,0.2,21.14,8,9,7
AC3Placer,30,985,True,2.5,3,0,0.6875,1.0,21.83,8,6,5
AC3Placer,30,986,True,2.5,2,0,2.2344,1.0,21.66,8,13,6
AC3Placer,30,987,True,2.5216,2,0,0.6939,0.0,19.19,7,8,5
AC3Placer,30,988,True,2.5216,3,0,0.7755,1.0,18.49,7,9,7
AC3Placer,30,989,True,2.5,2,0,2.4844,1.0,22.21,8,13,11
AC3Placer,30,990,True,2.1556,3,1,1.7344,1.0,20.91,8,11,10
AC3Placer,30,991,True,2.5,2,0,1.0,0.5,20.03,8,8,7
AC3Placer,30,992,True,2.4056,2,2,0.9375,0.0,21.51,8,10,10
AC3Placer,30,993,True,2.5216,2,1,1.9592,0.2,16.64,7,10,6
AC3Placer,30,994,True,2.5216,3,1,0.6939,0.0,18.66,7,8,7
AC3Placer,30,995,True,2.4056,2,0,2.5,1.0,23.25,8,16,9
AC3Placer,30,996,True,2.5,2,0,0.4375,0.5,20.61,8,6,3
AC3Placer,30,997,True,2.5,2,0,1.9375,1.0,21.21,8,10,6
AC3Placer,30,998,True,2.5216,2,0,1.9184,0.9,13.86,7,12,11
AC3Placer,30,999,True,2.5216,3,1,1.551,1.0,18.68,7,8,4
AC3Placer,40,0,True,1.9825,2,0,1.6667,0.2818,125.96,24,36,16
AC3Placer,40,1,True,2.119,4,1,1.7275,0.9394,105.91,20,27,19
AC3Placer,40,2,True,2.1471,4,1,1.6177,-0.2381,106.82,19,28,18
AC3Placer,40,3,True,1.9837,2,0,1.5264,0.5357,143.51,25,36,18
AC3Placer,40,4,True,1.9338,2,0,0.9256,0.8571,143.34,22,28,12
AC3Placer,40,5,True,1.8572,5,0,1.04,0.5088,149.87,25,25,27
AC3Placer,40,6,True,2.0688,3,0,1.3923,0.5667,110.46,21,31,20
AC3Placer,40,7,True,2.1471,2,0,2.7756,0.1879,93.43,19,29,16
AC3Placer,40,8,True,1.988,4,0,1.9887,0.4126,121.31,23,35,22
AC3Placer,40,9,True,1.9715,4,0,0.8544,0.3095,137.09,25,29,11
AC3Placer,40,10,True,1.9194,2,0,1.6059,0.3776,152.25,28,41,20
AC3Placer,40,11,True,2.0615,3,1,1.9029,0.5357,122.43,22,27,14
AC3Placer,40,12,True,2.0094,3,0,0.8733,0.5238,124.57,24,31,16
AC3Placer,40,13,True,2.0181,3,1,1.8979,0.5879,114.58,23,36,21
AC3Placer,40,14,True,1.8427,4,0,2.0357,0.0238,149.71,28,42,20
AC3Placer,40,15,True,1.9277,3,0,1.4556,0.5,122.0,23,37,12
AC3Placer,40,16,True,1.9715,3,0,1.5296,0.1667,134.87,25,38,14
AC3Placer,40,17,True,2.0027,3,0,1.9167,-0.3333,132.9,24,36,16
AC3Placer,40,18,True,1.9147,4,0,1.8099,0.2198,146.15,28,45,25
AC3Placer,40,19,True,1.9567,3,0,1.4985,0.2848,144.4,26,27,24
AC3Placer,40,20,True,1.9567,4,0,1.5976,0.1636,144.75,26,34,14
AC3Placer,40,21,True,1.9622,3,0,1.0429,0.3214,141.46,26,33,16
AC3Placer,40,22,True,2.0688,3,1,1.0794,0.9429,112.85,21,28,19
AC3Placer,40,23,True,2.1471,4,0,1.9834,0.4286,89.14,19,24,13
AC3Placer,40,24,True,2.0873,2,0,1.4422,0.4333,110.78,21,27,16
AC3Placer,40,25,True,2.1471,3,0,1.0748,0.8214,94.68,19,26,13
AC3Placer,40,26,True,1.9399,2,0,1.5399,0.1182,129.53,26,31,16
AC3Placer,40,27,True,1.9715,3,0,1.1424,-0.2619,134.51,25,31,14
AC3Placer,40,28,True,2.0533,3,0,1.8843,0.297,111.16,22,34,14
AC3Placer,40,29,True,1.7429,3,0,1.2455,0.7857,143.09,27,35,12
AC3Placer,40,30,True,2.0094,2,0,1.3264,0.1667,117.94,24,34,13
AC3Placer,40,31,True,1.8405,3,1,1.1178,0.4833,119.63,22,25,16
AC3Placer,40,32,True,1.8987,3,0,1.1094,0.2242,121.32,24,21,13
AC3Placer,40,33,True,1.939,4,0,0.8176,-0.0952,145.43,27,32,18
AC3Placer,40,34,True,2.0533,4,0,2.3802,-0.0333,110.45,22,38,22
AC3Placer,40,35,True,1.9567,4,1,1.929,0.65,135.15,26,42,20
AC3Placer,40,36,True,2.0615,3,0,1.0434,0.1091,116.91,22,23,17
AC3Placer,40,37,True,2.0533,2,0,0.7851,0.0,115.32,22,26,20
AC3Placer,40,38,True,2.0329,3,0,1.0964,0.15,118.33,23,31,15
AC3Placer,40,39,True,1.9481,2,0,1.5677,-0.297,131.98,24,39,17
AC3Placer,40,40,True,2.0615,3,0,1.3326,0.1429,118.97,22,31,17
AC3Placer,40,41,True,1.9837,4,0,1.9904,0.0667,131.89,25,34,10
AC3Placer,40,42,True,2.1087,3,0,1.94,0.0167,103.83,20,28,20
AC3Placer,40,43,True,1.9825,4,0,0.9722,0.2833,130.33,24,28,13
AC3Placer,40,44,True,2.0027,3,0,1.5816,0.1167,132.87,24,35,19
AC3Placer,40,45,True,1.9006,3,1,1.9528,0.0182,152.73,28,39,14
AC3Placer,40,46,True,2.1087,3,1,2.25,-0.0167,105.94,20,30,14
AC3Placer,40,47,True,1.9837,3,0,1.2704,0.2797,134.82,25,34,19
AC3Placer,40,48,True,2.0688,4,0,1.1565,0.4286,111.8,21,27,15
AC3Placer,40,49,True,1.7469,3,0,1.6094,0.0,131.83,24,45,15
AC3Placer,40,50,True,1.9399,3,0,1.1716,0.6364,144.37,26,38,15
AC3Placer,40,51,True,1.9194,3,0,1.6161,-0.1167,154.47,28,35,15
AC3Placer,40,52,True,2.1087,3,0,1.6475,0.7455,107.53,20,29,18
AC3Placer,40,53,True,1.999,2,0,0.8698,-0.0286,100.69,19,16,11
AC3Placer,40,54,True,2.0533,5,0,1.6963,0.7909,112.79,22,31,17
AC3Placer,40,55,True,2.0751,3,0,1.4571,0.3214,99.83,19,24,16
AC3Placer,40,56,True,1.9288,4,0,0.7353,-0.2,148.77,27,29,17
AC3Placer,40,57,True,1.9288,2,0,1.8052,-0.4857,151.82,27,41,10
AC3Placer,40,58,True,1.9194,3,0,1.3724,0.2517,153.28,28,38,18
AC3Placer,40,59,True,2.0533,4,0,0.9525,0.3095,113.74,22,21,19
AC3Placer,40,60,True,1.9481,2,0,2.0,0.1786,128.36,24,24,10
AC3Placer,40,61,True,1.9147,4,0,1.0957,0.1833,149.3,28,31,15
AC3Placer,40,62,True,1.9567,5,0,0.8521,-0.0238,140.61,26,36,12
AC3Placer,40,63,True,2.0329,2,0,0.9112,0.2797,120.41,23,24,21
AC3Placer,40,64,True,1.9006,4,0,1.1467,-0.0476,151.49,28,33,14
AC3Placer,40,65,True,1.9622,2,0,1.5444,0.6121,142.2,26,36,20
AC3Placer,40,66,True,2.0533,3,0,1.9442,0.1394,113.52,22,37,23
AC3Placer,40,67,True,1.9567,4,0,1.5562,-0.2381,140.55,26,38,14
AC3Placer,40,68,True,2.0533,2,0,1.3988,0.3095,115.25,22,29,15
AC3Placer,40,69,True,2.0181,5,0,1.8185,0.4286,143.96,23,25,20
AC3Placer,40,70,True,1.909,2,0,1.12,-0.1429,151.09,25,30,14
AC3Placer,40,71,True,1.8326,5,0,0.8264,0.2381,127.36,24,26,18
AC3Placer,40,72,True,1.9468,3,0,0.7584,0.25,133.92,25,24,16
AC3Placer,40,73,True,1.8984,4,1,1.201,-0.0286,161.08,29,40,17
AC3Placer,40,74,True,1.9837,4,0,1.8144,0.178,130.77,25,29,23
AC3Placer,40,75,True,1.939,2,0,1.2867,0.4,146.44,27,40,17
AC3Placer,40,76,True,2.0772,3,0,1.71,-0.7,104.84,20,26,18
AC3Placer,40,77,True,2.0181,2,0,1.9849,-0.619,120.7,23,36,17
AC3Placer,40,78,True,2.0533,3,0,1.4132,0.2833,120.41,22,30,23
AC3Placer,40,79,True,1.8984,4,0,1.4673,0.5175,157.5,29,39,19
AC3Placer,40,80,True,1.9567,3,0,1.5207,0.3929,139.72,26,34,13
AC3Placer,40,81,True,1.939,2,0,1.5089,-0.3,147.21,27,40,21
AC3Placer,40,82,True,1.9825,4,0,0.8733,0.2143,133.58,24,31,11
AC3Placer,40,83,True,1.9322,4,0,0.8481,0.3818,109.23,21,19,17
AC3Placer,40,84,True,2.119,3,0,2.34,0.2667,106.36,20,32,20
AC3Placer,40,85,True,2.0181,4,0,1.6938,-0.0091,125.14,23,24,16
AC3Placer,40,86,True,1.9653,4,0,1.4132,0.6571,117.64,22,30,10
AC3Placer,40,87,True,2.0329,4,0,1.1229,0.2242,123.64,23,25,15
AC3Placer,40,88,True,1.8767,3,0,1.3214,0.5769,149.64,28,42,20
AC3Placer,40,89,True,1.9399,4,0,1.7648,0.2308,140.08,26,43,25
AC3Placer,40,90,True,2.0688,3,0,2.2449,-0.1071,112.32,21,30,13
AC3Placer,40,91,True,1.9825,3,0,0.7431,0.1071,132.08,24,26,13
AC3Placer,40,92,True,2.0027,2,0,1.9149,-0.0165,128.65,24,35,23
AC3Placer,40,93,True,1.9825,4,0,1.2066,0.4176,127.97,24,31,24
AC3Placer,40,94,True,2.1235,3,0,1.1634,0.1636,94.71,19,25,21
AC3Placer,40,95,True,2.0027,3,0,2.2222,0.3833,139.07,24,44,13
AC3Placer,40,96,True,2.0751,2,0,0.7645,0.9,102.52,19,22,6
AC3Placer,40,97,True,1.9825,5,0,0.7066,0.3,125.97,24,25,8
AC3Placer,40,98,True,2.0533,4,0,1.3223,0.7167,112.59,22,30,17
AC3Placer,40,99,True,1.9622,4,0,1.4379,0.4788,142.18,26,30,21
AC3Placer,40,100,True,2.0688,2,0,0.7891,0.6071,112.68,21,24,13
AC3Placer,40,101,True,2.0027,4,0,1.4983,0.25,128.08,24,29,12
AC3Placer,40,102,True,1.9006,2,0,1.2181,0.2,155.59,28,37,16
AC3Placer,40,103,True,2.0027,3,0,0.9722,0.1758,129.27,24,32,18
AC3Placer,40,104,True,2.0232,4,0,0.81,0.5833,104.53,20,14,14
AC3Placer,40,105,True,1.909,2,0,1.76,0.75,136.42,25,35,10
AC3Placer,40,106,True,1.9859,2,0,2.4463,0.4755,119.02,22,42,20
AC3Placer,40,107,True,1.9115,3,1,1.7648,0.4476,134.49,26,35,20
AC3Placer,40,108,True,2.0232,3,1,0.89,0.5167,112.69,20,18,14
AC3Placer,40,109,True,1.9006,3,0,1.0344,0.3333,155.11,28,41,14
AC3Placer,40,110,True,1.9288,4,0,1.369,0.7,144.9,27,28,11
AC3Placer,40,111,True,1.9837,3,1,1.6096,0.6667,136.36,25,38,17
AC3Placer,40,112,True,1.8722,2,0,1.629,0.0714,150.42,29,44,15
AC3Placer,40,113,True,1.9301,4,0,1.374,0.2,93.92,19,32,7
AC3Placer,40,114,True,2.0329,4,0,1.4102,-0.25,120.94,23,29,15
AC3Placer,40,115,True,1.9399,3,0,1.5518,-0.2797,139.8,26,37,20
AC3Placer,40,116,True,2.0094,2,0,1.2483,0.2,127.99,24,35,19
AC3Placer,40,117,True,1.9837,3,0,2.1664,-0.1273,135.92,25,39,23
AC3Placer,40,118,True,2.0027,3,1,0.7899,0.4909,126.31,24,23,10
AC3Placer,40,119,True,1.9567,3,0,1.4038,0.1667,140.61,26,39,12
AC3Placer,40,120,True,2.0027,2,0,1.4722,-0.103,126.69,24,32,16
AC3Placer,40,121,True,2.0394,4,0,1.2475,0.25,105.5,20,29,14
AC3Placer,40,122,True,2.0329,4,0,1.3422,0.8929,122.11,23,30,13
AC3Placer,40,123,True,2.1087,4,0,2.04,0.3333,107.14,20,32,13
AC3Placer,40,124,True,1.9082,5,0,1.4595,-0.021,148.0,27,31,21
AC3Placer,40,125,True,2.0329,2,0,1.1153,0.1905,119.46,23,33,18
AC3Placer,40,126,True,1.939,2,0,1.5089,0.1071,153.02,27,40,12
AC3Placer,40,127,True,1.9837,4,1,1.6864,0.0357,137.65,25,36,20
AC3Placer,40,128,True,1.9825,3,0,1.8316,0.0833,120.67,24,37,25
AC3Placer,40,129,True,1.9859,2,0,1.3306,0.4762,120.35,22,26,16
AC3Placer,40,130,True,2.0027,4,0,1.9722,0.1667,128.19,24,44,16
AC3Placer,40,131,True,1.9006,3,0,1.3814,0.1182,153.82,28,39,18
AC3Placer,40,132,True,1.9837,4,0,1.5616,0.3167,134.13,25,32,14
AC3Placer,40,133,True,1.9837,2,0,1.68,-0.1,132.14,25,35,16
AC3Placer,40,134,True,1.9715,3,0,1.6096,0.1786,134.91,25,37,18
AC3Placer,40,135,True,1.8767,3,1,1.3099,0.6727,153.03,28,39,17
AC3Placer,40,136,True,1.9567,2,0,2.0429,0.0788,137.91,26,33,15
AC3Placer,40,137,True,1.9147,3,0,2.2755,0.1429,148.81,28,48,22
AC3Placer,40,138,True,2.0329,3,0,1.5501,0.1182,122.5,23,33,19
AC3Placer,40,139,True,1.8171,2,0,1.1716,0.6121,145.12,26,38,14
AC3Placer,40,140,True,2.0772,2,0,1.34,0.5727,155.36,20,32,24
AC3Placer,40,141,True,1.988,2,0,1.38,-0.0476,133.81,23,34,20
AC3Placer,40,142,True,1.9288,2,0,1.4184,0.4126,178.99,27,37,20
AC3Placer,40,143,True,2.0741,3,0,1.723,0.25,100.3,19,29,12
AC3Placer,40,144,True,2.0688,2,0,1.3243,0.0545,116.21,21,26,16
AC3Placer,40,145,True,1.9567,2,0,1.0533,-0.0238,139.79,26,30,10
AC3Placer,40,146,True,2.0329,3,0,1.1493,0.467,122.31,23,29,24
AC3Placer,40,147,True,2.0329,5,0,1.8979,0.4286,123.27,23,36,11
AC3Placer,40,148,True,1.9082,4,0,1.7147,-0.3833,147.63,27,44,11
AC3Placer,40,149,True,1.939,3,1,0.7846,0.0455,146.79,27,34,19
AC3Placer,40,150,True,2.0533,3,0,1.9752,0.3636,114.26,22,32,26
AC3Placer,40,151,True,2.1087,3,0,1.81,0.5636,105.68,20,26,18
AC3Placer,40,152,True,1.9147,2,0,1.2296,-0.3818,155.4,28,46,19
AC3Placer,40,153,True,2.1471,3,0,2.7756,0.5238,96.8,19,28,12
AC3Placer,40,154,True,2.0283,3,0,2.157,0.0,120.33,22,34,18
AC3Placer,40,155,True,2.0533,2,0,0.9587,0.6713,111.61,22,30,19
AC3Placer,40,156,True,1.9729,3,1,1.093,0.2857,111.39,21,22,16
AC3Placer,40,157,True,1.7979,4,0,1.7385,-0.1182,154.88,28,53,19
AC3Placer,40,158,True,2.1087,4,0,1.1475,-0.0545,108.09,20,21,15
AC3Placer,40,159,True,1.8764,4,0,1.8767,0.3545,160.05,30,51,20
AC3Placer,40,160,True,2.0329,4,0,2.1588,0.4333,124.2,23,33,20
AC3Placer,40,161,True,1.9147,2,0,1.5344,0.8736,153.75,28,41,20
AC3Placer,40,162,True,2.0533,2,0,1.126,0.7381,115.17,22,29,17
AC3Placer,40,163,True,2.0615,2,0,1.5393,0.4286,111.52,22,27,12
AC3Placer,40,164,True,2.0873,5,0,1.2517,0.35,108.9,21,27,12
AC3Placer,40,165,True,2.1087,3,1,1.1475,0.6571,109.7,20,19,9
AC3Placer,40,166,True,1.8722,3,0,1.1653,0.1667,158.81,29,37,17
AC3Placer,40,167,True,2.0329,5,0,1.6371,-0.5238,121.5,23,33,15
AC3Placer,40,168,True,1.9567,3,0,1.6346,0.0727,142.8,26,39,13
AC3Placer,40,169,True,1.8643,3,0,1.4222,0.1636,160.13,30,40,15
AC3Placer,40,170,True,2.0283,4,0,1.2087,0.9286,118.97,22,25,20
AC3Placer,40,171,True,1.939,2,0,1.1303,0.0,146.08,27,38,21
AC3Placer,40,172,True,1.8586,3,0,1.7211,0.3,114.91,22,39,10
AC3Placer,40,173,True,2.0027,2,0,1.1875,0.5333,125.83,24,30,15
AC3Placer,40,174,True,2.0027,3,0,1.4375,0.3667,124.11,24,30,18
AC3Placer,40,175,True,1.9859,3,0,1.5207,0.4762,112.0,22,32,12
AC3Placer,40,176,True,1.7682,3,0,0.7929,-0.6667,137.36,26,32,11
AC3Placer,40,177,True,2.0027,3,1,1.8264,0.522,123.27,24,38,22
AC3Placer,40,178,True,2.0533,3,0,1.6942,-0.2381,119.62,22,26,16
AC3Placer,40,179,True,2.0094,4,0,1.6597,0.0238,129.88,24,34,10
AC3Placer,40,180,True,2.0688,4,0,1.678,0.0476,113.84,21,25,13
AC3Placer,40,181,True,1.9859,3,0,2.4483,0.0667,113.67,22,39,22
AC3Placer,40,182,True,1.939,3,0,2.1591,0.1678,139.21,27,37,17
AC3Placer,40,183,True,1.9715,3,0,1.4464,0.3214,129.97,25,36,11
AC3Placer,40,184,True,1.9825,2,0,2.5764,-0.0167,130.21,24,38,13
AC3Placer,40,185,True,1.9825,3,0,0.9983,-0.0333,131.32,24,29,24
AC3Placer,40,186,True,1.9468,2,0,1.2416,0.0167,137.14,25,32,14
AC3Placer,40,187,True,1.8716,3,0,1.3254,0.8333,138.7,26,40,9
AC3Placer,40,188,True,2.1087,4,1,1.4475,0.6333,103.11,20,29,23
AC3Placer,40,189,True,1.9481,4,0,0.8264,0.5,126.58,24,26,13
AC3Placer,40,190,True,1.9399,4,0,1.4024,0.5833,132.89,26,40,23
AC3Placer,40,191,True,1.9837,2,0,2.0896,0.7273,137.48,25,37,15
AC3Placer,40,192,True,1.9567,4,0,1.8417,0.544,134.15,26,35,22
AC3Placer,40,193,True,2.0533,3,1,1.1508,0.3143,116.32,22,31,14
AC3Placer,40,194,True,2.0312,2,0,2.3129,-0.0364,111.1,21,39,23
AC3Placer,40,195,True,2.0873,3,0,1.3787,0.5182,109.84,21,29,21
AC3Placer,40,196,True,1.9416,3,0,2.2268,0.25,123.95,23,38,14
AC3Placer,40,197,True,1.9505,2,0,2.2604,0.5357,92.83,19,37,14
AC3Placer,40,198,True,1.9567,2,0,1.9364,0.3333,137.82,26,41,23
AC3Placer,40,199,True,2.0329,4,0,1.4442,0.1545,123.5,23,31,19
AC3Placer,40,200,True,1.9115,3,0,1.7056,-0.6071,133.75,26,37,15
AC3Placer,40,201,True,1.9399,3,0,0.9364,0.0714,139.98,26,37,13
AC3Placer,40,202,True,1.9006,2,0,1.0612,0.4545,151.52,28,36,19
AC3Placer,40,203,True,2.0873,3,0,1.9501,0.2381,100.69,21,29,11
AC3Placer,40,204,True,2.0873,4,0,1.5828,0.7143,108.85,21,31,15
AC3Placer,40,205,True,1.9399,3,1,2.4749,0.2857,145.25,26,41,20
AC3Placer,40,206,True,2.0027,3,0,1.6389,0.381,125.84,24,32,13
AC3Placer,40,207,True,1.9825,3,0,1.8264,0.4909,129.24,24,34,17
AC3Placer,40,208,True,1.9481,3,0,1.2483,0.0167,128.74,24,35,17
AC3Placer,40,209,True,2.0615,5,0,1.4318,-0.0238,119.88,22,33,13
AC3Placer,40,210,True,1.9825,3,0,0.8733,0.4182,130.99,24,25,24
AC3Placer,40,211,True,1.9837,3,0,0.8576,0.3333,137.16,25,33,21
AC3Placer,40,212,True,1.9491,2,0,0.9167,0.3714,95.45,18,15,16
AC3Placer,40,213,True,1.9622,4,0,1.0237,0.7413,143.07,26,32,14
AC3Placer,40,214,True,1.8643,4,0,1.2889,0.4286,163.27,30,40,16
AC3Placer,40,215,True,2.0615,2,0,1.7211,0.4,115.96,22,27,19
AC3Placer,40,216,True,2.0181,3,0,1.7164,0.6429,119.08,23,37,17
AC3Placer,40,217,True,2.0533,4,0,1.4236,0.3,116.76,22,31,16
AC3Placer,40,218,True,2.119,2,0,1.95,-0.1333,95.97,20,30,15
AC3Placer,40,219,True,1.8572,3,1,2.0576,-0.4476,133.56,25,42,21
AC3Placer,40,220,True,2.0027,2,0,0.526,0.3,128.71,24,21,14
AC3Placer,40,221,True,1.9242,2,0,1.876,0.1119,114.27,22,26,16
AC3Placer,40,222,True,1.9622,3,0,1.7751,0.0636,141.91,26,36,20
AC3Placer,40,223,True,1.9825,2,0,1.3264,0.0,132.12,24,34,12
AC3Placer,40,224,True,1.9288,3,0,1.8711,-0.2242,148.61,27,43,18
AC3Placer,40,225,True,1.9147,3,0,0.8202,-0.103,152.08,28,29,15
AC3Placer,40,226,True,1.9416,2,0,1.4783,0.619,125.99,23,23,16
AC3Placer,40,227,True,2.1235,3,1,1.1025,-0.8095,95.57,19,20,13
AC3Placer,40,228,True,1.9825,2,0,1.901,0.1727,129.41,24,33,21
AC3Placer,40,229,True,2.0283,2,0,1.0599,0.0952,108.97,22,31,15
AC3Placer,40,230,True,1.9277,4,0,0.9338,0.7714,128.25,23,32,11
AC3Placer,40,231,True,2.0873,3,0,1.229,0.4286,113.15,21,26,13
AC3Placer,40,232,True,1.9653,4,0,1.7872,0.7727,166.38,22,35,16
AC3Placer,40,233,True,1.9468,3,0,1.1776,-0.2,151.37,25,33,18
AC3Placer,40,234,True,2.02,3,1,1.31,-0.5357,100.81,20,34,12
AC3Placer,40,235,True,1.9567,3,0,1.5562,0.2857,138.98,26,38,15
AC3Placer,40,236,True,2.0027,2,0,1.6875,0.1608,130.28,24,42,23
AC3Placer,40,237,True,1.9859,2,0,1.9029,0.7,118.31,22,39,17
AC3Placer,40,238,True,2.0873,4,0,1.3469,0.2857,108.99,21,27,22
AC3Placer,40,239,True,2.0533,3,0,1.5207,0.2381,117.59,22,34,21
AC3Placer,40,240,True,2.1087,2,0,2.16,0.2848,104.17,20,24,19
AC3Placer,40,241,True,2.0027,3,1,1.3316,0.5476,123.75,24,29,16
AC3Placer,40,242,True,1.9837,2,0,2.0864,0.3929,130.79,25,39,17
AC3Placer,40,243,True,1.939,4,0,1.3196,-0.0714,145.06,27,35,15
AC3Placer,40,244,True,1.8171,3,1,0.8402,0.6545,141.78,26,28,14
AC3Placer,40,245,True,2.0027,4,0,0.9427,0.3571,131.41,24,27,16
AC3Placer,40,246,True,1.9825,2,0,1.1649,-0.0238,128.42,24,29,12
AC3Placer,40,247,True,1.9729,5,0,1.1565,-0.8286,104.98,21,27,11
AC3Placer,40,248,True,1.9715,4,0,1.36,0.5273,141.2,25,25,16
AC3Placer,40,249,True,2.0181,3,0,0.8696,-0.5429,122.73,23,23,15
AC3Placer,40,250,True,2.1054,3,0,1.1265,0.5476,92.02,18,25,21
AC3Placer,40,251,True,1.9622,2,0,0.9941,0.3095,146.6,26,28,16
AC3Placer,40,252,True,2.0615,4,0,0.812,-0.2333,120.77,22,27,17
AC3Placer,40,253,True,2.0094,2,0,1.4722,-0.103,135.94,24,32,21
AC3Placer,40,254,True,1.9082,3,0,0.5871,-0.1636,162.18,27,25,11
AC3Placer,40,255,True,1.8768,2,0,1.7147,0.0667,148.11,27,44,16
AC3Placer,40,256,True,1.8764,3,0,1.7389,0.2636,155.93,30,35,18
AC3Placer,40,257,True,2.0688,2,0,1.6735,0.2333,112.0,21,30,16
AC3Placer,40,258,True,2.0533,2,0,2.157,-0.1333,112.71,22,34,21
AC3Placer,40,259,True,1.9859,2,0,1.4711,0.4545,116.44,22,28,15
AC3Placer,40,260,True,2.0283,2,0,1.2727,0.3214,119.04,22,22,16
AC3Placer,40,261,True,1.9242,3,0,0.8678,0.8,109.45,22,30,16
AC3Placer,40,262,True,1.9194,2,0,2.4528,-0.2657,150.37,28,39,23
AC3Placer,40,263,True,1.9859,2,0,1.7438,0.2727,121.18,22,28,13
AC3Placer,40,264,True,1.8709,3,1,1.1139,0.3214,145.59,26,27,10
AC3Placer,40,265,True,1.9859,4,0,1.5723,0.4727,122.34,22,25,16
AC3Placer,40,266,True,1.9715,4,0,1.6704,0.5664,138.18,25,34,14
AC3Placer,40,267,True,2.0873,2,0,2.0136,0.7902,110.88,21,36,19
AC3Placer,40,268,True,1.8767,2,0,1.2487,0.1333,205.45,28,43,15
AC3Placer,40,269,True,2.0312,3,0,1.3469,0.6242,132.52,21,27,18
AC3Placer,40,270,True,2.0094,3,0,1.4097,0.4643,129.51,24,26,16
AC3Placer,40,271,True,1.9825,3,0,1.4375,0.4833,129.85,24,30,17
AC3Placer,40,272,True,2.0329,4,0,1.811,0.3455,122.26,23,36,18
AC3Placer,40,273,True,2.0094,2,0,1.3316,0.65,132.06,24,37,17
AC3Placer,40,274,True,1.8984,4,0,1.0749,-0.0238,178.35,29,42,13
AC3Placer,40,275,True,1.9488,3,1,1.4631,0.5333,131.83,23,33,18
AC3Placer,40,276,True,1.9242,4,0,2.562,-0.1667,136.2,22,38,16
AC3Placer,40,277,True,2.0283,4,0,1.1756,-0.0286,121.86,22,27,9
AC3Placer,40,278,True,2.0027,3,0,1.2483,-0.7143,124.21,24,35,9
AC3Placer,40,279,True,2.0094,4,0,1.6233,0.4,124.46,24,31,16
AC3Placer,40,280,True,1.8709,3,0,1.8476,0.4727,143.51,26,47,20
AC3Placer,40,281,True,2.0283,3,1,1.2087,0.6044,116.56,22,25,19
AC3Placer,40,282,True,1.8855,3,0,1.5475,0.4833,103.49,20,29,13
AC3Placer,40,283,True,2.0873,2,0,1.483,-0.1786,111.2,21,30,13
AC3Placer,40,284,True,1.9147,4,0,1.5753,0.0839,150.48,28,37,16
AC3Placer,40,285,True,1.8897,4,0,1.0012,0.1429,158.61,29,41,11
AC3Placer,40,286,True,1.9288,3,0,0.9492,0.1727,149.92,27,35,15
AC3Placer,40,287,True,2.0181,3,0,1.3762,0.5758,120.37,23,36,12
AC3Placer,40,288,True,2.0094,3,0,1.1597,0.6909,130.62,24,34,15
AC3Placer,40,289,True,2.0027,4,0,0.9931,0.4303,122.74,24,26,14
AC3Placer,40,290,True,1.9399,3,0,0.8402,0.2667,144.08,26,28,14
AC3Placer,40,291,True,1.909,2,0,1.2,0.7636,137.95,25,30,18
AC3Placer,40,292,True,1.9715,2,0,1.7056,0.6455,133.46,25,28,20
AC3Placer,40,293,True,2.0312,3,0,1.2834,0.021,111.77,21,20,16
AC3Placer,40,294,True,1.9288,4,0,1.2785,-0.2667,147.96,27,38,16
AC3Placer,40,295,True,1.9715,2,0,1.3504,0.3333,137.08,25,34,12
AC3Placer,40,296,True,1.9729,3,0,1.5828,0.6,112.49,21,31,20
AC3Placer,40,297,True,1.9082,2,0,1.3937,0.2619,144.07,27,35,11
AC3Placer,40,298,True,1.9567,4,0,1.0725,0.478,142.38,26,35,29
AC3Placer,40,299,True,1.9715,2,0,1.9296,0.4374,130.71,25,37,21
AC3Placer,40,300,True,2.0329,2,0,2.4197,-0.103,122.57,23,33,16
AC3Placer,40,301,True,1.9859,3,0,0.7707,0.5315,116.15,22,23,17
AC3Placer,40,302,True,2.0094,2,0,1.3177,0.4126,130.15,24,33,23
AC3Placer,40,303,True,1.9837,4,0,1.4976,0.6,132.71,25,42,13
AC3Placer,40,304,True,1.9147,4,0,1.2806,0.6167,153.1,28,30,12
AC3Placer,40,305,True,1.9567,2,0,1.3254,0.1636,138.28,26,38,20
AC3Placer,40,306,True,1.9082,2,0,1.0645,0.2667,149.8,27,41,12
AC3Placer,40,307,True,1.9416,3,1,1.5614,0.3576,125.22,23,28,19
AC3Placer,40,308,True,1.988,4,0,1.7051,0.1071,125.59,23,31,10
AC3Placer,40,309,True,1.9859,2,0,0.4711,0.4286,95.71,22,16,9
AC3Placer,40,310,True,1.9288,4,1,1.0069,0.6071,143.14,27,34,14
AC3Placer,40,311,True,2.0329,4,1,0.775,-0.1167,122.83,23,25,17
AC3Placer,40,312,True,1.8768,3,0,1.7147,0.5,152.18,27,37,22
AC3Placer,40,313,True,1.9194,5,0,1.2895,0.1091,147.91,28,37,18
AC3Placer,40,314,True,2.1087,2,0,1.0475,0.1429,107.2,20,31,12
AC3Placer,40,315,True,1.9468,3,1,0.7936,-0.4727,132.27,25,27,16
AC3Placer,40,316,True,2.0533,3,1,0.9008,-0.0714,114.5,22,24,12
AC3Placer,40,317,True,2.0394,3,0,1.7275,0.619,104.18,20,27,12
AC3Placer,40,318,True,2.0283,4,0,2.5207,0.2857,119.35,22,34,15
AC3Placer,40,319,True,2.0741,3,0,2.2493,0.2909,99.25,19,28,18
AC3Placer,40,320,True,1.9481,4,0,0.776,0.5,129.18,24,27,19
AC3Placer,40,321,True,2.1235,3,1,2.9806,0.2,99.93,19,30,11
AC3Placer,40,322,True,2.0772,3,0,0.8275,0.8061,109.81,20,23,16
AC3Placer,40,323,True,1.8643,3,0,0.8489,0.1833,161.38,30,34,18
AC3Placer,40,324,True,1.9825,4,0,1.0764,0.5,135.29,24,26,17
AC3Placer,40,325,True,2.0533,5,0,1.4897,0.15,109.17,22,29,15
AC3Placer,40,326,True,2.0094,3,1,1.5399,-0.2857,129.6,24,31,19
AC3Placer,40,327,True,1.9242,2,0,0.9029,0.1119,115.93,22,17,16
AC3Placer,40,328,True,1.8427,2,0,1.5753,-0.0545,153.66,28,37,14
AC3Placer,40,329,True,1.8095,4,0,1.2461,0.3833,153.86,29,34,12
AC3Placer,40,330,True,2.0181,5,0,1.5425,0.1636,120.14,23,37,18
AC3Placer,40,331,True,2.0533,3,0,1.1488,0.8061,119.31,22,26,15
AC3Placer,40,332,True,1.9082,4,0,0.9136,0.4273,142.59,27,30,18
AC3Placer,40,333,True,1.9399,2,0,1.4379,0.2176,139.28,26,30,19
AC3Placer,40,334,True,1.8427,4,0,1.4235,0.7273,152.77,28,30,17
AC3Placer,40,335,True,1.9115,2,0,1.7056,0.3212,135.81,26,41,19
AC3Placer,40,336,True,1.7272,3,0,2.0059,0.7636,138.85,26,42,17
AC3Placer,40,337,True,2.0533,3,0,2.3409,0.3182,112.7,22,33,12
AC3Placer,40,338,True,1.9288,4,0,1.3937,0.4685,150.23,27,35,16
AC3Placer,40,339,True,1.9766,3,0,1.2971,0.6571,105.28,21,32,12
AC3Placer,40,340,True,2.0533,2,0,0.719,0.2857,111.66,22,24,16
AC3Placer,40,341,True,1.988,2,0,1.8639,0.75,121.26,23,30,10
AC3Placer,40,342,True,1.988,4,0,1.3573,0.3916,119.41,23,31,15
AC3Placer,40,343,True,1.7979,2,0,0.5753,0.1515,154.27,28,23,17
AC3Placer,40,344,True,2.0632,4,0,1.036,0.7697,101.44,19,24,18
AC3Placer,40,345,True,2.0533,5,0,0.936,0.6429,113.95,22,25,18
AC3Placer,40,346,True,2.0094,2,0,1.026,0.2242,132.85,24,27,14
AC3Placer,40,347,True,1.9082,3,0,1.284,0.4636,144.56,27,33,18
AC3Placer,40,348,True,1.8767,3,0,0.852,0.1152,149.88,28,26,16
AC3Placer,40,349,True,2.0329,2,0,1.845,-0.0813,116.38,23,29,23
AC3Placer,40,350,True,2.0533,2,0,1.5124,0.3571,104.13,22,26,14
AC3Placer,40,351,True,1.939,4,0,1.0727,-0.2381,142.43,27,28,16
AC3Placer,40,352,True,2.0688,4,0,2.0136,0.3095,109.72,21,27,19
AC3Placer,40,353,True,2.0533,4,0,1.6116,0.5275,114.67,22,32,21
AC3Placer,40,354,True,2.0533,2,0,1.9752,0.619,115.3,22,34,15
AC3Placer,40,355,True,1.9837,3,0,1.12,0.6071,131.99,25,35,14
AC3Placer,40,356,True,1.909,4,0,2.72,0.65,133.21,25,45,13
AC3Placer,40,357,True,2.0329,3,0,1.5312,-0.3214,124.09,23,31,15
AC3Placer,40,358,True,1.9399,3,0,1.2322,0.2273,138.87,26,31,16
AC3Placer,40,359,True,1.9006,4,0,1.8202,0.2636,152.78,28,43,18
AC3Placer,40,360,True,2.0094,3,0,1.8316,0.05,131.22,24,35,15
AC3Placer,40,361,True,2.119,3,0,1.1275,0.3833,103.55,20,27,20
AC3Placer,40,362,True,1.9567,4,0,1.6524,0.5909,144.39,26,25,17
AC3Placer,40,363,True,2.0533,3,0,0.9525,0.0636,116.64,22,21,15
AC3Placer,40,364,True,2.0181,2,0,1.8147,0.6071,119.03,23,34,13
AC3Placer,40,365,True,2.0232,3,0,1.89,0.4286,98.61,20,22,14
AC3Placer,40,366,True,1.9825,3,0,1.2066,0.7619,126.66,24,31,11
AC3Placer,40,367,True,1.8427,2,0,2.3099,-0.021,143.28,28,39,23
AC3Placer,40,368,True,1.9715,4,0,1.2896,0.4286,124.07,25,38,12
AC3Placer,40,369,True,1.9006,4,0,1.0612,0.6071,152.27,28,36,14
AC3Placer,40,370,True,2.0688,2,0,1.2381,0.2143,115.37,21,21,14
AC3Placer,40,371,True,1.939,2,0,1.7284,0.0182,146.42,27,42,19
AC3Placer,40,372,True,2.0312,3,0,0.9025,0.6,114.95,21,22,15
AC3Placer,40,373,True,2.0283,3,0,1.407,0.0,117.8,22,23,22
AC3Placer,40,374,True,2.0283,3,0,2.1074,0.297,117.98,22,38,19
AC3Placer,40,375,True,1.9825,3,0,1.5816,0.103,132.74,24,37,18
AC3Placer,40,376,True,1.9622,3,0,1.2737,-0.1786,135.42,26,33,11
AC3Placer,40,377,True,2.0688,2,0,2.0454,0.3455,105.12,21,29,16
AC3Placer,40,378,True,2.0283,4,0,2.4215,0.5545,116.89,22,40,23
AC3Placer,40,379,True,1.9825,5,1,1.7344,0.8833,131.42,24,33,12
AC3Placer,40,380,True,1.9622,2,0,1.4024,-0.103,138.99,26,40,13
AC3Placer,40,381,True,2.0329,4,0,0.8393,0.3,123.57,23,27,11
AC3Placer,40,382,True,2.0873,2,0,0.8481,0.3,112.79,21,23,18
AC3Placer,40,383,True,1.9147,3,0,1.0038,0.0857,149.11,28,37,9
AC3Placer,40,384,True,1.9005,4,0,2.3776,0.6099,134.93,25,42,22
AC3Placer,40,385,True,2.0688,3,0,1.2834,0.3,110.29,21,22,17
AC3Placer,40,386,True,1.9567,3,1,1.4808,0.5545,134.59,26,39,15
AC3Placer,40,387,True,2.0232,5,0,1.0275,-0.9,99.58,20,23,15
AC3Placer,40,388,True,1.9147,2,0,1.0242,-0.1515,150.26,28,39,20
AC3Placer,40,389,True,1.9006,2,0,1.1161,0.5,154.62,28,35,23
AC3Placer,40,390,True,2.0772,3,0,1.3475,0.8929,106.55,20,21,11
AC3Placer,40,391,True,2.0632,3,0,0.9307,0.9524,93.2,19,24,10
AC3Placer,40,392,True,1.7979,3,1,1.4898,-0.0588,147.44,28,36,20
AC3Placer,40,393,True,1.9192,4,0,1.11,0.2619,104.79,20,26,13
AC3Placer,40,394,True,1.8987,4,0,2.1597,0.2606,129.18,24,50,17
AC3Placer,40,395,True,2.1471,2,0,1.313,0.7091,99.08,19,20,20
AC3Placer,40,396,True,1.9715,4,0,2.32,0.6364,136.17,25,45,14
AC3Placer,40,397,True,1.9006,3,0,1.7398,0.2364,148.22,28,50,14
AC3Placer,40,398,True,1.9082,4,0,1.2209,0.2,150.79,27,28,17
AC3Placer,40,399,True,1.7895,3,1,1.7024,0.5,132.87,25,44,13
AC3Placer,40,400,True,1.9399,2,0,1.9246,0.5385,138.8,26,31,18
AC3Placer,40,401,True,1.988,2,0,0.9527,0.2857,126.57,23,28,16
AC3Placer,40,402,True,2.0772,4,1,1.9475,0.5,99.03,20,29,17
AC3Placer,40,403,True,1.9729,4,0,1.3787,0.0952,110.37,21,34,15
AC3Placer,40,404,True,2.0329,3,0,0.9263,0.619,121.74,23,27,17
AC3Placer,40,405,True,1.8854,3,1,1.4318,0.1667,113.91,22,33,18
AC3Placer,40,406,True,1.8764,4,0,1.1156,0.1455,159.78,30,34,18
AC3Placer,40,407,True,1.9859,4,1,1.0826,0.6084,113.63,22,24,21
AC3Placer,40,408,True,1.9567,4,0,1.5044,-0.1071,139.19,26,33,15
AC3Placer,40,409,True,1.8427,3,1,0.9732,-0.1,151.03,28,35,17
AC3Placer,40,410,True,2.1471,3,0,1.1468,0.6786,100.66,19,17,14
AC3Placer,40,411,True,1.9715,3,0,1.3696,0.1912,128.7,25,37,25
AC3Placer,40,412,True,2.0533,2,0,1.562,0.5524,118.34,22,28,21
AC3Placer,40,413,True,1.9825,3,0,2.3542,0.0165,129.85,24,42,24
AC3Placer,40,414,True,2.0181,4,0,1.8979,0.5455,120.81,23,33,22
AC3Placer,40,415,True,1.9288,2,0,1.155,0.1394,144.05,27,34,15
AC3Placer,40,416,True,2.0615,4,0,0.8616,0.3214,115.8,22,23,16
AC3Placer,40,417,True,1.9567,3,0,0.9763,0.7143,139.63,26,30,8
AC3Placer,40,418,True,2.0772,3,0,1.2475,0.0,105.86,20,19,7
AC3Placer,40,419,True,1.9837,2,0,1.3216,0.7381,135.31,25,32,13
AC3Placer,40,420,True,1.939,2,0,1.3333,-0.1273,137.85,27,36,16
AC3Placer,40,421,True,1.9715,2,0,1.2864,-0.1121,135.58,25,39,29
AC3Placer,40,422,True,2.0533,4,1,1.1178,-0.0167,117.25,22,25,14
AC3Placer,40,423,True,1.9837,2,0,1.0304,-0.6071,134.44,25,34,19
AC3Placer,40,424,True,2.0028,2,0,1.0385,0.8929,110.69,21,23,11
AC3Placer,40,425,True,1.9715,2,0,1.1424,0.1429,127.35,25,31,6
AC3Placer,40,426,True,2.0329,3,0,1.7278,0.4167,122.63,23,35,12
AC3Placer,40,427,True,2.0283,4,0,1.9587,0.2,122.42,22,36,11
AC3Placer,40,428,True,2.1087,4,0,1.94,0.3143,99.59,20,32,12
AC3Placer,40,429,True,2.1087,4,1,1.46,0.381,102.86,20,24,19
AC3Placer,40,430,True,2.0772,3,0,1.3275,0.5238,101.12,20,17,11
AC3Placer,40,431,True,1.909,3,0,1.2896,0.6333,132.16,25,37,11
AC3Placer,40,432,True,1.9837,4,0,0.7744,-0.2857,137.02,25,29,11
AC3Placer,40,433,True,1.9416,3,0,1.1682,0.3132,123.32,23,30,26
AC3Placer,40,434,True,1.8897,2,0,2.1807,0.0545,148.14,29,44,14
AC3Placer,40,435,True,2.0181,2,0,1.2552,0.6833,119.1,23,30,14
AC3Placer,40,436,True,1.8709,3,0,1.0592,-0.6071,126.98,26,34,9
AC3Placer,40,437,True,2.0312,3,0,1.6644,0.4727,109.1,21,29,24
AC3Placer,40,438,True,1.8767,3,0,1.1224,0.7182,149.77,28,32,21
AC3Placer,40,439,True,1.9837,4,0,1.28,-0.1333,133.37,25,40,24
AC3Placer,40,440,True,2.0181,2,0,0.9225,0.4857,126.2,23,31,7
AC3Placer,40,441,True,1.9468,4,0,1.3216,0.9429,136.17,25,32,16
AC3Placer,40,442,True,2.0027,2,0,1.2344,0.6,134.33,24,33,20
AC3Placer,40,443,True,2.0873,2,0,1.1701,0.25,110.83,21,24,14
AC3Placer,40,444,True,1.9438,4,0,2.0275,-0.3,107.6,20,33,12
AC3Placer,40,445,True,1.8987,2,0,1.7708,0.3545,128.2,24,42,26
AC3Placer,40,446,True,1.9622,4,0,1.179,0.3818,141.25,26,29,14
AC3Placer,40,447,True,2.0873,3,0,1.4603,0.3095,107.39,21,28,18
AC3Placer,40,448,True,1.9859,4,0,1.9752,0.25,119.3,22,34,17
AC3Placer,40,449,True,1.8177,4,0,1.0151,0.9,139.24,27,31,14
AC3Placer,40,450,True,2.0873,3,1,1.229,0.2381,109.19,21,26,13
AC3Placer,40,451,True,2.0533,4,0,1.6033,0.3214,116.33,22,26,9
AC3Placer,40,452,True,2.0533,3,0,1.3409,0.9167,117.86,22,33,16
AC3Placer,40,453,True,1.8984,2,0,1.679,0.35,156.3,29,32,15
AC3Placer,40,454,True,1.9825,4,0,1.3316,0.1333,133.02,24,29,12
AC3Placer,40,455,True,1.9715,3,0,0.64,0.3333,139.78,25,25,14
AC3Placer,40,456,True,2.0873,2,0,1.2698,0.4286,97.25,21,28,14
AC3Placer,40,457,True,1.9567,2,0,2.4852,0.4545,139.34,26,46,15
AC3Placer,40,458,True,1.9006,3,0,2.2449,0.4231,151.77,28,44,22
AC3Placer,40,459,True,1.9837,3,0,0.9856,0.7818,136.44,25,28,19
AC3Placer,40,460,True,2.0181,2,0,1.4442,0.5636,116.19,23,31,16
AC3Placer,40,461,True,1.9622,3,0,1.0962,0.4424,140.82,26,39,22
AC3Placer,40,462,True,1.8854,3,1,1.3554,0.4762,107.54,22,24,13
AC3Placer,40,463,True,1.9006,3,1,1.5357,0.2167,151.43,28,42,16
AC3Placer,40,464,True,2.0094,2,0,2.0816,0.1253,122.81,24,35,21
AC3Placer,40,465,True,1.9825,4,0,1.651,-0.7143,130.13,24,39,11
AC3Placer,40,466,True,2.1235,3,0,1.7064,0.5714,99.37,19,26,16
AC3Placer,40,467,True,1.8774,5,0,1.5577,0.3636,125.29,23,25,19
AC3Placer,40,468,True,1.988,3,0,0.5936,0.1333,124.31,23,33,19
AC3Placer,40,469,True,1.8767,2,0,1.0612,-0.0286,149.59,28,36,12
AC3Placer,40,470,True,1.909,3,0,1.6256,-0.0061,136.29,25,28,17
AC3Placer,40,471,True,2.0533,3,0,1.5393,0.5727,114.98,22,27,14
AC3Placer,40,472,True,1.9242,3,0,1.0826,0.85,110.68,22,24,17
AC3Placer,40,473,True,2.1087,2,0,0.9875,0.3214,102.96,20,25,12
AC3Placer,40,474,True,1.988,2,0,1.2136,0.1636,121.61,23,28,15
AC3Placer,40,475,True,2.0778,4,0,2.4648,0.5879,76.41,16,21,15
AC3Placer,40,476,True,1.8055,4,1,1.2675,0.5734,159.49,29,35,15
AC3Placer,40,477,True,1.9859,4,0,0.9256,0.3214,113.43,22,28,13
AC3Placer,40,478,True,2.0533,3,0,1.7045,0.4126,117.57,22,33,24
AC3Placer,40,479,True,1.9416,3,0,1.2968,0.4273,120.2,23,25,16
AC3Placer,40,480,True,2.0772,5,0,1.0,0.5,104.03,20,20,12
AC3Placer,40,481,True,1.8183,2,0,1.9773,0.3273,111.36,22,33,20
AC3Placer,40,482,True,1.9481,3,0,1.7431,0.3,126.29,24,38,19
AC3Placer,40,483,True,1.988,3,1,0.6011,0.5333,125.17,23,21,17
AC3Placer,40,484,True,1.939,3,1,2.1015,0.5636,150.13,27,41,18
AC3Placer,40,485,True,1.9825,2,0,1.7431,-0.2333,131.76,24,38,20
AC3Placer,40,486,True,1.8338,3,0,1.3278,0.014,144.78,27,29,16
AC3Placer,40,487,True,2.0533,3,0,1.3326,0.1545,116.27,22,35,20
AC3Placer,40,488,True,1.9488,4,0,1.4631,0.0167,121.09,23,36,16
AC3Placer,40,489,True,1.8456,3,0,1.7503,0.2527,159.45,29,35,19
AC3Placer,40,490,True,1.9399,4,1,2.2367,-0.028,139.01,26,42,18
AC3Placer,40,491,True,1.9715,2,0,1.36,-0.5,135.81,25,35,8
AC3Placer,40,492,True,1.9567,3,0,1.8284,0.6167,142.69,26,34,17
AC3Placer,40,493,True,2.0533,3,0,1.8347,-0.05,114.17,22,28,13
AC3Placer,40,494,True,1.8854,3,0,2.4814,-0.1,120.3,22,41,14
AC3Placer,40,495,True,2.0533,4,0,1.3326,-0.5833,119.69,22,31,10
AC3Placer,40,496,True,1.9147,3,0,1.2181,0.3727,155.92,28,37,17
AC3Placer,40,497,True,2.0027,3,0,0.9566,-0.0424,125.23,24,25,13
AC3Placer,40,498,True,1.9288,2,0,0.963,0.9286,142.47,27,36,10
AC3Placer,40,499,True,1.9825,2,0,1.3542,0.0667,129.41,24,30,21
AC3Placer,40,500,True,2.0181,3,0,1.1002,0.9429,126.12,23,27,9
AC3Placer,40,501,True,1.9147,3,0,1.4898,0.0934,151.81,28,36,18
AC3Placer,40,502,True,1.939,2,0,1.7284,0.2615,137.7,27,33,17
AC3Placer,40,503,True,2.0027,3,0,1.4844,0.4333,133.72,24,33,13
AC3Placer,40,504,True,1.9715,2,0,1.6864,0.25,133.12,25,36,18
AC3Placer,40,505,True,1.9859,2,0,2.1508,0.4333,119.57,22,35,13
AC3Placer,40,506,True,1.9825,2,0,1.2431,0.2857,120.76,24,34,19
AC3Placer,40,507,True,1.9837,2,0,1.5744,0.4895,138.01,25,29,20
AC3Placer,40,508,True,1.9567,2,0,1.0592,0.2587,140.98,26,34,21
AC3Placer,40,509,True,2.0751,4,0,2.144,0.7576,87.57,19,28,19
AC3Placer,40,510,True,1.939,4,0,1.5007,0.5035,148.31,27,43,17
AC3Placer,40,511,True,2.169,3,0,1.4321,0.0357,97.29,18,20,12
AC3Placer,40,512,True,1.939,3,1,1.1852,0.4505,153.86,27,36,23
AC3Placer,40,513,True,2.1235,5,0,1.1856,0.4667,105.38,19,22,16
AC3Placer,40,514,True,1.9147,2,0,0.7092,0.4286,160.85,28,30,12
AC3Placer,40,515,True,2.1812,3,0,1.1211,-0.2857,83.41,17,13,14
AC3Placer,40,516,True,1.8586,3,0,1.3574,0.2857,116.08,22,27,10
AC3Placer,40,517,True,2.1812,2,0,1.1834,0.0357,82.85,17,24,21
AC3Placer,40,518,True,1.9859,2,0,1.6302,0.2857,119.5,22,27,16
AC3Placer,40,519,True,2.1471,3,1,2.2327,-0.2833,93.95,19,31,17
AC3Placer,40,520,True,2.0283,4,0,1.7872,0.0182,117.88,22,35,23
AC3Placer,40,521,True,2.0329,3,1,1.9017,0.3427,123.83,23,35,21
AC3Placer,40,522,True,1.8716,4,0,1.1672,0.9333,141.73,26,37,15
AC3Placer,40,523,True,2.0533,3,0,1.5207,0.3939,114.63,22,34,18
AC3Placer,40,524,True,2.0283,5,0,1.407,0.2619,118.26,22,23,11
AC3Placer,40,525,True,2.0533,5,0,1.562,-0.2848,113.66,22,28,19
AC3Placer,40,526,True,2.0094,2,0,1.9983,0.5167,125.05,24,37,19
AC3Placer,40,527,True,1.9766,4,0,1.1882,0.4505,113.12,21,29,23
AC3Placer,40,528,True,2.0688,2,0,1.2834,-0.0667,116.07,21,29,15
AC3Placer,40,529,True,2.0329,3,0,1.811,-0.2582,126.32,23,33,18
AC3Placer,40,530,True,2.0533,5,0,1.1488,-0.1394,124.93,22,26,17
AC3Placer,40,531,True,2.0027,4,0,1.6389,0.6333,145.6,24,32,16
AC3Placer,40,532,True,2.0329,3,0,2.1399,0.3427,157.1,23,38,28
AC3Placer,40,533,True,2.0094,3,0,1.4149,0.2571,131.06,24,37,17
AC3Placer,40,534,True,1.9837,2,0,1.2416,0.0182,159.03,25,32,12
AC3Placer,40,535,True,1.9147,3,0,1.102,0.3333,171.65,28,40,12
AC3Placer,40,536,True,1.9567,2,0,1.5976,-0.4636,149.04,26,34,19
AC3Placer,40,537,True,1.9567,4,0,1.966,-0.1818,142.22,26,33,22
AC3Placer,40,538,True,2.0772,4,0,1.0875,-0.2,100.26,20,25,16
AC3Placer,40,539,True,1.8767,4,0,1.5344,0.0273,150.14,28,41,24
AC3Placer,40,540,True,1.9567,3,0,1.1021,0.5833,134.38,26,29,20
AC3Placer,40,541,True,1.9006,3,0,1.6939,0.75,154.19,28,32,17
AC3Placer,40,542,True,2.0094,4,0,1.5816,0.1879,129.35,24,29,12
AC3Placer,40,543,True,2.0873,3,0,0.8889,0.5357,110.42,21,28,13
AC3Placer,40,544,True,2.0688,4,0,1.229,0.1429,114.77,21,26,14
AC3Placer,40,545,True,1.988,2,0,1.6219,0.4424,124.82,23,27,16
AC3Placer,40,546,True,2.0027,2,0,1.9983,0.5055,121.92,24,37,21
AC3Placer,40,547,True,2.0027,4,0,1.9844,-0.042,127.65,24,33,20
AC3Placer,40,548,True,2.0688,3,1,1.7596,0.6071,110.91,21,29,19
AC3Placer,40,549,True,1.8768,3,0,1.3032,0.4066,142.34,27,34,20
AC3Placer,40,550,True,1.9288,2,0,0.941,0.4545,149.32,27,31,15
AC3Placer,40,551,True,2.0114,3,0,1.2018,0.6071,108.82,21,25,12
AC3Placer,40,552,True,1.9729,4,1,0.9025,0.2909,107.66,21,20,12
AC3Placer,40,553,True,1.9468,3,0,1.6544,0.5912,136.93,25,29,23
AC3Placer,40,554,True,1.988,4,0,1.38,0.4336,113.24,23,34,15
AC3Placer,40,555,True,1.9416,4,0,2.6503,0.2308,119.78,23,47,19
AC3Placer,40,556,True,1.9825,4,0,1.0556,0.5152,133.17,24,28,15
AC3Placer,40,557,True,2.1471,3,0,1.3906,0.4286,99.22,19,26,14
AC3Placer,40,558,True,2.1163,2,0,2.1107,0.3214,86.51,17,23,8
AC3Placer,40,559,True,2.0533,4,0,2.686,-0.3273,116.15,22,36,24
AC3Placer,40,560,True,2.0232,2,0,1.5475,0.6833,111.04,20,21,14
AC3Placer,40,561,True,2.0094,3,0,1.5764,0.1,132.24,24,26,16
AC3Placer,40,562,True,2.0873,4,0,1.1746,0.0636,110.5,21,28,23
AC3Placer,40,563,True,2.0772,3,0,2.55,0.5,96.93,20,30,18
AC3Placer,40,564,True,1.9399,4,0,1.6746,0.3497,130.9,26,44,18
AC3Placer,40,565,True,1.9006,2,0,1.463,0.15,154.04,28,29,19
AC3Placer,40,566,True,1.9194,4,0,1.3099,0.4056,149.06,28,45,20
AC3Placer,40,567,True,1.9837,3,1,1.68,0.5636,138.79,25,30,20
AC3Placer,40,568,True,1.9147,4,0,1.1671,0.6667,155.14,28,31,11
AC3Placer,40,569,True,2.1087,2,0,1.74,0.4286,108.41,20,28,15
AC3Placer,40,570,True,2.0181,5,0,1.1002,0.2571,122.43,23,27,13
AC3Placer,40,571,True,2.119,3,1,1.71,0.7333,107.33,20,26,17
AC3Placer,40,572,True,1.9468,5,0,1.0816,0.5,139.84,25,32,17
AC3Placer,40,573,True,1.8768,2,0,1.4321,0.5455,160.29,27,42,17
AC3Placer,40,574,True,2.0615,2,0,1.5227,0.5818,126.38,22,33,19
AC3Placer,40,575,True,2.0232,2,0,0.69,0.7552,99.44,20,18,25
AC3Placer,40,576,True,2.0751,2,0,2.4266,0.3455,98.16,19,32,19
AC3Placer,40,577,True,1.9622,3,0,0.8891,0.7333,139.38,26,33,15
AC3Placer,40,578,True,2.0615,4,0,1.5207,0.5714,111.17,22,34,17
AC3Placer,40,579,True,1.9082,2,0,1.8628,-0.5357,149.47,27,44,14
AC3Placer,40,580,True,1.9825,4,0,1.4844,0.6455,125.65,24,33,14
AC3Placer,40,581,True,1.9837,3,0,1.0944,0.6084,139.07,25,29,15
AC3Placer,40,582,True,1.999,3,0,1.2078,0.1,103.03,19,20,16
AC3Placer,40,583,True,2.1471,2,0,2.2327,0.1538,102.25,19,31,26
AC3Placer,40,584,True,2.0027,4,0,2.4149,0.05,136.85,24,37,17
AC3Placer,40,585,True,1.9194,2,0,1.3469,0.1678,164.88,28,36,16
AC3Placer,40,586,True,1.7926,3,0,1.4707,0.5,126.48,23,25,19
AC3Placer,40,587,True,2.0027,3,0,1.2222,0.4667,137.54,24,32,11
AC3Placer,40,588,True,2.0615,3,0,0.845,-0.2182,113.41,22,25,25
AC3Placer,40,589,True,1.8643,3,0,0.8322,-0.0364,166.62,30,29,15
AC3Placer,40,590,True,2.1471,3,0,1.4017,0.3214,91.65,19,27,16
AC3Placer,40,591,True,1.9481,3,0,1.6389,0.2636,128.04,24,32,15
AC3Placer,40,592,True,2.0566,3,1,1.1358,0.2857,98.66,18,26,21
AC3Placer,40,593,True,1.8709,3,0,0.9941,0.0714,141.18,26,24,11
AC3Placer,40,594,True,1.988,2,0,1.3611,0.381,126.36,23,27,14
AC3Placer,40,595,True,1.9082,2,0,2.0247,0.3576,146.76,27,48,21
AC3Placer,40,596,True,2.1087,3,1,0.96,-0.1429,109.37,20,24,15
AC3Placer,40,597,True,2.0615,3,1,1.9587,0.25,120.65,22,36,14
AC3Placer,40,598,True,2.0873,3,1,1.1973,0.6727,118.6,21,30,18
AC3Placer,40,599,True,1.988,4,0,1.1153,0.3545,122.57,23,33,14
AC3Placer,40,600,True,1.9194,3,0,0.9528,-0.5429,161.6,28,39,6
AC3Placer,40,601,True,1.9622,2,0,1.5518,0.2545,141.13,26,37,16
AC3Placer,40,602,True,1.9567,2,0,1.4675,-0.1091,138.32,26,36,16
AC3Placer,40,603,True,1.9567,2,0,1.0725,0.2835,142.68,26,35,21
AC3Placer,40,604,True,1.9808,3,0,1.7872,0.3571,120.64,22,31,15
AC3Placer,40,605,True,1.9567,2,0,1.0429,0.4336,140.19,26,33,20
AC3Placer,40,606,True,2.0533,3,0,1.3802,0.3333,118.55,22,28,17
AC3Placer,40,607,True,1.9837,2,0,1.4176,0.5879,135.17,25,33,12
AC3Placer,40,608,True,1.9192,2,0,1.24,0.8333,104.81,20,28,14
AC3Placer,40,609,True,2.0027,4,0,1.2483,0.2091,133.8,24,37,18
AC3Placer,40,610,True,1.9837,5,0,1.2864,0.697,140.02,25,39,19
AC3Placer,40,611,True,2.0772,2,0,2.11,0.5,107.55,20,26,18
AC3Placer,40,612,True,1.9825,2,0,1.9167,0.3333,120.65,24,36,15
AC3Placer,40,613,True,1.9399,4,0,1.8595,-0.3571,136.72,26,37,11
AC3Placer,40,614,True,1.9622,3,0,1.6982,0.1469,147.33,26,36,26
AC3Placer,40,615,True,2.0533,4,0,1.4298,0.0167,120.79,22,34,21
AC3Placer,40,616,True,1.7784,3,0,0.4636,-0.0667,154.27,27,16,10
AC3Placer,40,617,True,1.9399,2,0,0.9364,0.3333,143.28,26,37,17
AC3Placer,40,618,True,2.0394,3,1,1.5875,0.4286,112.69,20,25,13
AC3Placer,40,619,True,2.0772,4,0,1.5275,0.3571,112.45,20,27,10
AC3Placer,40,620,True,1.939,4,0,1.262,0.4357,150.61,27,32,20
AC3Placer,40,621,True,1.9115,2,0,1.534,0.3212,137.95,26,35,18
AC3Placer,40,622,True,2.0533,4,0,1.3161,0.697,123.38,22,23,20
AC3Placer,40,623,True,2.0094,2,0,0.8889,0.5182,133.19,24,28,18
AC3Placer,40,624,True,2.0283,3,0,1.7851,0.0667,120.81,22,40,18
AC3Placer,40,625,True,1.8643,4,0,0.9122,0.5333,165.69,30,37,15
AC3Placer,40,626,True,2.1471,3,0,2.2438,0.1394,102.21,19,30,17
AC3Placer,40,627,True,1.9567,3,0,1.3979,0.2727,147.59,26,37,21
AC3Placer,40,628,True,2.1087,2,0,1.31,0.1593,108.27,20,26,26
AC3Placer,40,629,True,1.9622,2,0,1.3861,-0.3352,138.76,26,31,24
AC3Placer,40,630,True,2.0772,4,0,1.24,0.7333,107.21,20,28,16
AC3Placer,40,631,True,2.0615,4,0,1.3306,0.5394,110.78,22,26,20
AC3Placer,40,632,True,2.1235,2,0,1.1468,0.0857,98.87,19,21,15
AC3Placer,40,633,True,2.1235,2,0,1.5679,0.3214,104.19,19,21,14
AC3Placer,40,634,True,1.9147,5,0,1.7487,0.0934,158.88,28,41,23
AC3Placer,40,635,True,1.8767,2,0,0.9235,0.5727,155.43,28,30,12
AC3Placer,40,636,True,2.0873,2,0,0.7528,0.6091,116.8,21,19,17
AC3Placer,40,637,True,2.0772,3,0,0.9475,0.7381,113.73,20,21,14
AC3Placer,40,638,True,1.9194,3,0,2.0867,0.4303,159.32,28,38,19
AC3Placer,40,639,True,1.909,4,0,2.0224,0.2667,142.28,25,31,18
AC3Placer,40,640,True,1.9567,2,0,0.9467,0.3333,143.24,26,32,10
AC3Placer,40,641,True,2.0873,3,1,0.5714,0.4643,108.23,21,21,19
AC3Placer,40,642,True,2.0181,4,0,1.9509,0.7818,130.3,23,30,15
AC3Placer,40,643,True,2.0283,2,0,1.562,0.4788,113.01,22,28,17
AC3Placer,40,644,True,2.0181,3,0,1.535,0.3364,128.05,23,27,17
AC3Placer,40,645,True,2.0028,3,1,1.102,0.7143,112.46,21,30,11
AC3Placer,40,646,True,1.8177,2,0,1.284,0.7818,150.39,27,33,11
AC3Placer,40,647,True,1.8338,4,0,0.7435,0.297,153.49,27,22,16
AC3Placer,40,648,True,1.9147,4,1,1.3469,0.2091,178.29,28,36,24
AC3Placer,40,649,True,1.9825,3,0,1.7899,0.3187,133.01,24,41,22
AC3Placer,40,650,True,1.9481,3,0,0.7066,-0.0273,135.58,24,23,18
AC3Placer,40,651,True,2.0283,4,0,1.3554,0.5238,124.0,22,24,12
AC3Placer,40,652,True,2.0873,2,0,2.1406,0.4424,114.15,21,34,18
AC3Placer,40,653,True,1.9715,2,0,1.8176,0.4667,139.8,25,42,17
AC3Placer,40,654,True,2.0027,4,0,2.4149,0.4196,136.29,24,37,22
AC3Placer,40,655,True,2.0181,3,1,1.38,0.5667,124.3,23,35,16
AC3Placer,40,656,True,2.0181,2,0,0.8242,0.2242,125.88,23,22,19
AC3Placer,40,657,True,1.9567,4,0,1.1553,0.3667,139.15,26,31,13
AC3Placer,40,658,True,2.1235,4,0,1.4072,-0.1273,91.1,19,28,17
AC3Placer,40,659,True,2.0873,4,0,1.7596,0.4909,115.7,21,29,19
AC3Placer,40,660,True,2.0094,3,0,1.3733,0.8286,134.51,24,31,12
AC3Placer,40,661,True,2.128,3,0,1.5802,0.8571,97.9,18,26,12
AC3Placer,40,662,True,2.1235,5,0,1.8227,-0.3167,102.42,19,27,11
AC3Placer,40,663,True,1.9567,3,1,0.8698,0.2571,144.24,26,32,20
AC3Placer,40,664,True,1.9859,4,0,1.9587,0.25,117.32,22,36,22
AC3Placer,40,665,True,1.9006,3,0,1.2653,-0.1879,147.92,28,32,16
AC3Placer,40,666,True,2.0533,2,0,1.3306,0.75,118.96,22,26,11
AC3Placer,40,667,True,1.939,2,0,1.3032,0.3333,153.93,27,34,21
AC3Placer,40,668,True,2.2125,2,0,1.2388,-0.2143,80.92,17,21,18
AC3Placer,40,669,True,1.9288,2,0,0.8999,0.6,151.48,27,37,10
AC3Placer,40,670,True,2.0232,2,0,1.8875,0.2619,112.85,20,35,21
AC3Placer,40,671,True,2.0192,4,1,2.0069,0.4286,84.73,17,27,14
AC3Placer,40,672,True,1.8984,3,0,1.2485,-0.5273,158.22,29,38,13
AC3Placer,40,673,True,1.9567,2,0,1.5621,0.5476,131.99,26,32,15
AC3Placer,40,674,True,2.0615,5,0,1.8533,0.028,118.2,22,29,21
AC3Placer,40,675,True,1.988,3,1,1.293,0.5804,130.07,23,35,23
AC3Placer,40,676,True,1.9322,2,0,1.5692,0.1167,104.65,21,43,22
AC3Placer,40,677,True,1.9416,4,0,1.4442,0.7143,118.93,23,38,11
AC3Placer,40,678,True,1.999,4,0,2.338,-0.5357,107.26,19,26,11
AC3Placer,40,679,True,1.8768,2,0,2.0604,0.3455,155.02,27,46,17
AC3Placer,40,680,True,1.9729,2,0,1.6327,0.5,115.31,21,36,16
AC3Placer,40,681,True,1.909,3,0,1.8464,0.6364,140.61,25,39,17
AC3Placer,40,682,True,1.9837,3,0,1.1936,0.1727,138.01,25,27,14
AC3Placer,40,683,True,1.988,3,0,1.3762,0.5714,130.23,23,36,18
AC3Placer,40,684,True,1.939,2,0,1.5748,0.7455,153.8,27,38,15
AC3Placer,40,685,True,1.9438,3,0,1.06,0.7939,96.64,20,16,12
AC3Placer,40,686,True,1.9715,2,0,1.5616,0.119,139.86,25,32,13
AC3Placer,40,687,True,2.128,4,0,1.7562,0.1786,89.22,18,23,17
AC3Placer,40,688,True,2.0772,3,0,1.7875,0.4091,107.62,20,35,19
AC3Placer,40,689,True,2.0301,2,0,1.1413,0.6905,96.87,19,24,13
AC3Placer,40,690,True,2.0181,3,1,1.5161,-0.381,121.84,23,39,15
AC3Placer,40,691,True,2.0283,3,1,1.2479,-0.1667,122.45,22,32,15
AC3Placer,40,692,True,1.8572,2,0,1.0496,0.55,133.59,25,38,15
AC3Placer,40,693,True,1.8643,4,0,1.8989,0.2264,170.16,30,41,18
AC3Placer,40,694,True,2.0329,2,0,1.6408,0.9,120.82,23,35,8
AC3Placer,40,695,True,1.9115,2,0,1.0947,0.1667,139.97,26,40,19
AC3Placer,40,696,True,1.9006,2,0,1.2181,0.0857,154.04,28,37,8
AC3Placer,40,697,True,2.1235,3,0,1.3241,0.5357,104.17,19,23,17
AC3Placer,40,698,True,2.0329,3,0,1.9773,-0.1091,125.32,23,32,20
AC3Placer,40,699,True,2.1054,4,0,2.3117,0.4286,92.08,18,31,18
AC3Placer,40,700,True,1.939,2,0,0.9575,0.1667,144.81,27,29,9
AC3Placer,40,701,True,1.9825,3,0,1.7066,0.3242,132.45,24,31,24
AC3Placer,40,702,True,2.0283,4,0,1.0165,0.119,121.26,22,28,14
AC3Placer,40,703,True,2.0873,2,0,2.3447,0.4273,114.54,21,31,20
AC3Placer,40,704,True,1.8722,2,0,1.1439,0.4545,163.11,29,42,20
AC3Placer,40,705,True,2.119,2,0,0.6475,1.0,97.02,20,19,12
AC3Placer,40,706,True,2.1235,2,0,0.7424,0.2571,104.86,19,25,16
AC3Placer,40,707,True,1.8365,2,0,1.8678,0.7,115.39,22,36,11
AC3Placer,40,708,True,2.1235,2,0,2.1274,0.1833,92.53,19,31,17
AC3Placer,40,709,True,2.0615,3,0,1.6715,0.2333,121.46,22,37,19
AC3Placer,40,710,True,1.8897,2,0,1.4935,0.2909,165.61,29,36,17
AC3Placer,40,711,True,2.0027,5,0,1.8316,0.2692,130.27,24,37,22
AC3Placer,40,712,True,1.9194,4,0,1.5867,0.0364,152.74,28,46,13
AC3Placer,40,713,True,2.0329,4,0,1.1229,0.3571,130.84,23,25,13
AC3Placer,40,714,True,2.119,4,0,1.76,-0.45,97.81,20,24,17
AC3Placer,40,715,True,2.0394,3,0,2.1875,0.8571,107.39,20,35,14
AC3Placer,40,716,True,2.0873,2,0,1.746,0.3545,115.14,21,28,21
AC3Placer,40,717,True,2.1825,3,0,1.1111,-0.0357,90.59,18,18,15
AC3Placer,40,718,True,2.0533,5,0,1.3079,0.0476,111.09,22,29,11
AC3Placer,40,719,True,1.8764,4,0,0.9122,-0.0055,161.88,30,37,16
AC3Placer,40,720,True,1.9491,5,0,1.3488,0.9286,97.01,18,29,14
AC3Placer,40,721,True,1.9006,4,0,1.6327,-0.0545,158.3,28,36,17
AC3Placer,40,722,True,1.9729,3,0,1.8549,0.1071,117.88,21,34,12
AC3Placer,40,723,True,2.0094,5,0,0.8056,0.0303,136.65,24,28,13
AC3Placer,40,724,True,1.9567,4,0,1.5518,0.2791,145.88,26,37,23
AC3Placer,40,725,True,2.0283,2,0,1.1756,0.6084,117.72,22,27,18
AC3Placer,40,726,True,1.9468,4,0,1.5296,0.8571,137.36,25,37,12
AC3Placer,40,727,True,2.1825,3,1,0.7654,0.8,95.82,18,16,14
AC3Placer,40,728,True,1.9837,4,0,1.6704,0.0,138.6,25,34,13
AC3Placer,40,729,True,1.988,3,0,0.949,-0.6071,133.6,23,21,11
AC3Placer,40,730,True,1.9837,3,1,0.9824,0.3667,138.8,25,31,21
AC3Placer,40,731,True,1.9481,3,0,1.5556,0.4374,133.03,24,40,25
AC3Placer,40,732,True,1.8855,4,0,1.3275,0.7143,104.86,20,27,12
AC3Placer,40,733,True,1.8768,2,0,1.3032,0.2857,152.38,27,34,11
AC3Placer,40,734,True,1.8709,2,0,1.2367,0.5944,148.18,26,36,13
AC3Placer,40,735,True,2.0772,3,1,1.8275,-0.4524,109.0,20,33,17
AC3Placer,40,736,True,2.0533,4,0,2.1591,-0.4364,112.46,22,33,20
AC3Placer,40,737,True,1.9622,2,0,1.5562,-0.381,143.75,26,38,14
AC3Placer,40,738,True,2.0688,3,0,1.3787,-0.9,116.94,21,29,17
AC3Placer,40,739,True,1.939,2,0,1.0892,0.6606,146.23,27,31,20
AC3Placer,40,740,True,2.1825,3,1,2.1111,0.6,84.06,18,24,17
AC3Placer,40,741,True,1.9147,4,0,1.0714,0.4762,161.56,28,28,15
AC3Placer,40,742,True,2.0027,3,0,1.5816,0.0,130.03,24,29,15
AC3Placer,40,743,True,1.9468,3,1,0.7936,0.1091,143.03,25,23,17
AC3Placer,40,744,True,1.9288,4,0,0.6389,-0.2857,130.88,24,32,15
AC3Placer,40,745,True,1.9147,4,0,1.7895,-0.1,157.35,28,37,28
AC3Placer,40,746,True,1.7732,2,0,1.4024,0.25,140.31,26,38,11
AC3Placer,40,747,True,1.9825,3,0,1.6927,0.1888,137.05,24,27,19
AC3Placer,40,748,True,2.0283,4,0,1.1983,0.0857,116.93,22,28,12
AC3Placer,40,749,True,2.0181,3,0,1.3611,0.6182,128.18,23,27,15
AC3Placer,40,750,True,2.0615,4,0,1.7624,0.1758,119.18,22,29,16
AC3Placer,40,751,True,1.909,3,0,1.1104,0.65,133.96,25,34,15
AC3Placer,40,752,True,2.0329,4,0,2.1059,0.4273,112.85,23,29,25
AC3Placer,40,753,True,2.0688,4,0,1.0113,0.5476,117.56,21,25,11
AC3Placer,40,754,True,2.0329,3,0,1.1267,0.8909,119.05,23,28,15
AC3Placer,40,755,True,2.0094,3,1,1.4844,0.5758,131.17,24,39,20
AC3Placer,40,756,True,1.9288,2,0,1.0398,0.6573,152.68,27,32,16
AC3Placer,40,757,True,1.8427,4,0,1.6582,-0.5,153.4,28,38,15
AC3Placer,40,758,True,2.1471,3,0,2.1108,0.4833,102.38,19,25,16
AC3Placer,40,759,True,1.8572,2,0,1.0944,0.3667,142.99,25,29,15
AC3Placer,40,760,True,2.1087,3,0,1.85,0.2485,108.43,20,30,23
AC3Placer,40,761,True,1.8427,2,0,1.3571,0.6485,155.59,28,28,16
AC3Placer,40,762,True,1.9715,3,1,1.4976,0.1636,135.7,25,33,18
AC3Placer,40,763,True,2.0312,4,0,2.1542,0.4341,113.2,21,31,22
AC3Placer,40,764,True,1.8774,4,0,0.9225,0.4788,129.05,23,31,17
AC3Placer,40,765,True,1.9622,4,0,1.3669,0.5238,140.9,26,34,20
AC3Placer,40,766,True,1.9622,3,0,0.7175,0.7455,146.78,26,23,17
AC3Placer,40,767,True,1.8764,2,0,0.7556,-0.1786,167.48,30,40,11
AC3Placer,40,768,True,1.9622,2,0,1.2485,0.25,138.54,26,38,15
AC3Placer,40,769,True,1.8055,2,0,2.2497,0.5245,160.79,29,44,17
AC3Placer,40,770,True,2.0632,3,0,2.1385,0.0303,98.8,19,30,14
AC3Placer,40,771,True,2.0873,3,0,1.1338,0.45,114.18,21,23,13
AC3Placer,40,772,True,2.119,4,0,1.7275,-0.3,105.9,20,27,19
AC3Placer,40,773,True,2.0329,4,0,1.1267,0.1,125.46,23,28,22
AC3Placer,40,774,True,1.8909,4,0,2.6304,0.1394,114.74,21,38,19
AC3Placer,40,775,True,2.0772,4,0,1.0875,0.9048,109.62,20,25,13
AC3Placer,40,776,True,1.844,4,0,1.2233,-0.1044,166.92,30,33,27
AC3Placer,40,777,True,1.9399,4,0,1.2559,0.4182,142.9,26,29,13
AC3Placer,40,778,True,2.0772,5,0,2.14,0.6833,107.41,20,28,16
AC3Placer,40,779,True,1.8338,3,1,1.6241,0.2273,153.72,27,29,18
AC3Placer,40,780,True,1.9288,2,0,1.284,0.7324,156.02,27,30,25
AC3Placer,40,781,True,2.0181,3,0,0.9112,0.1818,127.14,23,22,18
AC3Placer,40,782,True,2.0027,2,0,1.3889,0.1167,133.42,24,32,17
AC3Placer,40,783,True,2.0533,3,1,1.0351,0.0238,118.83,22,29,19
AC3Placer,40,784,True,2.0533,4,0,1.4483,0.6167,115.56,22,27,22
AC3Placer,40,785,True,2.0119,3,0,1.0727,0.3143,88.54,17,25,14
AC3Placer,40,786,True,1.9729,2,0,0.8073,0.7212,106.03,21,22,21
AC3Placer,40,787,True,1.939,5,0,0.8669,0.5714,144.67,27,31,19
AC3Placer,40,788,True,2.0533,3,1,1.686,0.1429,120.99,22,36,15
AC3Placer,40,789,True,2.0027,4,0,1.2222,0.4286,135.14,24,32,14
AC3Placer,40,790,True,1.9242,3,0,0.7438,0.1394,122.68,22,28,18
AC3Placer,40,791,True,1.9242,4,1,1.4298,-0.6571,110.85,22,32,14
AC3Placer,40,792,True,1.939,3,1,1.8025,0.3333,152.14,27,39,13
AC3Placer,40,793,True,1.9468,3,0,1.44,0.6667,139.51,25,40,19
AC3Placer,40,794,True,1.9837,3,0,1.52,0.0659,135.44,25,40,19
AC3Placer,40,795,True,1.9288,5,0,0.9136,0.4455,148.51,27,39,15
AC3Placer,40,796,True,1.8804,2,0,1.6322,0.0714,166.43,30,49,17
AC3Placer,40,797,True,2.1235,3,0,1.5125,0.3714,106.11,19,28,14
AC3Placer,40,798,True,1.9481,4,0,1.6042,0.4182,134.94,24,30,22
AC3Placer,40,799,True,2.0615,2,0,0.9008,0.4965,118.47,22,24,19
AC3Placer,40,800,True,2.0873,3,0,1.2517,0.5714,106.61,21,27,17
AC3Placer,40,801,True,2.0181,2,0,1.5312,0.6727,120.43,23,31,19
AC3Placer,40,802,True,1.939,3,0,2.011,-0.0788,156.01,27,44,14
AC3Placer,40,803,True,1.8984,3,0,0.9941,0.4,164.1,29,40,16
AC3Placer,40,804,True,2.0312,3,1,1.5828,0.3091,112.43,21,31,22
AC3Placer,40,805,True,2.0283,3,0,1.6963,0.1818,118.53,22,35,19
AC3Placer,40,806,True,2.0312,5,0,0.9025,-0.0286,116.91,21,20,12
AC3Placer,40,807,True,2.1087,4,0,0.9275,-0.7,102.1,20,23,13
AC3Placer,40,808,True,2.0027,3,0,0.9427,0.9429,130.75,24,27,20
AC3Placer,40,809,True,1.8987,4,1,0.5816,0.7846,129.47,24,19,18
AC3Placer,40,810,True,1.9622,2,0,1.787,-0.1545,139.94,26,38,17
AC3Placer,40,811,True,2.1087,3,0,1.0275,-0.1429,106.29,20,23,12
AC3Placer,40,812,True,1.9837,4,0,1.0176,0.7455,137.31,25,33,18
AC3Placer,40,813,True,1.9438,2,0,0.49,0.0,98.94,20,18,16
AC3Placer,40,814,True,1.8405,2,0,2.2996,0.9286,121.78,22,41,14
AC3Placer,40,815,True,2.0283,2,0,1.4298,0.6485,118.13,22,32,25
AC3Placer,40,816,True,2.0181,4,0,1.38,0.6333,125.34,23,35,18
AC3Placer,40,817,True,1.8338,3,0,0.9136,0.4,150.15,27,30,13
AC3Placer,40,818,True,1.9567,3,0,1.0533,0.6573,138.63,26,30,20
AC3Placer,40,819,True,1.8709,2,0,0.9822,-0.0333,148.58,26,34,18
AC3Placer,40,820,True,1.88,2,0,1.4691,-0.15,90.99,18,28,13
AC3Placer,40,821,True,1.8897,4,0,1.3555,0.6485,166.3,29,36,16
AC3Placer,40,822,True,1.988,3,0,0.9263,0.2381,123.82,23,27,18
AC3Placer,40,823,True,2.1471,4,0,0.8255,0.0476,104.99,19,24,12
AC3Placer,40,824,True,1.9808,3,0,1.8533,0.5,118.55,22,29,14
AC3Placer,40,825,True,1.9468,2,0,1.52,0.3,138.72,25,35,16
AC3Placer,40,826,True,1.8586,3,0,0.9256,0.8,122.99,22,28,12
AC3Placer,40,827,True,1.9468,4,0,1.3856,0.5727,137.51,25,28,22
AC3Placer,40,828,True,2.0181,3,0,1.2439,0.8286,123.46,23,26,13
AC3Placer,40,829,True,1.8572,2,0,1.5104,0.0909,140.2,25,41,18
AC3Placer,40,830,True,1.9399,2,0,1.5577,0.1786,147.15,26,39,16
AC3Placer,40,831,True,2.1812,4,0,2.4637,0.6667,84.3,17,23,23
AC3Placer,40,832,True,1.9115,3,0,1.3136,0.4945,143.44,26,36,20
AC3Placer,40,833,True,2.0329,2,0,2.0718,-0.0667,130.57,23,36,22
AC3Placer,40,834,True,1.7469,4,0,1.9566,-0.15,131.03,24,41,17
AC3Placer,40,835,True,2.119,4,1,1.66,0.7143,105.72,20,24,12
AC3Placer,40,836,True,1.8804,2,0,1.4767,0.3182,174.95,30,39,14
AC3Placer,40,837,True,2.0873,2,0,1.5556,0.6364,108.61,21,28,21
AC3Placer,40,838,True,1.9837,3,0,1.2544,0.25,130.92,25,29,13
AC3Placer,40,839,True,2.2125,2,0,1.3218,0.5429,81.31,17,20,7
AC3Placer,40,840,True,1.8897,4,1,2.0404,0.4231,151.29,29,42,18
AC3Placer,40,841,True,1.9115,2,0,2.4571,0.6,142.14,26,43,9
AC3Placer,40,842,True,1.8427,3,0,1.0,0.622,149.54,28,28,27
AC3Placer,40,843,True,1.988,2,0,1.2023,-0.6429,127.73,23,33,12
AC3Placer,40,844,True,2.0094,2,0,2.0764,0.0636,144.66,24,34,19
AC3Placer,40,845,True,2.1235,3,0,1.4294,0.4286,102.74,19,23,14
AC3Placer,40,846,True,1.909,3,0,0.8384,0.4643,141.08,25,26,15
AC3Placer,40,847,True,2.0028,3,1,1.3651,0.5,109.51,21,28,13
AC3Placer,40,848,True,2.0688,3,0,1.0385,0.014,106.1,21,19,15
AC3Placer,40,849,True,2.1087,4,1,1.7475,-0.5429,106.11,20,29,17
AC3Placer,40,850,True,1.9468,3,1,1.3536,0.2857,137.02,25,27,24
AC3Placer,40,851,True,2.0329,3,0,1.6181,0.2308,128.99,23,31,21
AC3Placer,40,852,True,2.0027,3,0,2.5816,0.433,133.2,24,37,23
AC3Placer,40,853,True,2.0312,2,0,1.2653,0.6786,103.42,21,24,10
AC3Placer,40,854,True,1.9837,3,0,1.3376,0.2143,139.23,25,33,11
AC3Placer,40,855,True,2.0533,4,0,1.2314,0.5394,120.09,22,30,15
AC3Placer,40,856,True,2.0688,4,0,1.9637,0.4048,110.69,21,31,15
AC3Placer,40,857,True,1.9115,2,0,1.1716,0.4524,144.23,26,38,13
AC3Placer,40,858,True,2.0688,2,0,1.2018,0.6667,113.32,21,31,16
AC3Placer,40,859,True,2.1087,3,0,1.1,0.5714,109.06,20,20,16
AC3Placer,40,860,True,2.0533,2,0,2.1983,-0.0333,121.2,22,28,19
AC3Placer,40,861,True,2.0181,3,0,1.9773,0.5549,126.25,23,32,18
AC3Placer,40,862,True,2.0094,2,0,1.7431,0.103,124.77,24,38,19
AC3Placer,40,863,True,2.1087,2,0,1.75,0.0857,107.55,20,30,11
AC3Placer,40,864,True,1.9567,2,0,1.284,-0.0952,142.16,26,30,18
AC3Placer,40,865,True,1.9837,3,0,0.9376,-0.5167,144.22,25,33,15
AC3Placer,40,866,True,1.9567,5,0,2.2441,-0.3091,147.23,26,37,19
AC3Placer,40,867,True,1.8709,3,0,2.3328,0.4167,141.19,26,49,19
AC3Placer,40,868,True,2.0329,3,0,1.5501,0.6167,114.3,23,36,13
AC3Placer,40,869,True,1.9837,4,0,1.2,0.0833,138.51,25,35,15
AC3Placer,40,870,True,1.9468,3,1,2.2496,0.544,137.03,25,37,29
AC3Placer,40,871,True,2.0312,3,0,2.3129,0.6485,109.43,21,39,19
AC3Placer,40,872,True,1.9468,3,0,1.36,0.2448,139.76,25,30,24
AC3Placer,40,873,True,2.0094,3,0,1.5764,0.8788,134.09,24,38,17
AC3Placer,40,874,True,1.9194,5,0,1.3916,0.1189,152.18,28,41,20
AC3Placer,40,875,True,2.0027,5,0,1.3316,0.5394,134.38,24,35,15
AC3Placer,40,876,True,2.0027,3,0,1.5764,-0.1636,135.34,24,26,22
AC3Placer,40,877,True,1.9805,3,0,0.9475,0.8667,111.42,20,29,15
AC3Placer,40,878,True,1.9567,2,0,1.9053,0.0909,141.04,26,44,28
AC3Placer,40,879,True,1.8768,2,0,1.8025,0.1333,151.56,27,39,17
AC3Placer,40,880,True,2.0615,3,1,0.6302,0.2833,122.38,22,17,14
AC3Placer,40,881,True,1.9622,3,0,1.4852,0.6167,149.2,26,32,13
AC3Placer,40,882,True,1.9288,3,0,1.284,-0.3929,151.84,27,39,13
AC3Placer,40,883,True,1.9837,4,0,1.0816,-0.2727,131.33,25,32,16
AC3Placer,40,884,True,2.0283,3,0,1.4215,0.1833,112.3,22,26,14
AC3Placer,40,885,True,2.1471,3,1,0.7202,0.5167,106.6,19,14,17
AC3Placer,40,886,True,1.8722,3,1,1.8692,-0.4,160.81,29,49,11
AC3Placer,40,887,True,1.9715,3,0,1.1936,0.3571,135.42,25,27,14
AC3Placer,40,888,True,1.9468,2,0,1.9776,0.1429,136.12,25,42,19
AC3Placer,40,889,True,2.0688,4,0,0.9977,0.0,105.84,21,22,9
AC3Placer,40,890,True,2.0329,2,0,1.4631,0.619,127.35,23,33,11
AC3Placer,40,891,True,2.0181,2,0,2.1512,0.2727,126.95,23,32,14
AC3Placer,40,892,True,1.9567,2,0,0.9246,-0.0455,139.99,26,31,16
AC3Placer,40,893,True,1.8716,2,0,1.2322,0.5357,147.24,26,31,12
AC3Placer,40,894,True,1.9147,2,0,1.2487,0.1879,155.21,28,43,16
AC3Placer,40,895,True,2.119,5,0,1.0875,0.3818,103.89,20,25,19
AC3Placer,40,896,True,1.999,2,0,1.0416,1.0,97.97,19,21,7
AC3Placer,40,897,True,2.1087,3,0,1.95,-0.1394,103.1,20,30,19
AC3Placer,40,898,True,2.0312,3,1,0.9433,-0.1786,112.05,21,26,16
AC3Placer,40,899,True,2.1235,3,1,1.0748,-0.3714,103.28,19,26,12
AC3Placer,40,900,True,1.9006,2,0,0.7806,0.2587,154.84,28,30,15
AC3Placer,40,901,True,1.8405,4,0,1.8099,0.4,123.35,22,46,19
AC3Placer,40,902,True,1.939,2,0,1.5802,0.4273,157.52,27,39,16
AC3Placer,40,903,True,2.0329,5,0,1.8904,-0.1429,130.17,23,32,13
AC3Placer,40,904,True,2.119,2,0,1.16,0.9048,102.36,20,24,16
AC3Placer,40,905,True,1.9416,3,0,1.758,0.4667,119.52,23,40,14
AC3Placer,40,906,True,1.939,5,0,1.583,0.1091,152.5,27,40,17
AC3Placer,40,907,True,1.9729,3,0,1.3605,0.6868,113.13,21,24,23
AC3Placer,40,908,True,2.0615,3,1,1.3306,0.0857,111.4,22,26,15
AC3Placer,40,909,True,1.9567,3,0,1.4083,0.4286,145.88,26,32,12
AC3Placer,40,910,True,1.9082,3,0,1.0316,0.8,156.12,27,29,13
AC3Placer,40,911,True,2.0751,4,0,1.928,0.1152,101.65,19,30,18
AC3Placer,40,912,True,2.0312,3,0,1.4422,0.5879,116.41,21,27,15
AC3Placer,40,913,True,2.0027,4,0,1.5556,-0.5333,125.26,24,40,19
AC3Placer,40,914,True,1.8855,4,0,1.0475,0.5952,101.76,20,29,11
AC3Placer,40,915,True,1.9242,4,0,1.407,0.5,121.95,22,21,10
AC3Placer,40,916,True,2.0688,2,0,1.6508,0.4788,102.82,21,28,14
AC3Placer,40,917,True,1.9715,4,0,1.0976,0.2587,135.76,25,33,19
AC3Placer,40,918,True,1.9715,2,0,1.7664,0.619,138.42,25,36,17
AC3Placer,40,919,True,1.9481,2,0,1.2066,0.7143,135.61,24,25,12
AC3Placer,40,920,True,1.8897,4,0,1.6147,0.5667,167.25,29,40,16
AC3Placer,40,921,True,1.9006,4,1,1.1582,0.0857,155.41,28,38,10
AC3Placer,40,922,True,2.1471,2,0,1.8283,0.6429,100.28,19,29,15
AC3Placer,40,923,True,1.9859,2,0,1.686,0.9,121.05,22,30,11
AC3Placer,40,924,True,1.8767,2,0,1.5038,0.3916,157.1,28,33,19
AC3Placer,40,925,True,2.1235,3,1,1.3961,0.4,105.76,19,22,11
AC3Placer,40,926,True,2.1087,3,0,1.9475,0.0545,102.21,20,29,22
AC3Placer,40,927,True,1.999,2,0,1.313,0.5455,97.65,19,20,12
AC3Placer,40,928,True,2.0533,2,0,1.5145,0.5152,120.52,22,35,20
AC3Placer,40,929,True,2.0615,3,0,2.2417,0.4909,122.05,22,31,17
AC3Placer,40,930,True,1.9825,3,0,1.8177,0.6429,131.34,24,39,17
AC3Placer,40,931,True,1.8984,4,0,2.0761,0.1515,158.41,29,49,16
AC3Placer,40,932,True,2.1825,3,0,2.1389,0.2448,88.64,18,27,26
AC3Placer,40,933,True,1.9622,3,0,1.3669,0.5357,148.59,26,34,10
AC3Placer,40,934,True,2.0283,4,0,1.5145,-0.25,119.57,22,31,17
AC3Placer,40,935,True,2.0027,3,0,1.5677,-0.4685,124.43,24,33,17
AC3Placer,40,936,True,2.0312,2,0,1.1066,0.1429,110.96,21,25,11
AC3Placer,40,937,True,2.0533,4,0,2.4215,-0.1329,107.71,22,40,27
AC3Placer,40,938,True,2.0873,2,0,1.2925,0.6667,117.17,21,33,19
AC3Placer,40,939,True,2.0688,4,0,1.678,0.15,116.9,21,32,20
AC3Placer,40,940,True,2.1235,2,0,1.7341,0.1333,95.44,19,20,17
AC3Placer,40,941,True,1.8095,2,0,1.3841,0.0667,163.7,29,34,16
AC3Placer,40,942,True,2.0312,4,0,1.3923,0.5952,113.14,21,31,11
AC3Placer,40,943,True,1.939,3,1,1.1962,0.2473,149.03,27,37,21
AC3Placer,40,944,True,2.0688,4,1,1.6508,0.6923,111.5,21,28,21
AC3Placer,40,945,True,1.9194,2,0,1.6875,-0.2703,151.66,28,35,18
AC3Placer,40,946,True,2.0027,3,0,1.5816,0.4727,133.63,24,37,14
AC3Placer,40,947,True,1.8171,3,0,2.3609,-0.0549,144.79,26,56,20
AC3Placer,40,948,True,2.0181,3,0,1.0397,0.25,117.64,23,28,17
AC3Placer,40,949,True,1.8897,2,0,1.8692,-0.0769,160.1,29,49,15
AC3Placer,40,950,True,2.0533,3,0,1.7872,0.4286,117.98,22,31,11
AC3Placer,40,951,True,2.0533,3,0,1.6116,0.1071,121.09,22,32,14
AC3Placer,40,952,True,2.0873,3,0,1.8231,0.1667,112.48,21,27,20
AC3Placer,40,953,True,1.8984,2,0,1.2342,0.1667,160.69,29,37,13
AC3Placer,40,954,True,2.0533,2,0,1.6033,0.5714,131.3,22,26,12
AC3Placer,40,955,True,1.939,3,0,1.4184,0.1678,157.02,27,37,23
AC3Placer,40,956,True,2.0873,2,0,0.8844,0.0,113.9,21,24,7
AC3Placer,40,957,True,2.0283,2,0,1.5227,0.75,124.25,22,33,18
AC3Placer,40,958,True,2.1471,2,0,1.4958,0.4182,95.89,19,26,15
AC3Placer,40,959,True,2.0283,4,0,1.4318,0.1,124.72,22,33,18
AC3Placer,40,960,True,2.0688,3,0,1.5782,0.4545,104.68,21,30,16
AC3Placer,40,961,True,2.0688,2,0,2.2358,0.3939,113.95,21,41,19
AC3Placer,40,962,True,1.9715,2,0,1.0016,0.119,138.61,25,32,18
AC3Placer,40,963,True,2.0283,2,0,1.3223,0.8303,116.26,22,30,17
AC3Placer,40,964,True,1.939,3,0,1.5748,0.1905,151.13,27,38,18
AC3Placer,40,965,True,1.9147,4,0,2.1059,0.6264,156.7,28,43,23
AC3Placer,40,966,True,1.9481,2,0,1.3594,0.0857,128.76,24,27,15
AC3Placer,40,967,True,1.8896,4,0,1.4183,0.55,105.15,19,20,22
AC3Placer,40,968,True,1.9837,5,0,0.9984,0.35,139.63,25,26,13
AC3Placer,40,969,True,1.939,3,0,1.037,0.5273,152.17,27,27,20
AC3Placer,40,970,True,2.0533,2,0,1.1405,0.478,118.65,22,30,24
AC3Placer,40,971,True,2.1087,3,0,1.6275,0.1905,112.29,20,27,20
AC3Placer,40,972,True,1.939,3,0,1.0974,0.3833,150.98,27,35,16
AC3Placer,40,973,True,2.0533,3,1,1.6116,-0.1667,113.8,22,34,19
AC3Placer,40,974,True,1.9837,4,0,2.4896,-0.0333,134.42,25,37,13
AC3Placer,40,975,True,1.9825,2,0,1.5208,0.0,139.52,24,30,11
AC3Placer,40,976,True,1.7035,2,0,2.0736,0.3143,134.04,25,52,15
AC3Placer,40,977,True,2.0873,2,0,1.61,0.4091,109.28,21,26,21
AC3Placer,40,978,True,2.119,5,0,0.91,-0.5357,100.21,20,26,12
AC3Placer,40,979,True,1.9567,4,0,1.0429,-0.5,147.43,26,33,19
AC3Placer,40,980,True,1.9837,2,0,1.1776,-0.0476,136.58,25,33,17
AC3Placer,40,981,True,2.0688,3,0,2.1406,0.1703,110.51,21,29,23
AC3Placer,40,982,True,2.0312,2,0,1.4422,0.5333,116.07,21,27,21
AC3Placer,40,983,True,1.9825,3,1,0.7222,0.7091,133.09,24,28,17
AC3Placer,40,984,True,2.0181,3,1,1.4442,-0.1273,126.02,23,31,19
AC3Placer,40,985,True,2.0094,3,1,0.9722,0.3,133.89,24,28,13
AC3Placer,40,986,True,2.0873,3,0,1.0748,-0.0476,113.66,21,24,17
AC3Placer,40,987,True,1.988,2,0,1.1229,0.5357,122.42,23,25,14
AC3Placer,40,988,True,1.9468,4,0,1.3696,0.3214,138.73,25,38,14
AC3Placer,40,989,True,1.9481,5,1,1.9149,0.881,132.97,24,35,13
AC3Placer,40,990,True,2.1235,2,0,1.8781,0.4286,101.13,19,24,17
AC3Placer,40,991,True,1.9006,2,0,0.8112,-0.0167,151.95,28,34,13
AC3Placer,40,992,True,1.9006,4,0,1.1161,0.8667,159.36,28,35,13
AC3Placer,40,993,True,2.0533,5,0,1.2893,-0.5429,117.23,22,28,11
AC3Placer,40,994,True,1.8326,4,0,1.026,0.7182,137.77,24,27,20
AC3Placer,40,995,True,1.8768,3,0,0.9246,0.4333,141.68,27,28,19
AC3Placer,40,996,True,1.9288,3,0,1.9122,0.1071,146.2,27,35,20
AC3Placer,40,997,True,1.8774,4,0,1.3611,0.5524,126.49,23,19,13
AC3Placer,40,998,True,2.1087,2,0,2.44,0.95,102.2,20,32,17
AC3Placer,40,999,True,2.1471,3,0,1.1468,0.503,94.26,19,21,17
AC3Placer,50,0,True,1.6685,3,0,1.3847,0.0066,407.12,45,61,26
AC3Placer,50,1,True,1.8764,6,0,1.6322,0.4835,250.69,30,41,21
AC3Placer,50,2,True,1.6723,3,0,1.8041,0.0462,313.35,35,60,24
AC3Placer,50,3,True,1.8133,4,0,1.7344,0.1636,285.41,32,52,18
AC3Placer,50,4,True,1.6972,4,0,1.2409,-0.2176,373.75,42,53,19
AC3Placer,50,5,True,1.6412,5,0,1.3316,0.1714,429.6,48,86,25
AC3Placer,50,6,True,1.7266,2,0,1.2975,-0.45,358.81,40,58,14
AC3Placer,50,7,True,1.8078,2,0,1.8072,-0.1958,294.92,33,54,20
AC3Placer,50,8,True,1.6478,3,0,1.7278,0.0424,415.36,46,68,20
AC3Placer,50,9,True,1.6248,3,0,1.2795,-0.0909,445.94,49,57,15
AC3Placer,50,10,True,1.6619,4,0,1.4489,0.4551,389.17,45,54,30
AC3Placer,50,11,True,1.7202,2,0,1.1775,-0.0667,349.54,40,46,13
AC3Placer,50,12,True,1.7272,5,0,1.0625,0.0549,346.51,39,55,26
AC3Placer,50,13,True,1.6224,4,0,1.8568,0.4066,452.93,46,71,29
AC3Placer,50,14,True,1.644,3,1,1.2479,-0.0091,391.56,39,65,19
AC3Placer,50,15,True,1.7095,6,0,1.06,0.4069,365.29,40,52,21
AC3Placer,50,16,True,1.6895,2,0,1.3553,0.2253,394.63,43,60,19
AC3Placer,50,17,True,1.639,3,0,1.1756,0.0545,392.3,44,54,21
AC3Placer,50,18,True,1.6972,2,0,1.6168,0.2044,373.3,42,68,25
AC3Placer,50,19,True,1.7161,4,0,1.5062,-0.1373,370.18,41,57,29
AC3Placer,50,20,True,1.6876,4,0,1.5351,-0.5364,376.5,42,50,13
AC3Placer,50,21,True,1.7673,3,0,1.1278,0.0637,328.72,37,48,17
AC3Placer,50,22,True,1.6931,4,0,1.271,-0.2,367.11,43,55,18
AC3Placer,50,23,True,1.6337,4,0,1.5075,-0.1608,434.06,47,64,16
AC3Placer,50,24,True,1.8078,3,1,1.4949,0.1154,296.7,33,55,23
AC3Placer,50,25,True,1.7904,3,0,1.6163,0.1912,291.37,35,50,25
AC3Placer,50,26,True,1.7363,4,0,1.3925,0.0877,346.87,39,51,20
AC3Placer,50,27,True,1.6895,3,0,1.272,-0.0495,393.18,43,63,22
AC3Placer,50,28,True,1.7266,4,0,1.54,0.0667,355.3,40,56,15
AC3Placer,50,29,True,1.7329,3,1,1.4792,0.3582,340.56,38,64,23
AC3Placer,50,30,True,1.8538,2,0,1.2237,-0.1333,267.99,31,39,19
AC3Placer,50,31,True,1.7121,2,0,1.3778,0.0036,363.86,41,70,24
AC3Placer,50,32,True,1.639,2,0,1.1632,0.1471,406.75,44,50,20
AC3Placer,50,33,True,1.7363,3,0,1.8264,0.1121,344.74,39,54,26
AC3Placer,50,34,True,1.8613,3,0,1.7274,0.2706,269.94,31,44,24
AC3Placer,50,35,True,1.779,6,0,1.5869,0.0909,296.97,35,46,18
AC3Placer,50,36,True,1.7623,6,0,1.3163,0.2273,328.25,37,51,18
AC3Placer,50,37,True,1.7449,3,0,1.0859,0.1536,329.36,38,60,20
AC3Placer,50,38,True,1.6349,4,0,0.8844,0.5536,366.26,42,48,24
AC3Placer,50,39,True,1.6722,5,0,1.666,0.35,352.66,39,64,14
AC3Placer,50,40,True,1.7847,5,0,1.5164,0.7333,284.17,34,41,20
AC3Placer,50,41,True,1.7369,4,0,1.5252,0.0536,333.59,37,50,19
AC3Placer,50,42,True,1.8764,4,0,1.41,-0.2028,266.78,30,39,16
AC3Placer,50,43,True,1.7329,6,0,1.1108,0.5571,312.83,38,50,21
AC3Placer,50,44,True,1.7049,4,0,1.5334,-0.2923,377.88,42,65,20
AC3Placer,50,45,True,1.7407,3,0,1.929,0.2782,354.24,39,63,24
AC3Placer,50,46,True,1.7329,4,0,1.563,0.15,339.76,38,59,25
AC3Placer,50,47,True,1.6685,3,1,1.2711,-0.0839,391.06,45,66,22
AC3Placer,50,48,True,1.6895,5,0,1.2234,0.4167,390.32,43,62,23
AC3Placer,50,49,True,1.6741,3,0,1.25,0.1703,376.19,42,63,16
AC3Placer,50,50,True,1.6126,3,0,1.29,0.1609,465.27,50,65,30
AC3Placer,50,51,True,1.7161,4,0,1.3778,0.1824,375.31,41,53,25
AC3Placer,50,52,True,1.7847,4,0,1.09,0.2294,296.48,34,44,24
AC3Placer,50,53,True,1.6386,5,0,1.6622,0.4165,392.78,45,72,33
AC3Placer,50,54,True,1.6953,5,0,1.5187,0.0,402.17,39,63,17
AC3Placer,50,55,True,1.8,2,0,1.7067,-0.0901,309.74,34,47,22
AC3Placer,50,56,True,1.7095,4,0,0.7744,0.4321,352.12,40,41,23
AC3Placer,50,57,True,1.8613,2,0,1.3403,0.3909,303.16,31,44,16
AC3Placer,50,58,True,1.6754,2,0,1.1957,0.5597,361.52,41,50,28
AC3Placer,50,59,True,1.7794,2,0,1.4653,-0.0545,319.13,36,57,19
AC3Placer,50,60,True,1.7821,5,0,1.8233,0.3182,312.33,36,61,19
AC3Placer,50,61,True,1.7623,3,0,1.4478,0.1813,320.57,37,41,26
AC3Placer,50,62,True,1.752,3,1,1.6648,0.2614,314.51,38,54,25
AC3Placer,50,63,True,1.6754,4,0,1.0625,0.021,374.35,41,51,16
AC3Placer,50,64,True,1.8388,2,0,1.1197,-0.049,253.1,31,34,15
AC3Placer,50,65,True,1.7449,2,0,1.6122,0.456,330.18,38,54,24
AC3Placer,50,66,True,1.6331,3,1,1.1245,0.3143,436.71,49,66,20
AC3Placer,50,67,True,1.6758,3,0,0.7893,-0.5,391.44,44,56,16
AC3Placer,50,68,True,1.8273,4,0,1.8237,0.3636,278.24,33,51,27
AC3Placer,50,69,True,1.7673,4,0,1.9109,0.326,330.53,37,60,24
AC3Placer,50,70,True,1.6196,3,0,1.0208,0.0114,441.33,48,60,30
AC3Placer,50,71,True,1.7086,4,0,1.5755,0.1608,309.39,35,45,21
AC3Placer,50,72,True,1.7794,4,0,1.5826,-0.25,356.58,36,53,17
AC3Placer,50,73,True,1.6604,2,0,1.4371,-0.2967,426.76,46,61,17
AC3Placer,50,74,True,1.7161,4,0,1.1267,0.6,369.83,41,60,26
AC3Placer,50,75,True,1.6876,2,0,1.2925,-0.2821,398.64,42,60,24
AC3Placer,50,76,True,1.7329,3,0,1.4605,-0.0091,382.82,38,57,17
AC3Placer,50,77,True,1.7161,4,0,1.329,0.451,379.55,41,53,25
AC3Placer,50,78,True,1.6379,5,0,1.1412,-0.0418,383.85,43,56,16
AC3Placer,50,79,True,1.6876,6,0,1.6508,0.1941,366.1,42,70,23
AC3Placer,50,80,True,1.681,2,0,1.3843,-0.6429,393.71,44,64,19
AC3Placer,50,81,True,1.7121,4,0,1.0351,0.544,366.1,41,49,16
AC3Placer,50,82,True,1.7673,4,0,1.7093,0.1936,342.82,37,56,24
AC3Placer,50,83,True,1.6216,4,0,1.483,0.4593,420.84,47,72,23
AC3Placer,50,84,True,1.8413,2,0,1.0693,-0.0667,238.6,32,37,13
AC3Placer,50,85,True,1.6341,2,0,1.1503,0.028,318.75,38,45,17
AC3Placer,50,86,True,1.7961,2,0,1.5053,-0.1333,288.85,35,54,22
AC3Placer,50,87,True,1.7673,4,0,1.0519,0.3286,311.33,37,52,27
AC3Placer,50,88,True,1.6386,3,0,1.8044,0.4167,390.51,45,69,23
AC3Placer,50,89,True,1.6902,4,0,1.5749,0.0929,306.34,37,66,24
AC3Placer,50,90,True,1.7202,3,1,1.2844,0.1714,345.37,40,55,19
AC3Placer,50,91,True,1.681,5,0,1.8735,-0.1744,382.1,44,71,27
AC3Placer,50,92,True,1.9147,2,0,1.9439,0.3077,229.13,28,46,18
AC3Placer,50,93,True,1.7904,4,0,2.2906,0.3231,312.76,35,57,27
AC3Placer,50,94,True,1.7407,3,0,1.3254,-0.042,331.41,39,57,21
AC3Placer,50,95,True,1.7522,2,0,1.8714,-0.0364,303.16,37,56,20
AC3Placer,50,96,True,1.6379,5,0,1.3629,-0.3187,385.41,43,62,29
AC3Placer,50,97,True,1.6953,5,0,0.9086,0.2614,331.47,39,49,29
AC3Placer,50,98,True,1.8643,3,0,1.9156,0.6319,251.71,30,46,26
AC3Placer,50,99,True,1.6822,4,0,1.4289,-0.2,359.71,43,72,19
AC3Placer,50,100,True,1.6712,3,0,1.0763,-0.044,358.15,43,60,21
AC3Placer,50,101,True,1.752,4,0,1.3906,0.1604,320.2,38,52,20
AC3Placer,50,102,True,1.7388,4,0,1.49,-0.4,303.23,36,61,24
AC3Placer,50,103,True,1.7544,2,0,1.9702,0.7857,307.78,38,67,25
AC3Placer,50,104,True,1.6428,5,0,1.196,0.675,420.92,47,62,20
AC3Placer,50,105,True,1.752,4,0,2.0672,0.028,327.08,38,63,18
AC3Placer,50,106,True,1.7794,4,0,1.6937,0.3602,313.04,36,53,26
AC3Placer,50,107,True,1.7847,3,1,2.2362,0.2714,313.26,34,55,30
AC3Placer,50,108,True,1.703,3,0,1.4042,0.3735,419.8,42,55,20
AC3Placer,50,109,True,1.703,2,0,1.5215,0.0418,380.14,42,58,25
AC3Placer,50,110,True,1.8091,2,0,0.8452,-0.4524,337.58,34,37,16
AC3Placer,50,111,True,1.6619,2,0,1.1032,0.0242,416.76,45,59,20
AC3Placer,50,112,True,1.763,3,0,1.6479,0.1515,310.7,34,55,19
AC3Placer,50,113,True,1.7049,5,0,1.216,-0.1538,372.03,42,51,20
AC3Placer,50,114,True,1.7121,5,0,1.5062,0.1374,375.46,41,57,20
AC3Placer,50,115,True,1.6671,4,0,1.4298,0.0182,435.32,44,68,19
AC3Placer,50,116,True,1.8804,3,0,1.9556,0.5594,253.11,30,40,19
AC3Placer,50,117,True,1.7272,3,1,1.2202,0.0559,339.1,39,61,19
AC3Placer,50,118,True,1.6918,3,0,1.5907,-0.0198,361.13,41,55,19
AC3Placer,50,119,True,1.7623,5,0,2.13,0.1091,335.77,37,65,17
AC3Placer,50,120,True,1.6931,4,0,1.2158,0.5804,375.38,43,60,19
AC3Placer,50,121,True,1.8768,3,0,1.2702,0.7088,257.91,27,37,19
AC3Placer,50,122,True,1.8538,3,0,1.282,-0.1909,262.71,31,46,23
AC3Placer,50,123,True,1.6671,4,0,1.4587,-0.619,394.93,44,72,8
AC3Placer,50,124,True,1.7544,3,0,1.0755,-0.0725,347.26,38,47,21
AC3Placer,50,125,True,1.703,3,0,1.4382,0.5421,379.65,42,61,29
AC3Placer,50,126,True,1.8413,4,0,1.375,0.1923,279.56,32,48,26
AC3Placer,50,127,True,1.7847,4,0,1.0112,-0.0418,300.77,34,49,23
AC3Placer,50,128,True,1.6931,3,0,1.1671,0.3143,377.19,43,54,17
AC3Placer,50,129,True,1.6876,4,0,0.8707,0.3916,378.2,42,54,23
AC3Placer,50,130,True,1.6488,6,0,1.2811,0.0727,432.88,47,62,18
AC3Placer,50,131,True,1.6953,3,0,1.1006,0.1727,350.13,39,48,20
AC3Placer,50,132,True,1.8091,3,0,1.2362,-0.75,296.59,34,47,21
AC3Placer,50,133,True,1.6953,2,0,1.5464,0.0505,368.02,39,51,20
AC3Placer,50,134,True,1.7821,3,1,1.1011,0.0818,311.05,36,47,21
AC3Placer,50,135,True,1.7202,3,0,1.26,0.4833,356.57,40,52,17
AC3Placer,50,136,True,1.7363,3,0,2.1473,0.5648,342.36,39,58,21
AC3Placer,50,137,True,1.6758,3,0,1.3326,0.1648,468.25,44,62,23
AC3Placer,50,138,True,1.6822,2,0,1.7815,0.257,419.73,43,67,27
AC3Placer,50,139,True,1.7794,3,0,1.0764,0.0495,319.92,36,45,19
AC3Placer,50,140,True,1.7579,2,0,1.5833,0.0679,318.58,36,66,22
AC3Placer,50,141,True,1.816,3,0,1.3403,0.0357,264.08,31,44,12
AC3Placer,50,142,True,1.7449,4,0,1.0478,-0.6044,331.06,38,49,23
AC3Placer,50,143,True,1.8121,4,0,2.1903,0.7545,297.28,34,52,16
AC3Placer,50,144,True,1.7161,2,0,1.0541,0.0857,378.12,41,55,20
AC3Placer,50,145,True,1.714,2,0,1.358,-0.2818,314.98,36,56,21
AC3Placer,50,146,True,1.8413,2,0,1.4336,0.3636,279.01,32,46,22
AC3Placer,50,147,True,1.7266,2,0,1.74,-0.0679,354.89,40,56,29
AC3Placer,50,148,True,1.8643,3,0,1.4489,0.7857,262.25,30,46,14
AC3Placer,50,149,True,1.6337,3,0,1.2639,0.4679,419.1,47,60,17
AC3Placer,50,150,True,1.5902,3,0,1.0035,0.086,459.7,51,63,26
AC3Placer,50,151,True,1.7449,3,0,0.9702,-0.3364,326.5,38,47,24
AC3Placer,50,152,True,1.7363,3,0,1.1085,-0.1893,354.68,39,54,22
AC3Placer,50,153,True,1.7623,3,1,1.2228,-0.0818,328.86,37,56,18
AC3Placer,50,154,True,1.6386,3,1,1.0143,0.175,413.23,45,59,27
AC3Placer,50,155,True,1.7095,3,0,1.01,0.3676,349.08,40,52,26
AC3Placer,50,156,True,1.6518,4,0,1.3536,0.0545,422.2,47,68,19
AC3Placer,50,157,True,1.6507,5,0,2.0275,-0.2727,353.0,40,74,19
AC3Placer,50,158,True,1.7266,4,0,1.6694,0.033,342.55,40,53,25
AC3Placer,50,159,True,1.6549,4,0,1.595,-0.0265,386.07,44,72,28
AC3Placer,50,160,True,1.6079,3,0,1.1096,0.0,469.72,51,66,15
AC3Placer,50,161,True,1.7904,2,0,1.0041,-0.1049,294.25,35,45,16
AC3Placer,50,162,True,1.7794,3,0,1.1937,0.028,315.09,36,53,20
AC3Placer,50,163,True,1.6565,5,0,2.0855,0.2343,367.27,43,76,24
AC3Placer,50,164,True,1.662,2,0,1.3138,0.0088,398.63,46,62,26
AC3Placer,50,165,True,1.779,5,0,0.8278,0.4902,318.85,35,34,25
AC3Placer,50,166,True,1.8388,2,0,1.5838,0.1579,263.38,31,42,26
AC3Placer,50,167,True,1.8091,4,0,1.09,-0.2909,310.21,34,44,16
AC3Placer,50,168,True,1.6379,4,0,1.2472,0.0965,386.03,43,47,38
AC3Placer,50,169,True,1.9082,3,0,1.4815,0.1515,219.12,27,36,20
AC3Placer,50,170,True,1.7449,4,0,1.4543,0.0198,373.52,38,54,18
AC3Placer,50,171,True,1.7202,4,0,1.3344,0.2033,327.28,40,55,21
AC3Placer,50,172,True,1.6718,4,0,1.36,-0.5758,411.2,45,69,19
AC3Placer,50,173,True,1.6557,3,0,1.1626,0.3412,416.83,46,70,24
AC3Placer,50,174,True,1.7272,3,0,1.3057,-0.1412,345.23,39,48,26
AC3Placer,50,175,True,1.8804,3,0,1.9822,0.1929,261.08,30,44,31
AC3Placer,50,176,True,1.7266,4,0,1.0775,-0.0964,365.95,40,54,21
AC3Placer,50,177,True,1.6583,3,1,1.718,0.325,339.61,37,70,27
AC3Placer,50,178,True,1.6196,2,0,1.1181,0.3939,422.11,48,68,24
AC3Placer,50,179,True,1.7407,5,0,1.169,0.2912,348.62,39,56,19
AC3Placer,50,180,True,1.8273,3,0,1.5721,0.05,288.86,33,46,22
AC3Placer,50,181,True,1.6944,2,0,1.4444,0.3147,363.07,40,57,13
AC3Placer,50,182,True,1.7121,4,0,1.1767,0.1703,362.78,41,61,17
AC3Placer,50,183,True,1.8095,5,0,1.2128,0.1648,242.66,29,42,16
AC3Placer,50,184,True,1.6165,3,0,1.1862,0.2378,449.64,49,76,21
AC3Placer,50,185,True,1.7579,2,0,0.8889,0.45,318.65,36,48,16
AC3Placer,50,186,True,1.7961,2,0,1.4155,0.3077,308.9,35,46,18
AC3Placer,50,187,True,1.7272,4,0,0.9993,-0.5273,336.07,39,53,19
AC3Placer,50,188,True,1.6331,4,0,1.2811,-0.3939,448.35,49,65,14
AC3Placer,50,189,True,1.6369,3,0,1.6927,0.0382,439.43,48,66,25
AC3Placer,50,190,True,1.6386,2,0,1.3333,-0.0333,402.84,45,75,16
AC3Placer,50,191,True,1.6549,4,0,1.1963,-0.0036,393.56,44,62,18
AC3Placer,50,192,True,1.6055,2,0,0.9413,-0.1429,447.57,49,76,11
AC3Placer,50,193,True,1.6758,5,0,2.0372,-0.2214,394.76,44,84,22
AC3Placer,50,194,True,1.8722,4,0,1.3389,0.25,254.1,29,47,26
AC3Placer,50,195,True,1.7579,3,0,1.8974,0.2265,314.43,36,59,24
AC3Placer,50,196,True,1.7579,4,0,1.4722,-0.3697,323.1,36,54,17
AC3Placer,50,197,True,1.6941,4,0,1.4044,0.4,334.09,38,66,23
AC3Placer,50,198,True,1.6918,4,0,1.0541,0.3217,353.78,41,55,22
AC3Placer,50,199,True,1.6895,2,0,1.2039,-0.013,378.77,43,58,33
AC3Placer,50,200,True,1.7363,4,0,1.3583,-0.5175,360.15,39,53,15
AC3Placer,50,201,True,1.6685,3,0,1.44,-0.1166,410.38,45,72,26
AC3Placer,50,202,True,1.6931,3,0,1.3186,0.1,395.22,43,63,16
AC3Placer,50,203,True,1.779,3,0,1.3829,0.4266,287.85,35,49,19
AC3Placer,50,204,True,1.6685,2,0,0.9165,0.0107,404.74,45,67,21
AC3Placer,50,205,True,1.7095,4,0,1.8994,0.035,351.41,40,59,19
AC3Placer,50,206,True,1.7121,3,0,2.1404,0.1273,392.84,41,66,19
AC3Placer,50,207,True,1.7904,2,0,2.062,0.389,298.46,35,57,29
AC3Placer,50,208,True,1.7407,3,0,1.3189,-0.3265,349.0,39,55,30
AC3Placer,50,209,True,1.779,4,0,1.5478,0.0,308.06,35,57,14
AC3Placer,50,210,True,1.6876,5,0,0.9025,0.4059,376.61,42,40,24
AC3Placer,50,211,True,1.7161,4,0,1.68,-0.356,362.06,41,69,28
AC3Placer,50,212,True,1.7383,3,0,0.8686,0.3275,307.55,35,49,22
AC3Placer,50,213,True,1.6972,4,0,1.1049,-0.4833,380.37,42,61,11
AC3Placer,50,214,True,1.6941,4,0,1.5069,0.2964,321.5,38,60,26
AC3Placer,50,215,True,1.6758,2,0,1.1544,0.2673,393.77,44,63,26
AC3Placer,50,216,True,1.714,3,0,2.0617,-0.0836,320.88,36,64,33
AC3Placer,50,217,True,1.5711,4,0,1.4996,0.6752,438.36,48,73,28
AC3Placer,50,218,True,1.6941,3,0,1.2161,0.356,340.4,38,50,28
AC3Placer,50,219,True,1.6412,4,0,1.5794,-0.1209,420.63,48,75,14
AC3Placer,50,220,True,1.6953,2,0,0.9204,0.244,310.8,39,41,17
AC3Placer,50,221,True,1.7095,3,0,0.7775,0.2455,320.93,40,46,13
AC3Placer,50,222,True,1.6426,4,0,0.9996,0.4529,432.91,48,73,25
AC3Placer,50,223,True,1.6412,3,0,1.1094,-0.1608,435.56,48,54,16
AC3Placer,50,224,True,1.639,4,0,1.39,-0.2619,398.66,44,75,21
AC3Placer,50,225,True,1.7673,3,0,1.6245,-0.1818,350.08,37,62,17
AC3Placer,50,226,True,1.7329,4,0,0.7978,0.2879,335.95,38,46,23
AC3Placer,50,227,True,1.565,4,0,1.0196,0.5175,365.47,41,48,15
AC3Placer,50,228,True,1.7904,3,0,1.6784,0.0505,343.07,35,52,22
AC3Placer,50,229,True,1.6369,3,1,1.2014,-0.4975,441.72,48,76,27
AC3Placer,50,230,True,1.6972,3,0,1.2449,-0.0979,377.6,42,60,23
AC3Placer,50,231,True,1.7266,2,0,1.7475,0.2517,344.12,40,58,21
AC3Placer,50,232,True,1.6519,3,0,1.3156,0.1941,385.64,45,69,23
AC3Placer,50,233,True,1.7623,5,0,1.9255,0.3407,329.5,37,56,21
AC3Placer,50,234,True,1.8722,4,0,1.0107,0.6,246.42,29,36,13
AC3Placer,50,235,True,1.7163,2,0,1.2243,0.511,338.81,37,47,24
AC3Placer,50,236,True,1.6712,2,0,1.7382,0.2308,403.88,43,64,22
AC3Placer,50,237,True,1.681,4,0,1.1054,0.4191,397.7,44,62,22
AC3Placer,50,238,True,1.703,4,0,1.4382,0.0877,361.99,42,65,30
AC3Placer,50,239,True,1.7121,5,0,2.0297,0.3248,372.33,41,68,24
AC3Placer,50,240,True,1.8091,3,0,1.5891,-0.1469,267.04,34,47,23
AC3Placer,50,241,True,1.7266,4,0,1.5444,0.2273,340.51,40,57,19
AC3Placer,50,242,True,1.8,4,0,1.1626,-0.0061,302.85,34,38,19
AC3Placer,50,243,True,1.8,3,0,1.5952,0.1706,301.6,34,54,26
AC3Placer,50,244,True,1.6518,2,0,1.1833,0.0839,427.45,47,68,24
AC3Placer,50,245,True,1.7522,3,0,1.2754,0.2308,324.64,37,57,25
AC3Placer,50,246,True,1.6944,3,0,1.4275,0.467,358.2,40,54,21
AC3Placer,50,247,True,1.7794,2,0,1.1914,-0.1049,326.71,36,52,21
AC3Placer,50,248,True,1.7329,5,0,2.0284,0.1912,339.26,38,61,28
AC3Placer,50,249,True,1.8309,3,0,1.5615,0.3363,290.32,32,47,17
AC3Placer,50,250,True,1.6426,3,0,1.1649,0.1117,438.84,48,62,30
AC3Placer,50,251,True,1.7449,3,0,1.3109,-0.0464,330.7,38,49,22
AC3Placer,50,252,True,1.9194,3,0,1.4324,0.6593,217.28,28,37,20
AC3Placer,50,253,True,1.662,3,0,1.146,0.5792,408.69,46,63,35
AC3Placer,50,254,True,1.6741,3,0,1.1661,0.2917,378.25,42,55,21
AC3Placer,50,255,True,1.8388,4,0,1.796,0.5273,273.21,31,45,23
AC3Placer,50,256,True,1.6685,3,0,1.76,-0.2404,403.44,45,66,30
AC3Placer,50,257,True,1.714,4,0,1.1752,0.0833,308.1,36,49,23
AC3Placer,50,258,True,1.752,3,0,1.2999,0.0165,338.54,38,59,25
AC3Placer,50,259,True,1.6876,3,0,1.1882,0.389,373.88,42,58,20
AC3Placer,50,260,True,1.6723,3,0,1.9429,0.1373,311.69,35,70,32
AC3Placer,50,261,True,1.752,4,0,1.8705,-0.1209,334.68,38,61,16
AC3Placer,50,262,True,1.6931,3,0,1.735,0.2264,376.37,43,67,22
AC3Placer,50,263,True,1.6192,2,0,1.3024,0.0607,452.12,50,62,24
AC3Placer,50,264,True,1.6074,2,0,1.3266,0.2527,472.88,52,77,21
AC3Placer,50,265,True,1.6428,4,0,1.3137,0.1912,429.22,47,70,21
AC3Placer,50,266,True,1.752,3,0,0.9806,0.2667,338.32,38,54,17
AC3Placer,50,267,True,1.6822,2,0,1.0806,0.2238,390.62,43,68,18
AC3Placer,50,268,True,1.7544,4,0,1.0145,0.0,324.69,38,51,17
AC3Placer,50,269,True,1.8151,5,1,0.8056,0.6364,244.89,30,35,16
AC3Placer,50,270,True,1.6931,4,0,1.0838,0.2475,376.16,43,62,32
AC3Placer,50,271,True,1.6337,3,0,1.8053,0.3299,426.31,47,77,29
AC3Placer,50,272,True,1.752,4,0,1.4494,0.3799,332.09,38,61,30
AC3Placer,50,273,True,1.7202,3,0,1.2994,0.3358,363.79,40,51,27
AC3Placer,50,274,True,1.6619,4,0,1.4499,0.2286,408.64,45,68,25
AC3Placer,50,275,True,1.7363,4,0,1.4845,0.0198,342.79,39,50,29
AC3Placer,50,276,True,1.6165,5,0,1.6327,0.3313,446.53,49,70,25
AC3Placer,50,277,True,1.7202,5,0,1.79,0.1206,348.91,40,56,23
AC3Placer,50,278,True,1.6386,3,0,0.6143,0.1,414.62,45,49,21
AC3Placer,50,279,True,1.7821,3,0,1.2677,0.119,313.5,36,47,13
AC3Placer,50,280,True,1.6931,6,0,1.0946,0.5636,386.87,43,56,10
AC3Placer,50,281,True,1.7202,4,0,1.2994,0.1033,362.06,40,51,20
AC3Placer,50,282,True,1.6902,3,0,1.1059,0.3758,329.1,37,59,25
AC3Placer,50,283,True,1.7266,2,0,1.6475,-0.0702,394.79,40,58,29
AC3Placer,50,284,True,1.6604,4,0,1.6337,0.3626,416.98,46,73,23
AC3Placer,50,285,True,1.7202,2,0,1.4444,-0.0593,361.29,40,63,20
AC3Placer,50,286,True,1.8448,5,0,1.8662,0.1049,281.01,32,51,22
AC3Placer,50,287,True,1.6718,4,0,1.2721,0.2,400.41,45,58,22
AC3Placer,50,288,True,1.6931,2,0,2.0151,-0.0147,382.39,43,74,24
AC3Placer,50,289,True,1.5746,3,0,0.9496,-0.4545,450.24,49,60,17
AC3Placer,50,290,True,1.639,4,1,1.1405,0.4819,396.71,44,60,20
AC3Placer,50,291,True,1.8133,4,0,0.9961,-0.2857,282.55,32,46,13
AC3Placer,50,292,True,1.6931,2,0,1.6322,0.4314,384.41,43,75,30
AC3Placer,50,293,True,1.6754,2,0,1.2314,-0.1049,349.44,41,53,22
AC3Placer,50,294,True,1.6741,2,0,2.479,-0.0794,357.58,42,67,25
AC3Placer,50,295,True,1.6428,3,0,1.2657,0.1121,426.46,47,67,18
AC3Placer,50,296,True,1.7121,3,0,1.7561,0.4778,372.62,41,82,20
AC3Placer,50,297,True,1.6972,5,0,1.3946,0.15,369.67,42,54,25
AC3Placer,50,298,True,1.7095,2,0,1.29,0.2364,350.38,40,56,14
AC3Placer,50,299,True,1.6671,4,0,0.9768,-0.0979,376.73,44,65,17
AC3Placer,50,300,True,1.7121,3,0,1.1731,-0.2429,358.34,41,59,22
AC3Placer,50,301,True,1.703,4,0,1.3724,0.3536,361.65,42,69,24
AC3Placer,50,302,True,1.6895,2,0,1.1174,0.1103,389.16,43,59,26
AC3Placer,50,303,True,1.7272,3,1,1.2387,0.1264,349.5,39,51,14
AC3Placer,50,304,True,1.681,3,0,1.5057,0.4022,409.06,44,55,21
AC3Placer,50,305,True,1.7673,4,0,1.29,0.2536,330.14,37,48,28
AC3Placer,50,306,True,1.7266,3,0,1.2494,0.1813,365.75,40,59,25
AC3Placer,50,307,True,1.5878,3,0,1.4749,0.0836,421.7,47,66,20
AC3Placer,50,308,True,1.6488,4,0,1.4242,-0.2727,424.26,47,82,17
AC3Placer,50,309,True,1.7163,2,0,1.6406,0.3462,317.02,37,51,19
AC3Placer,50,310,True,1.7161,3,0,1.1719,0.5429,398.56,41,52,21
AC3Placer,50,311,True,1.752,2,0,1.5485,0.1821,395.65,38,52,28
AC3Placer,50,312,True,1.7449,5,0,0.9619,0.0066,327.08,38,51,19
AC3Placer,50,313,True,1.6619,2,0,1.4054,-0.1119,404.98,45,68,19
AC3Placer,50,314,True,1.6895,4,0,1.1412,0.1912,383.91,43,56,18
AC3Placer,50,315,True,1.6754,3,1,1.2933,0.1383,375.35,41,50,33
AC3Placer,50,316,True,1.7961,3,0,1.391,0.4895,305.44,35,51,18
AC3Placer,50,317,True,1.6944,4,0,1.6475,0.5273,367.27,40,42,22
AC3Placer,50,318,True,1.779,5,0,1.4482,0.4676,300.85,35,54,24
AC3Placer,50,319,True,1.816,2,0,1.7877,0.3626,263.91,31,55,26
AC3Placer,50,320,True,1.8133,4,0,1.1094,0.3212,264.99,32,44,16
AC3Placer,50,321,True,1.6876,2,0,1.6984,0.0281,353.35,42,70,29
AC3Placer,50,322,True,1.6827,4,0,1.5222,0.4571,391.15,44,65,25
AC3Placer,50,323,True,1.7579,5,0,1.2778,0.403,314.18,36,48,24
AC3Placer,50,324,True,1.6749,2,0,0.7594,0.3462,373.59,40,45,19
AC3Placer,50,325,True,1.7673,4,0,1.157,-0.2818,334.2,37,46,19
AC3Placer,50,326,True,1.7287,5,0,1.4444,-0.0491,358.64,40,63,30
AC3Placer,50,327,True,1.7904,3,0,1.1869,0.1923,311.11,35,46,20
AC3Placer,50,328,True,1.6549,6,0,1.3223,0.4975,405.87,44,60,26
AC3Placer,50,329,True,1.6547,3,1,1.5419,0.397,373.3,41,55,29
AC3Placer,50,330,True,1.8643,2,0,0.9156,0.5385,273.87,30,44,24
AC3Placer,50,331,True,1.6712,3,0,1.2569,0.5281,391.46,43,70,23
AC3Placer,50,332,True,1.6519,4,0,1.5556,0.3214,388.52,45,75,24
AC3Placer,50,333,True,1.6557,4,0,1.4631,-0.0029,400.92,46,66,24
AC3Placer,50,334,True,1.7121,4,0,1.436,0.5275,362.92,41,54,19
AC3Placer,50,335,True,1.7287,4,0,1.5375,0.1319,330.77,40,50,22
AC3Placer,50,336,True,1.6604,4,0,1.3365,0.5273,405.79,46,68,18
AC3Placer,50,337,True,1.7449,5,0,1.6011,0.5088,349.98,38,52,20
AC3Placer,50,338,True,1.6518,2,0,1.311,0.0893,422.29,47,73,19
AC3Placer,50,339,True,1.8388,4,0,1.8564,0.3939,267.73,31,44,20
AC3Placer,50,340,True,1.6204,3,0,1.0475,0.5098,314.69,37,34,20
AC3Placer,50,341,True,1.8643,3,1,1.4322,-0.0462,270.8,30,41,22
AC3Placer,50,342,True,1.939,3,0,1.3608,0.425,221.18,27,40,26
AC3Placer,50,343,True,1.7363,3,0,1.2676,0.2617,340.6,39,49,27
AC3Placer,50,344,True,1.7363,4,0,1.4964,0.1469,335.16,39,47,14
AC3Placer,50,345,True,1.752,4,0,1.5485,0.5059,329.34,38,52,23
AC3Placer,50,346,True,1.8078,2,0,1.6253,0.3455,289.85,33,54,18
AC3Placer,50,347,True,1.6619,2,0,1.4795,0.0813,409.32,45,73,17
AC3Placer,50,348,True,1.6065,6,0,1.2878,-0.4341,471.97,48,69,22
AC3Placer,50,349,True,1.6412,3,0,1.2878,0.0857,438.54,48,69,30
AC3Placer,50,350,True,1.662,5,0,1.673,0.2735,417.4,46,64,20
AC3Placer,50,351,True,1.6953,5,0,1.3228,0.503,375.89,39,56,14
AC3Placer,50,352,True,1.6685,4,1,1.5032,0.1422,411.23,45,59,27
AC3Placer,50,353,True,1.6331,2,0,0.728,0.1353,460.2,49,53,25
AC3Placer,50,354,True,1.7266,4,0,1.4975,0.6643,352.68,40,58,18
AC3Placer,50,355,True,1.8133,2,0,1.6709,0.4029,279.2,32,39,28
AC3Placer,50,356,True,1.7202,2,0,1.1975,-0.2182,362.1,40,62,17
AC3Placer,50,357,True,1.8091,4,0,1.7829,0.6429,303.23,34,59,20
AC3Placer,50,358,True,1.6671,2,0,0.8079,0.5441,407.27,44,58,30
AC3Placer,50,359,True,1.7579,5,0,2.2747,0.0424,317.6,36,70,17
AC3Placer,50,360,True,1.6303,2,0,1.1512,-0.2179,454.75,49,64,26
AC3Placer,50,361,True,1.6341,5,0,1.4965,0.2485,338.15,38,47,14
AC3Placer,50,362,True,1.6931,3,0,1.5392,-0.4536,379.51,43,75,24
AC3Placer,50,363,True,1.752,4,0,1.1413,0.2619,344.66,38,48,13
AC3Placer,50,364,True,1.6822,4,1,1.1228,0.2571,369.67,43,60,21
AC3Placer,50,365,True,1.8133,3,0,1.3271,0.45,267.39,32,41,21
AC3Placer,50,366,True,1.7388,3,0,1.5455,0.0462,307.25,36,47,21
AC3Placer,50,367,True,1.8121,5,0,2.4126,0.2107,296.06,34,55,27
AC3Placer,50,368,True,1.5758,4,1,2.4324,-0.2226,322.37,37,74,32
AC3Placer,50,369,True,1.5406,2,0,1.6107,-0.05,412.33,47,72,25
AC3Placer,50,370,True,1.7407,4,0,1.6726,-0.2,348.63,39,54,21
AC3Placer,50,371,True,1.6931,3,0,1.7739,0.1929,382.82,43,60,30
AC3Placer,50,372,True,1.6488,3,0,1.3508,-0.0022,422.38,47,67,19
AC3Placer,50,373,True,1.681,5,0,1.126,0.0769,397.78,44,58,18
AC3Placer,50,374,True,1.8078,2,0,1.8237,-0.156,305.42,33,51,25
AC3Placer,50,375,True,1.704,2,0,2.2736,-0.3818,369.13,41,68,13
AC3Placer,50,376,True,1.6367,3,0,1.2065,0.0839,408.93,46,69,18
AC3Placer,50,377,True,1.6619,2,0,1.0054,-0.0788,368.75,45,58,16
AC3Placer,50,378,True,1.6195,4,0,1.6338,0.1719,392.88,44,73,38
AC3Placer,50,379,True,1.703,4,1,1.5351,0.0679,379.29,42,64,24
AC3Placer,50,380,True,1.7363,4,0,0.8139,0.1429,351.0,39,46,8
AC3Placer,50,381,True,1.8,2,0,0.9282,0.1374,278.64,34,41,16
AC3Placer,50,382,True,1.6931,6,0,1.3359,0.2802,385.52,43,57,19
AC3Placer,50,383,True,1.7407,2,0,1.7607,-0.375,342.68,39,65,26
AC3Placer,50,384,True,1.7449,3,0,1.6544,-0.3011,340.2,38,67,20
AC3Placer,50,385,True,1.7121,4,0,1.417,0.1049,356.8,41,59,21
AC3Placer,50,386,True,1.7407,3,0,1.4214,0.1758,351.1,39,55,25
AC3Placer,50,387,True,1.763,4,0,1.5606,0.3706,283.89,34,44,21
AC3Placer,50,388,True,1.6565,3,0,1.6032,0.0794,371.55,42,56,24
AC3Placer,50,389,True,1.7961,4,0,1.1641,0.1385,309.32,35,52,21
AC3Placer,50,390,True,1.6827,2,0,1.7495,0.0036,376.47,44,65,24
AC3Placer,50,391,True,1.6723,4,0,1.5069,0.1071,306.33,35,53,12
AC3Placer,50,392,True,1.6519,2,0,1.4351,0.1275,398.55,45,62,25
AC3Placer,50,393,True,1.752,5,0,1.4494,0.467,329.99,38,61,23
AC3Placer,50,394,True,1.6248,3,0,1.5843,0.1618,449.54,49,79,24
AC3Placer,50,395,True,1.7522,4,0,1.1541,0.2368,327.76,37,51,24
AC3Placer,50,396,True,1.6386,3,0,1.361,0.1641,400.63,45,58,22
AC3Placer,50,397,True,1.7363,3,0,1.9382,0.4029,328.45,39,61,23
AC3Placer,50,398,True,1.7904,2,0,1.4824,0.3273,302.82,35,47,16
AC3Placer,50,399,True,1.6994,3,0,1.474,0.2667,293.25,34,60,21
AC3Placer,50,400,True,1.681,6,0,1.095,0.3802,401.82,44,60,20
AC3Placer,50,401,True,1.7095,3,0,1.54,0.1604,375.89,40,64,28
AC3Placer,50,402,True,1.7266,4,0,1.6944,0.6182,356.6,40,63,22
AC3Placer,50,403,True,1.7363,4,0,1.9145,-0.7692,345.84,39,65,15
AC3Placer,50,404,True,1.7161,3,0,1.4515,0.4676,374.38,41,56,26
AC3Placer,50,405,True,1.6741,3,0,1.2494,-0.0818,364.74,42,64,18
AC3Placer,50,406,True,1.7136,3,0,1.4017,-0.0882,338.33,39,52,27
AC3Placer,50,407,True,1.714,2,0,0.784,0.1374,314.66,36,44,16
AC3Placer,50,408,True,1.6216,3,0,1.1906,-0.1063,462.87,47,54,23
AC3Placer,50,409,True,1.7121,4,0,1.7371,-0.0818,352.65,41,55,25
AC3Placer,50,410,True,1.6918,3,0,1.4039,0.1818,366.28,41,51,15
AC3Placer,50,411,True,1.6876,3,0,2.0731,0.5604,366.91,42,75,23
AC3Placer,50,412,True,1.8643,4,0,1.4222,0.4333,266.32,30,40,17
AC3Placer,50,413,True,1.7579,3,0,1.5802,0.1044,308.43,36,56,26
AC3Placer,50,414,True,1.6619,4,0,1.2721,0.3363,401.9,45,58,17
AC3Placer,50,415,True,1.6386,4,0,1.2622,0.2688,406.14,45,57,27
AC3Placer,50,416,True,1.7714,3,0,1.4344,-0.3571,308.07,36,47,15
AC3Placer,50,417,True,1.681,4,0,1.1792,0.3776,389.48,44,59,17
AC3Placer,50,418,True,1.779,3,0,1.5641,0.3036,314.59,35,52,21
AC3Placer,50,419,True,1.7202,3,0,1.0875,0.3688,356.58,40,50,30
AC3Placer,50,420,True,1.6549,2,0,1.1942,0.2615,389.76,44,52,23
AC3Placer,50,421,True,1.7904,3,0,0.9829,-0.1538,317.0,35,56,17
AC3Placer,50,422,True,1.8091,4,0,1.3676,0.1264,298.3,34,51,20
AC3Placer,50,423,True,1.7623,4,0,1.2622,0.1273,315.34,37,51,19
AC3Placer,50,424,True,1.7369,5,0,1.7005,-0.0893,331.51,37,59,20
AC3Placer,50,425,True,1.7623,2,0,1.7093,0.2848,329.01,37,55,16
AC3Placer,50,426,True,1.704,4,0,1.417,0.3821,373.37,41,59,22
AC3Placer,50,427,True,1.8613,3,0,1.4755,0.0055,257.42,31,47,24
AC3Placer,50,428,True,1.8984,2,0,1.4197,0.5055,248.07,29,42,23
AC3Placer,50,429,True,1.7136,5,0,1.4951,-0.1209,329.73,39,51,18
AC3Placer,50,430,True,1.7363,4,0,1.1992,0.1319,339.66,39,42,17
AC3Placer,50,431,True,1.7579,4,0,1.8025,-0.6429,306.79,36,56,13
AC3Placer,50,432,True,1.6931,3,0,1.2623,0.4418,391.68,43,60,17
AC3Placer,50,433,True,1.8133,3,0,1.7969,0.0529,267.69,32,44,26
AC3Placer,50,434,True,1.6749,3,0,1.0694,-0.1636,351.52,40,53,13
AC3Placer,50,435,True,1.7363,4,0,1.524,0.1847,343.99,39,55,22
AC3Placer,50,436,True,1.6931,2,0,1.0406,-0.2168,383.39,43,65,16
AC3Placer,50,437,True,1.6507,2,0,1.2744,0.5,345.84,40,49,26
AC3Placer,50,438,True,1.8,3,0,1.654,0.1044,297.34,34,54,17
AC3Placer,50,439,True,1.6876,2,0,1.0317,0.5636,379.77,42,56,14
AC3Placer,50,440,True,1.7329,3,0,1.0478,0.3529,367.91,38,49,21
AC3Placer,50,441,True,1.6741,4,0,1.8889,0.2527,358.53,42,70,25
AC3Placer,50,442,True,1.7202,6,0,1.5475,-0.0022,351.99,40,58,23
AC3Placer,50,443,True,1.9194,3,0,1.7449,0.6821,244.06,28,40,22
AC3Placer,50,444,True,1.8091,2,0,1.1773,0.1259,302.98,34,47,15
AC3Placer,50,445,True,1.6671,5,0,1.0635,-0.1818,391.03,44,69,25
AC3Placer,50,446,True,1.7095,3,0,1.5194,0.1311,355.54,40,67,31
AC3Placer,50,447,True,1.6822,5,0,1.1087,0.2028,371.71,43,53,27
AC3Placer,50,448,True,1.7161,5,0,1.7133,0.4529,372.4,41,62,20
AC3Placer,50,449,True,1.6331,4,0,1.5127,0.3451,433.07,49,71,21
AC3Placer,50,450,True,1.8643,2,0,1.8622,0.619,244.92,30,52,11
AC3Placer,50,451,True,1.6827,3,0,1.5041,0.0774,393.35,44,60,29
AC3Placer,50,452,True,1.6557,5,0,1.5241,0.4198,409.4,46,61,23
AC3Placer,50,453,True,1.6712,3,0,1.2893,-0.2848,370.73,43,72,18
AC3Placer,50,454,True,1.6428,3,0,1.4749,0.1597,404.29,47,66,32
AC3Placer,50,455,True,1.8208,3,1,1.9467,0.2794,276.03,33,50,25
AC3Placer,50,456,True,1.752,2,0,1.2438,0.1929,334.69,38,54,19
AC3Placer,50,457,True,1.6557,4,0,1.025,0.35,407.52,46,65,26
AC3Placer,50,458,True,1.8273,3,0,1.686,0.3529,293.5,33,54,33
AC3Placer,50,459,True,1.7714,4,0,2.1566,-0.0722,314.38,36,61,34
AC3Placer,50,460,True,1.6972,2,0,1.1344,0.3846,365.43,42,57,17
AC3Placer,50,461,True,1.7163,4,0,1.6552,0.2571,322.17,37,56,20
AC3Placer,50,462,True,1.6722,4,0,0.8179,0.478,358.72,39,37,20
AC3Placer,50,463,True,1.7202,5,0,1.6275,-0.1484,357.76,40,66,18
AC3Placer,50,464,True,1.639,3,0,1.5553,0.1399,379.1,44,61,17
AC3Placer,50,465,True,1.7095,4,1,1.3994,0.0294,354.11,40,69,29
AC3Placer,50,466,True,1.7616,3,0,1.7029,0.119,309.37,35,63,13
AC3Placer,50,467,True,1.6507,4,0,1.39,0.0382,349.06,40,56,27
AC3Placer,50,468,True,1.7522,3,1,1.2725,0.2402,325.76,37,58,27
AC3Placer,50,469,True,1.6718,2,0,1.0844,-0.2033,404.48,45,63,24
AC3Placer,50,470,True,1.6902,2,0,1.5413,0.259,344.42,37,43,22
AC3Placer,50,471,True,1.9147,5,0,1.6161,0.1604,240.65,28,35,23
AC3Placer,50,472,True,1.681,4,0,1.0496,0.4825,401.56,44,60,17
AC3Placer,50,473,True,1.7329,4,0,1.4266,-0.1813,333.64,38,64,23
AC3Placer,50,474,True,1.7821,4,0,1.3418,0.35,314.17,36,49,25
AC3Placer,50,475,True,1.8388,4,0,1.9709,0.2912,255.99,31,42,17
AC3Placer,50,476,True,1.8804,4,0,1.3167,0.6835,264.79,30,45,25
AC3Placer,50,477,True,1.7363,3,0,1.5187,0.3107,322.83,39,54,21
AC3Placer,50,478,True,1.7049,3,0,2.2494,0.3182,372.96,42,64,29
AC3Placer,50,479,True,1.6224,5,0,1.6295,-0.1253,400.85,46,74,23
AC3Placer,50,480,True,1.6196,4,0,1.0065,-0.103,443.22,48,63,13
AC3Placer,50,481,True,1.752,3,1,1.7735,0.4286,339.37,38,59,19
AC3Placer,50,482,True,1.681,4,0,1.4752,0.2964,394.43,44,64,20
AC3Placer,50,483,True,1.8208,3,0,1.7025,0.5804,274.53,33,51,14
AC3Placer,50,484,True,1.6565,4,0,0.9144,0.0588,383.03,42,61,19
AC3Placer,50,485,True,1.704,2,0,1.4694,0.2676,367.72,41,61,23
AC3Placer,50,486,True,1.7049,3,0,1.2517,0.2765,381.55,42,54,31
AC3Placer,50,487,True,1.8897,2,0,1.4673,-0.3582,239.83,29,48,25
AC3Placer,50,488,True,1.7121,5,0,1.7609,0.3065,366.43,41,63,26
AC3Placer,50,489,True,1.704,3,1,0.8888,-0.3818,361.18,41,49,18
AC3Placer,50,490,True,1.6895,3,0,1.2428,0.3179,392.91,43,57,28
AC3Placer,50,491,True,1.6557,5,0,1.4674,0.0769,419.21,46,69,29
AC3Placer,50,492,True,1.7714,3,0,1.9043,0.4429,309.84,36,58,23
AC3Placer,50,493,True,1.7407,3,0,1.4293,0.1692,344.55,39,58,21
AC3Placer,50,494,True,1.8388,3,0,2.1727,0.2182,262.13,31,50,22
AC3Placer,50,495,True,1.7407,3,0,1.2715,0.1154,350.81,39,61,23
AC3Placer,50,496,True,1.7266,4,0,2.2444,0.2962,342.79,40,63,34
AC3Placer,50,497,True,1.6155,3,0,1.1995,-0.1036,467.57,51,63,19
AC3Placer,50,498,True,1.8208,3,0,2.2112,0.3071,290.27,33,56,24
AC3Placer,50,499,True,1.6822,3,0,1.0849,0.2617,389.81,43,55,32
AC3Placer,50,500,True,1.7449,4,0,1.6704,0.5692,322.81,38,56,28
AC3Placer,50,501,True,1.8764,4,0,1.0933,0.4333,266.76,30,36,21
AC3Placer,50,502,True,1.4979,3,0,0.5633,0.2168,399.47,46,44,20
AC3Placer,50,503,True,1.5965,2,0,1.0129,0.25,482.64,52,67,24
AC3Placer,50,504,True,1.8613,4,0,1.6691,0.011,284.71,31,46,19
AC3Placer,50,505,True,1.6931,4,0,1.3272,0.3916,396.53,43,56,19
AC3Placer,50,506,True,1.7904,2,0,1.6196,0.3893,304.05,35,51,22
AC3Placer,50,507,True,1.8613,2,0,2.1852,0.1818,244.7,31,46,18
AC3Placer,50,508,True,1.7161,5,0,1.7609,0.3824,362.82,41,63,27
AC3Placer,50,509,True,1.6126,3,0,1.05,0.6201,445.41,50,65,21
AC3Placer,50,510,True,1.7449,4,0,1.1662,-0.0714,342.64,38,46,26
AC3Placer,50,511,True,1.6895,5,0,1.0016,0.3824,380.41,43,56,21
AC3Placer,50,512,True,1.7202,4,0,1.31,0.1429,340.69,40,52,17
AC3Placer,50,513,True,1.7544,2,0,1.9841,-0.1484,330.54,38,55,28
AC3Placer,50,514,True,1.714,4,0,0.8302,-0.3636,318.62,36,38,22
AC3Placer,50,515,True,1.7623,2,0,1.8627,-0.1127,342.22,37,59,29
AC3Placer,50,516,True,1.6712,6,0,1.4581,0.2418,418.2,43,66,20
AC3Placer,50,517,True,1.6518,4,0,1.5238,-0.1078,442.35,47,68,23
AC3Placer,50,518,True,1.6876,3,0,0.8549,-0.5667,369.14,42,44,18
AC3Placer,50,519,True,1.752,5,0,1.5547,0.4757,339.61,38,53,22
AC3Placer,50,520,True,1.7369,4,0,2.2673,0.1338,350.63,37,76,31
AC3Placer,50,521,True,1.6712,4,0,1.6431,-0.2143,443.28,43,74,30
AC3Placer,50,522,True,1.8091,4,0,1.8754,0.5147,329.14,34,46,23
AC3Placer,50,523,True,1.6749,5,0,1.5744,-0.2176,361.31,40,71,21
AC3Placer,50,524,True,1.8413,4,0,1.0068,-0.1833,286.07,32,37,13
AC3Placer,50,525,True,1.703,4,0,1.2976,0.3459,375.32,42,63,27
AC3Placer,50,526,True,1.6478,4,0,0.8284,0.1399,412.75,46,61,23
AC3Placer,50,527,True,1.6931,3,0,1.1498,0.0386,370.44,43,57,35
AC3Placer,50,528,True,1.7714,3,1,1.8488,0.1399,322.99,36,58,23
AC3Placer,50,529,True,1.703,6,0,1.182,-0.0647,379.73,42,57,29
AC3Placer,50,530,True,1.7161,2,0,1.0851,0.2353,373.42,41,53,20
AC3Placer,50,531,True,1.6518,3,0,1.5862,0.4706,434.22,47,63,25
AC3Placer,50,532,True,1.8456,4,0,1.2818,0.119,235.27,29,42,19
AC3Placer,50,533,True,1.7121,4,0,1.5669,-0.0824,357.1,41,61,21
AC3Placer,50,534,True,1.6565,4,0,1.4429,0.2794,345.73,43,59,23
AC3Placer,50,535,True,1.6712,4,0,1.1174,0.1736,366.03,43,59,17
AC3Placer,50,536,True,1.7884,5,0,1.2803,0.5824,267.61,32,33,23
AC3Placer,50,537,True,1.681,5,0,1.1999,0.5173,384.81,44,63,27
AC3Placer,50,538,True,1.9006,2,0,1.4643,0.0357,234.33,28,42,20
AC3Placer,50,539,True,1.7961,4,0,1.1755,0.2517,323.14,35,45,18
AC3Placer,50,540,True,1.6549,3,1,1.4644,-0.5,385.55,44,71,29
AC3Placer,50,541,True,1.6196,3,1,1.3607,0.0786,408.22,48,57,22
AC3Placer,50,542,True,1.6931,4,0,1.7718,0.2529,367.5,43,75,27
AC3Placer,50,543,True,1.7794,4,0,1.5833,0.1464,307.25,36,54,19
AC3Placer,50,544,True,1.6412,5,0,2.0308,0.4182,418.06,48,67,34
AC3Placer,50,545,True,1.6902,5,0,1.4682,0.2659,322.83,37,42,22
AC3Placer,50,546,True,1.6062,2,0,1.4035,0.25,462.33,52,77,19
AC3Placer,50,547,True,1.6065,3,0,1.2461,0.2328,426.47,48,75,29
AC3Placer,50,548,True,1.8413,3,0,1.3584,-0.1888,272.34,32,57,21
AC3Placer,50,549,True,1.6822,2,0,1.5273,0.3382,369.73,43,76,30
AC3Placer,50,550,True,1.6876,3,0,1.059,0.2118,373.13,42,50,21
AC3Placer,50,551,True,1.7121,2,0,1.4194,0.4231,382.51,41,60,17
AC3Placer,50,552,True,1.8309,4,0,1.1094,0.6727,303.31,32,44,18
AC3Placer,50,553,True,1.7961,4,0,1.4155,0.2059,297.54,35,46,24
AC3Placer,50,554,True,1.6034,4,0,1.4036,0.461,447.78,50,79,32
AC3Placer,50,555,True,1.6685,3,0,1.4933,0.2917,394.84,45,69,22
AC3Placer,50,556,True,1.7095,3,0,1.5275,0.6412,341.48,40,54,17
AC3Placer,50,557,True,1.7579,3,0,1.6381,0.4895,369.89,36,53,17
AC3Placer,50,558,True,1.8078,3,0,2.101,0.4788,265.07,33,55,19
AC3Placer,50,559,True,1.6604,4,1,1.4291,0.4835,403.5,46,78,19
AC3Placer,50,560,True,1.7961,2,0,2.3869,-0.014,296.24,35,59,24
AC3Placer,50,561,True,1.7095,2,0,1.7444,0.4273,344.79,40,63,15
AC3Placer,50,562,True,1.8121,5,0,1.5952,0.0769,296.93,34,48,18
AC3Placer,50,563,True,1.7369,5,0,1.4127,0.4121,320.86,37,45,27
AC3Placer,50,564,True,1.6754,5,0,1.4194,0.3455,341.6,41,63,18
AC3Placer,50,565,True,1.6685,2,0,1.9832,-0.0818,394.62,45,67,32
AC3Placer,50,566,True,1.7329,4,0,1.4017,-0.1,332.83,38,54,17
AC3Placer,50,567,True,1.7961,2,0,2.0686,0.1818,309.07,35,49,20
AC3Placer,50,568,True,1.7673,3,0,1.0519,-0.2308,320.88,37,52,26
AC3Placer,50,569,True,1.7616,3,0,1.8498,0.5455,290.14,35,52,17
AC3Placer,50,570,True,1.8151,3,1,2.1156,-0.5,226.77,30,46,12
AC3Placer,50,571,True,1.7821,4,0,1.1381,-0.1956,303.89,36,53,24
AC3Placer,50,572,True,1.6518,4,0,0.9597,0.3516,415.97,47,65,23
AC3Placer,50,573,True,1.6297,3,0,1.6975,0.3794,425.08,48,83,24
AC3Placer,50,574,True,1.6412,3,0,0.9857,0.0858,422.86,48,57,23
AC3Placer,50,575,True,1.6204,2,0,1.3703,0.3627,305.55,37,51,21
AC3Placer,50,576,True,1.7613,4,0,1.4601,0.3455,281.26,33,51,25
AC3Placer,50,577,True,1.7266,4,0,0.76,0.0333,344.33,40,52,12
AC3Placer,50,578,True,1.7847,4,0,1.3054,0.2867,268.6,34,53,23
AC3Placer,50,579,True,1.6426,2,0,1.0139,0.2308,440.07,48,56,18
AC3Placer,50,580,True,1.6192,3,0,1.0624,-0.1348,448.77,50,62,25
AC3Placer,50,581,True,1.7121,3,0,1.2731,0.2328,360.65,41,60,21
AC3Placer,50,582,True,1.7095,4,0,1.8944,0.2961,343.84,40,73,34
AC3Placer,50,583,True,1.6547,6,0,1.279,0.0036,359.02,41,74,31
AC3Placer,50,584,True,1.6827,3,0,1.1136,0.3105,391.29,44,66,28
AC3Placer,50,585,True,1.6478,2,0,1.38,-0.2571,425.67,46,68,23
AC3Placer,50,586,True,1.7272,4,0,1.7804,0.1189,332.61,39,62,21
AC3Placer,50,587,True,1.7673,3,0,1.4375,0.55,332.12,37,54,15
AC3Placer,50,588,True,1.7161,5,0,1.6478,-0.6088,355.91,41,72,28
AC3Placer,50,589,True,1.716,4,0,0.8643,0.011,330.13,38,52,16
AC3Placer,50,590,True,1.7544,4,0,1.6683,0.0765,348.45,38,59,22
AC3Placer,50,591,True,1.6972,4,0,1.7738,0.4825,388.38,42,63,29
AC3Placer,50,592,True,1.7329,4,0,1.3248,0.2618,342.56,38,43,21
AC3Placer,50,593,True,1.6741,3,0,1.1088,0.2,380.41,42,54,20
AC3Placer,50,594,True,1.8984,4,0,1.8288,0.2923,236.94,29,41,20
AC3Placer,50,595,True,1.703,3,0,1.6168,0.2382,368.63,42,68,20
AC3Placer,50,596,True,1.6718,2,0,1.3462,-0.2636,406.3,45,62,17
AC3Placer,50,597,True,1.7794,4,0,1.071,0.35,292.86,36,50,13
AC3Placer,50,598,True,1.6379,3,0,1.2666,0.4615,393.24,43,61,14
AC3Placer,50,599,True,1.6918,5,0,1.3647,0.2418,361.44,41,58,21
AC3Placer,50,600,True,1.7121,3,0,1.0256,0.3007,365.39,41,52,17
AC3Placer,50,601,True,1.8643,2,0,1.4489,0.3011,251.65,30,44,20
AC3Placer,50,602,True,1.6519,4,0,1.1625,0.3775,401.6,45,56,28
AC3Placer,50,603,True,1.8722,3,0,1.1082,-0.0833,236.96,29,34,14
AC3Placer,50,604,True,1.6488,3,0,1.3581,0.4441,439.77,47,61,20
AC3Placer,50,605,True,1.8078,3,0,1.0358,0.5874,286.2,33,48,27
AC3Placer,50,606,True,1.7383,3,0,2.0784,-0.0593,300.28,35,53,21
AC3Placer,50,607,True,1.6822,4,0,1.3824,-0.4066,385.42,43,57,22
AC3Placer,50,608,True,1.6218,3,0,1.5733,0.2157,404.97,45,78,21
AC3Placer,50,609,True,1.6827,4,0,1.7701,0.0176,391.35,44,73,21
AC3Placer,50,610,True,1.6902,2,0,1.5705,0.5464,337.36,37,49,20
AC3Placer,50,611,True,1.681,3,1,1.5682,-0.042,379.94,44,66,21
AC3Placer,50,612,True,1.6549,4,1,1.2169,0.35,398.11,44,74,22
AC3Placer,50,613,True,1.6822,4,0,1.3359,-0.0607,372.51,43,57,21
AC3Placer,50,614,True,1.7961,3,0,0.6906,0.0667,298.88,35,43,13
AC3Placer,50,615,True,1.7544,4,0,1.2472,0.2242,333.34,38,59,22
AC3Placer,50,616,True,1.639,4,0,1.2536,0.622,396.61,44,53,20
AC3Placer,50,617,True,1.7049,5,0,1.1344,-0.0476,381.21,42,57,13
AC3Placer,50,618,True,1.752,4,1,1.9868,-0.1399,327.96,38,57,18
AC3Placer,50,619,True,1.7794,3,1,1.6319,-0.0393,319.5,36,51,22
AC3Placer,50,620,True,1.7673,2,0,1.2681,-0.1049,319.92,37,52,22
AC3Placer,50,621,True,1.7961,2,0,0.911,0.0833,309.35,35,47,11
AC3Placer,50,622,True,1.7794,2,0,0.9529,0.3212,294.87,36,49,13
AC3Placer,50,623,True,1.752,5,1,1.5845,0.2,344.67,38,50,18
AC3Placer,50,624,True,1.939,5,0,1.6488,0.4,227.46,27,38,20
AC3Placer,50,625,True,1.7544,4,0,1.2327,-0.2088,325.61,38,52,25
AC3Placer,50,626,True,1.7847,3,0,1.4637,-0.4909,283.74,34,56,18
AC3Placer,50,627,True,1.779,3,0,1.1053,0.2441,329.78,35,54,26
AC3Placer,50,628,True,1.681,3,0,1.6116,0.3182,384.34,44,64,15
AC3Placer,50,629,True,1.7623,2,0,1.4244,-0.3022,329.0,37,51,20
AC3Placer,50,630,True,1.8078,4,0,1.6162,0.4418,296.48,33,55,22
AC3Placer,50,631,True,1.6488,4,0,1.4767,0.3,423.12,47,60,22
AC3Placer,50,632,True,1.7388,3,0,1.4691,0.0909,296.34,36,56,17
AC3Placer,50,633,True,1.8208,4,0,0.9256,0.0636,258.28,33,42,15
AC3Placer,50,634,True,1.8208,5,0,1.8843,0.4011,282.03,33,51,21
AC3Placer,50,635,True,1.8613,3,0,2.0499,0.6121,276.37,31,44,15
AC3Placer,50,636,True,1.8984,4,0,0.9013,-0.1167,239.56,29,34,13
AC3Placer,50,637,True,1.6196,3,1,1.1233,-0.3846,436.05,48,58,17
AC3Placer,50,638,True,1.6876,4,0,1.4382,-0.0495,381.75,42,61,24
AC3Placer,50,639,True,1.7522,5,0,2.1271,0.3456,330.19,37,51,25
AC3Placer,50,640,True,1.7714,3,0,1.2006,0.0545,309.83,36,46,20
AC3Placer,50,641,True,1.779,4,0,1.2082,-0.014,310.69,35,40,16
AC3Placer,50,642,True,1.6331,2,0,1.6951,0.042,447.97,49,86,16
AC3Placer,50,643,True,1.6822,3,0,0.9886,0.0368,386.47,43,51,25
AC3Placer,50,644,True,1.6941,2,0,0.6731,0.1923,346.79,38,34,22
AC3Placer,50,645,True,1.7363,3,0,1.3228,0.2304,343.52,39,56,27
AC3Placer,50,646,True,1.788,2,0,2.1892,0.1341,290.54,33,50,21
AC3Placer,50,647,True,1.7163,3,0,0.9642,0.3319,321.15,37,30,19
AC3Placer,50,648,True,1.7821,5,0,1.358,0.3088,317.27,36,52,22
AC3Placer,50,649,True,1.6488,4,0,1.6958,0.3471,427.59,47,72,28
AC3Placer,50,650,True,1.7095,3,0,1.0244,0.1422,353.73,40,49,22
AC3Placer,50,651,True,1.8804,2,0,1.9733,0.2857,266.24,30,48,24
AC3Placer,50,652,True,1.779,3,0,1.2441,0.4066,302.92,35,46,21
AC3Placer,50,653,True,1.6195,4,0,1.3404,0.0093,399.41,44,67,26
AC3Placer,50,654,True,1.716,4,0,2.1634,0.1588,332.28,38,64,23
AC3Placer,50,655,True,1.6827,2,0,1.1627,0.4011,391.81,44,57,14
AC3Placer,50,656,True,1.816,3,0,1.4089,0.0364,255.36,31,45,21
AC3Placer,50,657,True,1.703,2,0,1.4875,-0.2143,375.48,42,64,21
AC3Placer,50,658,True,1.7347,2,0,1.5813,0.2455,311.36,34,56,20
AC3Placer,50,659,True,1.7407,3,0,0.8692,-0.4286,355.18,39,50,14
AC3Placer,50,660,True,1.6303,3,0,1.3686,0.1,440.9,49,61,20
AC3Placer,50,661,True,1.662,4,0,1.5468,0.4706,419.75,46,65,19
AC3Placer,50,662,True,1.8722,3,0,1.5933,0.1,251.76,29,38,18
AC3Placer,50,663,True,1.9006,3,0,1.361,0.0364,239.04,28,33,17
AC3Placer,50,664,True,1.681,3,0,1.4065,0.2831,382.91,44,59,28
AC3Placer,50,665,True,1.7121,4,0,1.1112,-0.0515,349.74,41,51,23
AC3Placer,50,666,True,1.7623,3,0,1.5252,0.4788,320.91,37,61,21
AC3Placer,50,667,True,1.703,4,0,1.3878,0.1225,378.83,42,66,28
AC3Placer,50,668,True,1.7579,3,0,1.8542,0.1385,324.72,36,57,23
AC3Placer,50,669,True,1.6895,5,0,1.0568,0.2571,380.79,43,57,20
AC3Placer,50,670,True,1.6754,4,0,1.68,-0.0078,367.42,41,69,28
AC3Placer,50,671,True,1.6668,3,0,1.1468,0.2473,331.91,38,42,16
AC3Placer,50,672,True,1.703,2,0,1.2885,-0.011,372.59,42,59,24
AC3Placer,50,673,True,1.6895,2,0,1.5046,0.3364,381.83,43,66,19
AC3Placer,50,674,True,1.681,4,0,1.157,0.0238,385.56,44,64,13
AC3Placer,50,675,True,1.6428,3,0,1.483,0.3175,428.16,47,72,34
AC3Placer,50,676,True,1.763,2,0,1.6332,0.8364,301.56,34,64,12
AC3Placer,50,677,True,1.7794,3,0,0.7307,-0.0857,311.0,36,41,23
AC3Placer,50,678,True,1.7266,5,0,1.2344,-0.1813,349.13,40,65,23
AC3Placer,50,679,True,1.7449,4,0,1.0748,0.4941,341.07,38,52,27
AC3Placer,50,680,True,1.8,3,0,1.5433,-0.1189,323.25,34,50,20
AC3Placer,50,681,True,1.6722,4,0,2.025,0.1692,365.58,39,64,19
AC3Placer,50,682,True,1.8273,3,1,1.5776,0.2923,287.85,33,47,25
AC3Placer,50,683,True,1.7714,5,0,1.6944,-0.4364,340.23,36,54,18
AC3Placer,50,684,True,1.8413,2,0,1.0,0.2,291.94,32,40,20
AC3Placer,50,685,True,1.8091,3,0,0.91,0.2937,289.02,34,40,16
AC3Placer,50,686,True,1.752,5,0,1.5125,0.1382,318.79,38,56,26
AC3Placer,50,687,True,1.7904,4,0,1.0612,0.2536,303.49,35,45,24
AC3Placer,50,688,True,1.7049,3,0,1.9025,0.2659,376.09,42,68,25
AC3Placer,50,689,True,1.6876,3,0,1.712,0.011,396.13,42,68,26
AC3Placer,50,690,True,1.5687,4,0,1.6544,-0.0385,399.0,44,69,22
AC3Placer,50,691,True,1.6754,2,0,1.0708,0.3643,367.34,41,43,21
AC3Placer,50,692,True,1.6832,3,0,2.1451,0.5165,312.03,36,62,27
AC3Placer,50,693,True,1.7961,2,0,1.5298,0.3231,300.08,35,46,22
AC3Placer,50,694,True,1.6331,3,0,1.1837,-0.011,440.66,49,70,20
AC3Placer,50,695,True,1.703,3,0,1.3838,-0.0466,384.35,42,53,28
AC3Placer,50,696,True,1.6248,3,0,1.0929,-0.1182,450.21,49,62,17
AC3Placer,50,697,True,1.8133,3,0,2.1865,-0.3214,284.38,32,49,22
AC3Placer,50,698,True,1.6685,2,0,1.4025,0.0604,407.23,45,70,18
AC3Placer,50,699,True,1.8768,3,0,2.2167,0.4909,228.29,27,56,21
AC3Placer,50,700,True,1.7121,5,0,1.3599,0.1209,381.11,41,57,21
AC3Placer,50,701,True,1.8091,2,0,1.0078,0.2786,303.76,34,39,24
AC3Placer,50,702,True,1.6722,2,0,1.2229,0.1824,338.08,39,57,18
AC3Placer,50,703,True,1.639,5,0,1.2908,0.2328,394.46,44,63,19
AC3Placer,50,704,True,1.681,2,0,1.0222,0.1429,395.44,44,65,23
AC3Placer,50,705,True,1.8643,4,0,1.0056,-0.4286,229.11,30,35,17
AC3Placer,50,706,True,1.6671,6,0,1.1963,-0.1206,396.02,44,70,27
AC3Placer,50,707,True,1.7369,4,0,1.4302,0.7697,327.19,37,59,12
AC3Placer,50,708,True,1.6832,4,0,1.3611,-0.411,300.88,36,66,31
AC3Placer,50,709,True,1.6758,4,0,1.3079,0.0441,408.49,44,58,26
AC3Placer,50,710,True,1.703,2,0,0.9592,0.4643,387.19,42,60,10
AC3Placer,50,711,True,1.6297,3,0,1.401,0.0242,440.71,48,66,19
AC3Placer,50,712,True,1.7794,2,0,1.4167,0.0979,314.6,36,54,14
AC3Placer,50,713,True,1.639,3,0,0.89,0.5113,395.81,44,53,30
AC3Placer,50,714,True,1.7884,3,0,1.3193,0.1893,266.71,32,37,22
AC3Placer,50,715,True,1.779,3,0,1.3012,0.1429,302.05,35,46,25
AC3Placer,50,716,True,1.6918,6,0,1.1493,-0.0934,373.07,41,47,16
AC3Placer,50,717,True,1.7363,5,0,1.5319,0.0242,352.22,39,58,22
AC3Placer,50,718,True,1.8643,2,0,1.2267,0.2619,244.29,30,36,13
AC3Placer,50,719,True,1.7136,4,0,1.2281,0.2527,346.04,39,50,20
AC3Placer,50,720,True,1.6931,3,0,1.1336,0.0939,384.42,43,64,24
AC3Placer,50,721,True,1.6428,2,0,1.3164,-0.0424,417.19,47,57,14
AC3Placer,50,722,True,1.8121,2,0,2.0657,-0.2333,296.61,34,48,14
AC3Placer,50,723,True,1.7714,2,0,1.1821,0.4929,306.31,36,50,17
AC3Placer,50,724,True,1.752,2,0,1.4958,-0.0818,332.36,38,52,17
AC3Placer,50,725,True,1.752,4,1,1.133,0.044,373.4,38,44,20
AC3Placer,50,726,True,1.7287,4,0,1.0244,0.2714,377.15,40,49,22
AC3Placer,50,727,True,1.6944,3,0,1.6444,0.5341,364.11,40,57,15
AC3Placer,50,728,True,1.7136,3,1,1.002,0.0,360.6,39,45,14
AC3Placer,50,729,True,1.5487,4,0,0.9857,0.3526,471.54,48,57,23
AC3Placer,50,730,True,1.9147,3,0,2.3929,0.7167,250.05,28,42,18
AC3Placer,50,731,True,1.6341,4,0,1.8504,0.1441,337.69,38,68,31
AC3Placer,50,732,True,1.703,3,0,1.2296,0.1399,394.82,42,57,17
AC3Placer,50,733,True,1.7631,2,0,1.4911,0.1833,246.11,29,43,20
AC3Placer,50,734,True,1.6822,4,0,1.4094,0.1446,394.88,43,62,23
AC3Placer,50,735,True,1.7522,4,0,1.2359,-0.2167,348.98,37,48,19
AC3Placer,50,736,True,1.7714,2,0,0.9167,-0.2,365.74,36,42,20
AC3Placer,50,737,True,1.7266,3,0,1.3194,-0.1667,370.81,40,53,14
AC3Placer,50,738,True,1.6619,5,0,0.8277,0.1273,413.59,45,58,17
AC3Placer,50,739,True,1.7049,3,0,1.1882,0.0506,376.09,42,58,24
AC3Placer,50,740,True,1.7623,4,0,1.5252,-0.0769,341.96,37,50,17
AC3Placer,50,741,True,1.7794,3,0,1.4691,0.2967,316.05,36,56,24
AC3Placer,50,742,True,1.6972,3,0,1.4858,0.0,380.77,42,61,18
AC3Placer,50,743,True,1.8133,4,0,1.6787,0.3909,261.89,32,45,21
AC3Placer,50,744,True,1.7287,4,0,1.1944,-0.0989,332.29,40,57,23
AC3Placer,50,745,True,1.7904,2,0,1.4971,0.5275,290.49,35,56,22
AC3Placer,50,746,True,1.704,2,0,1.0482,0.3429,368.43,41,42,26
AC3Placer,50,747,True,1.763,2,0,1.4775,0.5175,305.81,34,54,25
AC3Placer,50,748,True,1.6685,3,0,1.6721,0.1516,395.78,45,58,24
AC3Placer,50,749,True,1.6065,3,1,0.7639,0.1154,434.56,48,56,15
AC3Placer,50,750,True,1.7904,4,0,2.0049,0.2378,335.96,35,57,17
AC3Placer,50,751,True,1.6685,2,0,1.3165,-0.2265,409.5,45,68,21
AC3Placer,50,752,True,1.8,4,0,1.9524,0.2396,313.43,34,49,26
AC3Placer,50,753,True,1.9194,5,0,2.2041,0.4382,235.48,28,48,23
AC3Placer,50,754,True,1.7369,3,0,1.3762,0.3497,322.44,37,59,22
AC3Placer,50,755,True,1.7449,3,0,1.5547,0.174,344.86,38,61,28
AC3Placer,50,756,True,1.7287,2,0,1.9475,0.1471,352.64,40,62,33
AC3Placer,50,757,True,1.6749,5,0,1.6975,0.3214,363.13,40,62,21
AC3Placer,50,758,True,1.681,5,0,1.3611,-0.2611,401.57,44,73,28
AC3Placer,50,759,True,1.7273,3,0,0.6942,0.2484,297.14,33,27,21
AC3Placer,50,760,True,1.7961,3,1,1.7029,0.3143,328.29,35,42,18
AC3Placer,50,761,True,1.6876,2,0,1.4858,-0.0536,382.51,42,61,23
AC3Placer,50,762,True,1.6822,3,0,1.1801,-0.6,398.15,43,64,17
AC3Placer,50,763,True,1.7329,4,1,1.4072,0.2637,316.22,38,56,17
AC3Placer,50,764,True,1.7449,5,0,1.9342,0.4198,324.15,38,57,20
AC3Placer,50,765,True,1.6047,5,0,1.3351,0.1703,390.38,46,71,29
AC3Placer,50,766,True,1.7287,2,0,1.1275,0.3471,329.59,40,54,20
AC3Placer,50,767,True,1.7673,4,0,1.5866,0.5036,314.94,37,51,24
AC3Placer,50,768,True,1.7161,3,0,1.1648,0.1,349.98,41,57,24
AC3Placer,50,769,True,1.8538,2,0,1.1322,0.4048,259.04,31,42,12
AC3Placer,50,770,True,1.7095,4,0,1.1875,0.4853,336.52,40,50,25
AC3Placer,50,771,True,1.6478,3,0,1.7713,0.3895,404.64,46,70,31
AC3Placer,50,772,True,1.7616,3,0,1.5592,0.0769,274.0,35,55,19
AC3Placer,50,773,True,1.6619,4,0,0.9165,-0.1091,381.42,45,67,24
AC3Placer,50,774,True,1.7522,2,0,1.8028,0.2672,321.52,37,60,25
AC3Placer,50,775,True,1.8984,3,0,1.0797,0.2168,223.98,29,36,21
AC3Placer,50,776,True,1.844,4,0,0.7122,0.5455,223.5,30,37,18
AC3Placer,50,777,True,1.6216,2,0,1.8814,0.0105,412.45,47,83,30
AC3Placer,50,778,True,1.7329,4,0,2.2382,-0.1077,337.98,38,70,23
AC3Placer,50,779,True,1.7266,5,0,1.44,0.3901,343.42,40,64,24
AC3Placer,50,780,True,1.6549,2,0,1.6173,0.3882,393.0,44,75,29
AC3Placer,50,781,True,1.7449,3,0,1.1385,0.1868,334.68,38,54,23
AC3Placer,50,782,True,1.6231,3,0,1.1904,0.1264,443.63,50,68,22
AC3Placer,50,783,True,1.6216,2,0,1.3472,0.2,409.95,47,66,22
AC3Placer,50,784,True,1.7673,4,0,1.1468,0.5364,314.21,37,50,20
AC3Placer,50,785,True,1.6895,2,0,2.1568,0.2353,366.97,43,65,27
AC3Placer,50,786,True,1.8538,4,0,1.4693,-0.5273,251.15,31,49,23
AC3Placer,50,787,True,1.7616,3,0,1.1478,0.2378,264.16,35,48,19
AC3Placer,50,788,True,1.6941,4,0,1.5596,0.0549,311.82,38,60,24
AC3Placer,50,789,True,1.8091,2,0,1.7171,0.2,294.61,34,49,17
AC3Placer,50,790,True,1.6519,2,0,1.3847,0.1818,376.05,45,61,19
AC3Placer,50,791,True,1.7904,4,0,1.9478,0.393,304.67,35,57,35
AC3Placer,50,792,True,1.6931,3,0,0.8999,-0.1758,390.48,43,63,13
AC3Placer,50,793,True,1.8208,4,0,1.2617,0.2879,276.96,33,45,27
AC3Placer,50,794,True,1.7579,3,0,0.7222,0.4048,289.31,36,48,12
AC3Placer,50,795,True,1.6944,4,0,1.1275,-0.5,345.82,40,46,24
AC3Placer,50,796,True,1.6712,3,0,1.8291,0.4071,379.09,43,74,26
AC3Placer,50,797,True,1.6712,4,0,1.2969,0.5686,384.23,43,58,26
AC3Placer,50,798,True,1.7363,4,0,1.2558,0.2036,329.94,39,53,26
AC3Placer,50,799,True,1.5904,3,1,1.6211,0.0441,405.3,48,69,25
AC3Placer,50,800,True,1.6941,3,0,2.2604,0.1607,327.05,38,74,24
AC3Placer,50,801,True,1.7714,4,0,1.7778,0.007,306.67,36,48,23
AC3Placer,50,802,True,1.7904,3,1,1.6212,0.6132,306.59,35,53,19
AC3Placer,50,803,True,1.6195,3,0,1.9354,0.2643,380.04,44,79,20
AC3Placer,50,804,True,1.7794,2,0,1.5154,0.3821,312.8,36,50,21
AC3Placer,50,805,True,1.7272,2,0,1.7844,0.1826,312.56,39,56,35
AC3Placer,50,806,True,1.7851,3,0,1.1883,0.4545,259.49,31,37,16
AC3Placer,50,807,True,1.7821,4,0,1.4043,0.4066,310.29,36,50,18
AC3Placer,50,808,True,1.7369,3,0,1.7955,0.1107,321.56,37,61,24
AC3Placer,50,809,True,1.5773,4,0,1.1536,0.387,391.15,45,52,24
AC3Placer,50,810,True,1.8764,4,0,1.5433,0.2818,253.34,30,39,18
AC3Placer,50,811,True,1.703,2,0,1.3878,0.0036,365.81,42,66,27
AC3Placer,50,812,True,1.7095,2,0,1.3844,0.3787,340.84,40,65,30
AC3Placer,50,813,True,1.7979,4,0,1.1671,0.3607,221.85,28,31,27
AC3Placer,50,814,True,1.7272,4,0,1.3268,0.0246,344.05,39,59,27
AC3Placer,50,815,True,1.6931,4,0,1.0708,-0.103,380.87,43,59,17
AC3Placer,50,816,True,1.7449,3,0,0.795,0.0549,317.21,38,50,17
AC3Placer,50,817,True,1.6944,2,0,0.8975,-0.4549,347.3,40,42,23
AC3Placer,50,818,True,1.662,4,0,0.9509,0.5934,432.16,46,60,17
AC3Placer,50,819,True,1.7407,3,0,2.1972,0.2893,374.47,39,60,25
AC3Placer,50,820,True,1.6478,4,0,1.1895,0.2265,401.71,46,63,20
AC3Placer,50,821,True,1.7266,2,0,1.7494,0.4462,355.1,40,61,25
AC3Placer,50,822,True,1.6518,4,0,2.2019,0.225,407.18,47,74,21
AC3Placer,50,823,True,1.6822,5,0,1.5511,-0.0324,373.83,43,66,24
AC3Placer,50,824,True,1.7329,2,0,0.9446,0.3333,317.34,38,36,13
AC3Placer,50,825,True,1.6902,6,0,1.8495,0.1253,315.78,37,61,25
AC3Placer,50,826,True,1.644,3,0,1.3136,-0.3455,340.25,39,63,20
AC3Placer,50,827,True,1.662,2,0,1.509,0.1571,411.35,46,67,24
AC3Placer,50,828,True,1.6953,2,0,1.1769,0.2789,334.98,39,41,28
AC3Placer,50,829,True,1.7388,3,1,1.7986,0.156,317.0,36,57,23
AC3Placer,50,830,True,1.704,2,0,1.8525,-0.3187,352.04,41,65,17
AC3Placer,50,831,True,1.7266,6,0,1.4344,0.3455,352.73,40,55,16
AC3Placer,50,832,True,1.7673,6,0,1.1381,0.7857,316.03,37,49,13
AC3Placer,50,833,True,1.6488,4,0,1.3798,0.2791,429.79,47,77,19
AC3Placer,50,834,True,1.704,2,0,1.9988,0.1158,353.65,41,65,31
AC3Placer,50,835,True,1.6822,5,0,1.5976,-0.0839,385.75,43,66,19
AC3Placer,50,836,True,1.8,3,0,1.173,-0.3455,269.95,34,36,16
AC3Placer,50,837,True,1.7272,5,0,1.2623,0.0455,341.08,39,54,15
AC3Placer,50,838,True,1.7202,3,0,2.1244,0.1992,350.11,40,49,24
AC3Placer,50,839,True,1.7202,2,0,1.54,0.4813,348.32,40,64,19
AC3Placer,50,840,True,1.6065,4,0,1.5621,0.1397,434.73,48,79,28
AC3Placer,50,841,True,1.8613,2,0,1.6899,0.2833,260.4,31,40,19
AC3Placer,50,842,True,1.5022,5,0,0.7475,0.021,351.23,40,42,20
AC3Placer,50,843,True,1.6895,3,0,1.5392,-0.022,392.69,43,54,17
AC3Placer,50,844,True,1.6931,2,0,1.1639,0.0833,397.34,43,59,24
AC3Placer,50,845,True,1.7714,4,0,1.6381,0.012,324.53,36,55,36
AC3Placer,50,846,True,1.6671,3,0,1.3735,0.1813,402.52,44,61,20
AC3Placer,50,847,True,1.7121,2,0,1.1695,-0.0857,367.73,41,58,33
AC3Placer,50,848,True,1.7673,2,0,1.2243,0.0979,329.0,37,47,18
AC3Placer,50,849,True,1.7163,4,0,1.6669,0.1868,326.21,37,67,32
AC3Placer,50,850,True,1.788,3,0,1.6988,-0.0667,296.51,33,41,17
AC3Placer,50,851,True,1.6712,3,0,1.4592,0.5,381.91,43,65,26
AC3Placer,50,852,True,1.8984,2,0,1.9382,0.0022,249.04,29,49,31
AC3Placer,50,853,True,1.6876,4,0,0.7415,-0.0545,384.78,42,48,17
AC3Placer,50,854,True,1.6741,5,0,1.0437,0.5441,375.48,42,49,25
AC3Placer,50,855,True,1.6488,2,0,1.0919,0.326,421.62,47,66,22
AC3Placer,50,856,True,1.6758,4,0,1.2991,0.2091,400.02,44,57,18
AC3Placer,50,857,True,1.6565,4,0,1.3607,0.4182,385.14,43,51,13
AC3Placer,50,858,True,1.7714,2,0,1.7469,-0.2167,285.51,36,56,16
AC3Placer,50,859,True,1.7266,4,1,1.5194,0.4951,359.28,40,67,28
AC3Placer,50,860,True,1.6604,4,0,1.4636,-0.2235,408.78,46,79,26
AC3Placer,50,861,True,1.7616,4,0,1.7829,0.1147,304.09,35,56,31
AC3Placer,50,862,True,1.7266,6,0,1.6344,0.1209,357.4,40,65,25
AC3Placer,50,863,True,1.7266,3,0,1.4975,0.418,361.45,40,58,28
AC3Placer,50,864,True,1.7329,5,0,1.1939,0.0667,365.07,38,48,16
AC3Placer,50,865,True,1.779,4,0,1.2767,0.5524,313.9,35,44,23
AC3Placer,50,866,True,1.7544,3,0,1.0748,0.2238,352.75,38,62,16
AC3Placer,50,867,True,1.4905,2,0,1.9715,0.2405,318.9,36,73,31
AC3Placer,50,868,True,1.6671,4,0,1.0511,-0.014,404.21,44,55,22
AC3Placer,50,869,True,1.6827,2,0,1.3611,0.3059,407.59,44,59,26
AC3Placer,50,870,True,1.7266,3,1,1.39,-0.503,363.94,40,56,17
AC3Placer,50,871,True,1.8091,3,0,1.1946,0.6176,345.75,34,43,15
AC3Placer,50,872,True,1.7904,2,0,1.2114,0.2667,316.36,35,49,15
AC3Placer,50,873,True,1.8456,3,0,0.8609,0.4121,237.46,29,28,22
AC3Placer,50,874,True,1.6895,4,0,1.5024,0.1847,372.63,43,62,29
AC3Placer,50,875,True,1.6331,5,0,1.0612,0.4647,432.06,49,63,21
AC3Placer,50,876,True,1.6478,3,0,1.4939,0.5692,402.0,46,63,17
AC3Placer,50,877,True,1.6034,5,0,1.44,-0.1033,441.29,50,70,27
AC3Placer,50,878,True,1.7363,3,0,1.737,0.5529,324.02,39,59,28
AC3Placer,50,879,True,1.8273,3,1,1.7649,-0.0273,266.62,33,49,18
AC3Placer,50,880,True,1.7266,5,0,1.2275,0.0559,339.61,40,54,16
AC3Placer,50,881,True,1.6758,4,0,1.4644,-0.1648,388.47,44,71,21
AC3Placer,50,882,True,1.6063,2,0,1.0684,0.125,410.85,47,62,27
AC3Placer,50,883,True,1.7161,4,0,1.9048,-0.2966,361.84,41,59,21
AC3Placer,50,884,True,1.6488,2,0,1.273,0.3088,404.74,47,61,23
AC3Placer,50,885,True,1.844,3,0,1.5433,0.1821,237.14,30,39,22
AC3Placer,50,886,True,1.7544,4,0,0.9307,-0.0979,318.67,38,48,17
AC3Placer,50,887,True,1.6876,4,0,1.1088,0.4069,366.75,42,54,27
AC3Placer,50,888,True,1.7884,2,0,1.4912,0.0833,275.91,32,51,20
AC3Placer,50,889,True,1.7121,4,0,1.5419,0.1209,349.97,41,55,22
AC3Placer,50,890,True,1.6671,2,0,1.4768,0.2147,366.16,44,67,30
AC3Placer,50,891,True,1.6297,4,0,1.2222,0.2652,415.64,48,64,21
AC3Placer,50,892,True,1.6876,4,0,1.2409,0.4066,367.58,42,59,18
AC3Placer,50,893,True,1.6303,2,0,1.0487,0.2308,425.22,49,67,23
AC3Placer,50,894,True,1.662,2,0,1.6337,0.3273,401.83,46,73,14
AC3Placer,50,895,True,1.8133,5,0,1.2725,-0.0559,264.7,32,35,21
AC3Placer,50,896,True,1.7202,5,0,1.8975,0.3143,346.9,40,62,20
AC3Placer,50,897,True,1.7771,4,1,2.0722,-0.0989,236.03,30,65,25
AC3Placer,50,898,True,1.5835,4,0,0.7391,-0.0637,394.04,46,46,18
AC3Placer,50,899,True,1.7847,3,0,1.1107,0.2941,291.43,34,46,29
AC3Placer,50,900,True,1.6876,2,0,0.8328,0.3516,353.15,42,55,23
AC3Placer,50,901,True,1.7202,2,0,1.4594,0.7033,344.27,40,75,25
AC3Placer,50,902,True,1.8804,2,0,1.1733,-0.297,253.96,30,42,25
AC3Placer,50,903,True,1.6412,4,1,1.5204,-0.1735,398.97,48,65,21
AC3Placer,50,904,True,1.8448,2,0,0.9648,0.7212,271.66,32,42,19
AC3Placer,50,905,True,1.7049,4,0,1.2834,0.2527,343.29,42,58,28
AC3Placer,50,906,True,1.9194,4,0,1.8214,-0.0636,210.46,28,42,15
AC3Placer,50,907,True,1.8984,3,0,1.5577,0.3909,248.6,29,42,19
AC3Placer,50,908,True,1.6895,3,0,1.3359,-0.2098,382.11,43,57,20
AC3Placer,50,909,True,1.6671,3,0,1.5599,0.4176,374.1,44,70,22
AC3Placer,50,910,True,1.7904,2,0,1.0906,0.3497,297.45,35,43,16
AC3Placer,50,911,True,1.703,6,0,1.7171,0.4303,364.66,42,59,31
AC3Placer,50,912,True,1.7407,4,0,1.7751,0.1286,333.26,39,63,23
AC3Placer,50,913,True,1.7272,5,0,0.9836,0.6593,333.66,39,47,22
AC3Placer,50,914,True,1.7086,4,0,2.2253,0.4615,293.25,35,68,27
AC3Placer,50,915,True,1.5904,5,0,0.8398,0.2824,406.48,48,63,28
AC3Placer,50,916,True,1.7161,2,0,1.2623,0.1165,349.34,41,57,27
AC3Placer,50,917,True,1.7369,3,0,1.2652,0.2242,316.9,37,46,16
AC3Placer,50,918,True,1.7904,3,1,1.4449,-0.3091,296.23,35,50,14
AC3Placer,50,919,True,1.5914,3,0,1.17,0.3294,445.95,50,65,27
AC3Placer,50,920,True,1.703,3,0,2.1548,0.4427,364.23,42,63,20
AC3Placer,50,921,True,1.662,3,0,0.879,0.1,409.31,46,62,24
AC3Placer,50,922,True,1.7673,3,0,1.3776,0.0382,309.66,37,73,28
AC3Placer,50,923,True,1.6876,3,0,1.1088,0.0857,361.38,42,54,20
AC3Placer,50,924,True,1.6196,4,0,1.2461,0.044,420.49,48,69,20
AC3Placer,50,925,True,1.8078,3,0,1.4435,0.3576,291.84,33,45,14
AC3Placer,50,926,True,1.6565,2,0,1.272,0.1607,372.16,43,63,22
AC3Placer,50,927,True,1.7136,4,0,1.8711,-0.0912,339.28,39,53,27
AC3Placer,50,928,True,1.7961,3,0,1.6196,-0.1978,300.92,35,54,28
AC3Placer,50,929,True,1.8456,2,0,2.1332,0.3147,241.26,29,56,34
AC3Placer,50,930,True,1.7202,4,0,1.19,0.2238,345.51,40,64,16
AC3Placer,50,931,True,1.7407,4,0,1.0059,0.1099,342.84,39,54,16
AC3Placer,50,932,True,1.6941,3,1,1.4958,0.7179,311.08,38,62,25
AC3Placer,50,933,True,1.7272,3,0,1.4767,0.0909,339.75,39,56,18
AC3Placer,50,934,True,1.7771,4,0,0.7656,0.2121,244.55,30,41,13
AC3Placer,50,935,True,1.6379,3,0,1.2569,-0.1857,381.48,43,70,26
AC3Placer,50,936,True,1.6944,4,0,1.4194,0.35,341.7,40,53,22
AC3Placer,50,937,True,1.8309,4,0,1.1094,-0.8095,255.73,32,44,19
AC3Placer,50,938,True,1.703,3,1,1.7211,0.2879,361.83,42,60,23
AC3Placer,50,939,True,1.6478,4,0,0.9853,0.2974,401.43,46,59,31
AC3Placer,50,940,True,1.7558,4,1,1.125,0.6765,265.08,32,40,28
AC3Placer,50,941,True,1.7623,2,0,0.7275,0.3333,314.46,37,52,20
AC3Placer,50,942,True,1.7449,3,0,0.8781,0.4121,319.51,38,48,22
AC3Placer,50,943,True,1.6218,3,0,1.3956,0.0681,387.61,45,57,21
AC3Placer,50,944,True,1.8,5,0,1.4888,0.578,273.85,34,43,20
AC3Placer,50,945,True,1.6685,2,0,1.5358,0.1538,383.47,45,65,21
AC3Placer,50,946,True,1.7049,3,1,1.4399,0.4975,365.77,42,64,24
AC3Placer,50,947,True,1.577,3,0,1.4749,0.325,459.26,52,82,25
AC3Placer,50,948,True,1.8091,3,1,1.7197,-0.098,284.99,34,52,31
AC3Placer,50,949,True,1.6478,3,1,1.3351,0.3802,397.99,46,71,22
AC3Placer,50,950,True,1.6428,3,0,1.101,0.0659,414.09,47,70,14
AC3Placer,50,951,True,1.7369,4,0,2.5289,0.2819,303.6,37,70,26
AC3Placer,50,952,True,1.8804,5,0,1.5822,-0.3297,242.6,30,46,26
AC3Placer,50,953,True,1.6931,4,0,1.0243,-0.1321,377.52,43,59,21
AC3Placer,50,954,True,1.8897,4,0,1.7527,0.4341,234.53,29,47,26
AC3Placer,50,955,True,1.6386,3,0,1.2,0.2364,392.73,45,60,13
AC3Placer,50,956,True,1.8091,3,0,2.0657,0.2265,291.63,34,54,27
AC3Placer,50,957,True,1.6224,3,0,1.7146,-0.2574,375.91,46,80,30
AC3Placer,50,958,True,1.7522,4,0,1.4843,0.4762,323.76,37,52,16
AC3Placer,50,959,True,1.7287,2,0,1.1194,-0.2121,350.04,40,53,14
AC3Placer,50,960,True,1.7522,3,1,0.8225,-0.1374,315.51,37,50,23
AC3Placer,50,961,True,1.6972,4,0,1.8124,0.3735,352.06,42,67,30
AC3Placer,50,962,True,1.6055,2,0,1.157,0.2706,427.99,49,57,21
AC3Placer,50,963,True,1.7161,3,0,1.1338,0.0821,342.6,41,53,26
AC3Placer,50,964,True,1.7407,4,0,1.3412,0.2242,323.25,39,51,16
AC3Placer,50,965,True,1.6931,2,0,1.0708,0.4066,383.28,43,59,19
AC3Placer,50,966,True,1.9006,2,0,2.1671,0.3099,214.05,28,45,29
AC3Placer,50,967,True,1.7161,4,0,0.6924,0.2819,330.94,41,46,31
AC3Placer,50,968,True,1.7623,3,0,1.439,0.3182,322.8,37,56,14
AC3Placer,50,969,True,1.7673,2,0,1.6012,0.4406,301.76,37,55,21
AC3Placer,50,970,True,1.7161,4,0,1.956,-0.2044,342.01,41,63,25
AC3Placer,50,971,True,1.6685,3,0,0.8958,0.3909,389.82,45,61,14
AC3Placer,50,972,True,1.7136,5,0,1.1598,0.4336,337.85,39,54,16
AC3Placer,50,973,True,1.939,6,0,0.8999,0.5549,222.85,27,37,22
AC3Placer,50,974,True,1.6488,4,0,1.3554,0.1842,399.46,47,69,28
AC3Placer,50,975,True,1.8897,4,0,0.9156,0.1333,218.94,29,39,15
AC3Placer,50,976,True,1.7851,3,0,2.0916,-0.2484,267.2,31,68,31
AC3Placer,50,977,True,1.8151,4,1,1.4222,0.5441,249.04,30,40,31
AC3Placer,50,978,True,1.7266,5,0,1.0244,0.3088,342.84,40,49,20
AC3Placer,50,979,True,1.6931,6,0,1.7815,0.0813,370.66,43,62,18
AC3Placer,50,980,True,1.6014,5,0,1.4044,0.0909,387.58,45,66,23
AC3Placer,50,981,True,1.7794,2,0,1.5154,-0.2727,311.83,36,50,16
AC3Placer,50,982,True,1.7347,3,1,1.7336,-0.2143,285.56,34,62,23
AC3Placer,50,983,True,1.704,4,0,1.4694,0.35,356.32,41,62,24
AC3Placer,50,984,True,1.8309,2,0,1.5586,-0.1958,272.61,32,50,20
AC3Placer,50,985,True,1.6547,6,0,1.1612,0.1018,350.84,41,45,24
AC3Placer,50,986,True,1.703,3,0,1.093,0.45,358.48,42,44,20
AC3Placer,50,987,True,1.6918,3,0,1.2695,-0.2396,358.28,41,52,26
AC3Placer,50,988,True,1.7579,3,0,0.9529,0.0769,295.89,36,41,17
AC3Placer,50,989,True,1.6718,4,0,1.3017,0.3911,390.53,45,73,24
AC3Placer,50,990,True,1.7623,3,0,1.2228,0.1167,310.13,37,55,19
AC3Placer,50,991,True,1.6718,4,0,1.2267,-0.0629,388.01,45,54,16
AC3Placer,50,992,True,1.703,4,0,1.1525,-0.0154,352.69,42,61,21
AC3Placer,50,993,True,1.6895,6,0,0.7701,-0.2143,371.79,43,52,14
AC3Placer,50,994,True,1.6718,3,0,1.3136,-0.0495,381.05,45,65,17
AC3Placer,50,995,True,1.7363,3,0,1.666,-0.1618,331.61,39,64,25
AC3Placer,50,996,True,1.7794,3,0,0.8418,0.4286,308.53,36,49,21
AC3Placer,50,997,True,1.6079,2,0,1.544,0.0496,440.44,51,77,29
AC3Placer,50,998,True,1.8121,2,0,1.1289,-0.15,284.64,34,49,16
AC3Placer,50,999,True,1.7363,3,0,1.524,0.4901,330.81,39,55,19
AC3Placer,60,0,True,1.6518,2,0,1.5129,0.1691,590.39,47,76,23
AC3Placer,60,1,True,1.6126,2,0,1.6884,0.414,640.87,50,73,26
AC3Placer,60,2,True,1.5834,3,1,1.2661,-0.5549,695.73,55,80,18
AC3Placer,60,3,True,1.5447,3,0,1.0831,0.1536,760.61,60,91,27
AC3Placer,60,4,True,1.508,3,0,1.0708,0.1293,822.34,65,91,26
AC3Placer,60,5,True,1.6931,4,0,1.272,-0.0637,512.14,43,66,25
AC3Placer,60,6,True,1.4591,7,0,1.4531,0.0316,840.6,64,104,22
AC3Placer,60,7,True,1.5869,4,0,1.4925,0.2565,674.32,54,88,36
AC3Placer,60,8,True,1.495,4,0,1.38,0.0947,876.71,69,102,26
AC3Placer,60,9,True,1.5345,3,0,1.2812,0.2549,798.27,62,91,26
AC3Placer,60,10,True,1.4307,5,0,1.4176,-0.0708,1070.52,83,115,35
AC3Placer,60,11,True,1.5386,4,0,0.8575,0.3168,726.23,57,68,26
AC3Placer,60,12,True,1.5415,4,0,1.7528,0.4457,757.89,61,96,34
AC3Placer,60,13,True,1.4499,6,0,1.071,-0.3265,928.01,72,100,22
AC3Placer,60,14,True,1.4899,4,0,1.262,-0.4474,900.28,70,96,30
AC3Placer,60,15,True,1.5482,2,0,1.3067,0.179,760.6,60,96,36
AC3Placer,60,16,True,1.4772,2,0,1.0407,0.0754,921.85,71,95,29
AC3Placer,60,17,True,1.5086,3,0,1.3085,0.5779,834.91,66,96,27
AC3Placer,60,18,True,1.4998,4,0,1.1315,-0.1561,864.78,68,100,30
AC3Placer,60,19,True,1.613,3,0,1.3825,0.1758,645.86,51,80,20
AC3Placer,60,20,True,1.4482,3,0,1.2033,0.0948,829.66,65,86,34
AC3Placer,60,21,True,1.522,3,0,1.1561,0.1275,798.54,62,74,23
AC3Placer,60,22,True,1.4942,4,0,1.3926,-0.4118,774.48,62,79,28
AC3Placer,60,23,True,1.5115,6,0,1.3388,-0.2368,853.35,66,102,25
AC3Placer,60,24,True,1.4554,4,0,1.3405,-0.2556,977.06,77,103,21
AC3Placer,60,25,True,1.6216,6,0,1.2522,-0.2059,565.74,47,64,22
AC3Placer,60,26,True,1.5761,5,0,1.714,0.361,700.96,56,83,28
AC3Placer,60,27,True,1.5162,4,0,0.8689,-0.0671,831.11,64,91,26
AC3Placer,60,28,True,1.5162,4,0,1.3748,0.3145,805.89,64,95,28
AC3Placer,60,29,True,1.487,3,0,1.1556,0.1744,855.48,69,84,22
AC3Placer,60,30,True,1.4499,4,0,1.3239,0.0974,937.41,72,115,28
AC3Placer,60,31,True,1.5666,3,0,1.6122,0.2704,721.47,57,81,27
AC3Placer,60,32,True,1.5052,4,0,1.2729,-0.035,779.13,62,87,38
AC3Placer,60,33,True,1.4834,4,0,1.4152,0.1496,908.41,71,97,20
AC3Placer,60,34,True,1.5312,4,0,1.527,0.3015,781.59,61,94,27
AC3Placer,60,35,True,1.6165,2,0,1.5843,-0.0074,601.15,49,68,24
AC3Placer,60,36,True,1.508,5,0,0.9931,0.4918,819.57,65,82,27
AC3Placer,60,37,True,1.5989,4,0,1.2958,0.1269,663.5,53,74,20
AC3Placer,60,38,True,1.5108,5,0,1.52,-0.0234,815.19,66,111,28
AC3Placer,60,39,True,1.5686,3,0,1.1616,-0.0649,728.81,57,87,32
AC3Placer,60,40,True,1.5036,4,0,0.75,0.4053,809.75,64,80,33
AC3Placer,60,41,True,1.5492,5,0,1.6576,-0.1675,753.21,59,96,30
AC3Placer,60,42,True,1.6718,7,0,1.6444,0.3787,535.19,45,60,24
AC3Placer,60,43,True,1.5402,4,0,1.1431,0.1053,746.92,60,85,24
AC3Placer,60,44,True,1.5115,3,0,1.0927,-0.0662,822.28,66,94,33
AC3Placer,60,45,True,1.5108,4,0,1.2176,0.2163,842.06,66,96,34
AC3Placer,60,46,True,1.5761,2,0,1.7063,0.3038,718.14,56,89,28
AC3Placer,60,47,True,1.4643,5,0,1.3963,0.0561,953.68,75,111,26
AC3Placer,60,48,True,1.5279,6,0,1.358,0.1729,788.69,62,84,26
AC3Placer,60,49,True,1.4998,4,0,1.0733,-0.3209,859.68,68,103,24
AC3Placer,60,50,True,1.508,4,0,1.4802,0.3839,834.68,65,99,38
AC3Placer,60,51,True,1.5107,4,0,1.75,-0.0731,812.99,64,96,36
AC3Placer,60,52,True,1.5265,3,0,1.1234,0.0179,714.91,57,82,23
AC3Placer,60,53,True,1.5242,7,0,1.5193,0.1632,802.66,63,93,26
AC3Placer,60,54,True,1.577,6,0,1.4745,0.1338,627.87,52,89,26
AC3Placer,60,55,True,1.5609,3,0,1.4673,0.2217,710.34,58,96,37
AC3Placer,60,56,True,1.5686,3,0,1.3204,-0.0072,721.74,57,78,29
AC3Placer,60,57,True,1.4977,2,0,1.3668,0.2841,878.78,68,100,36
AC3Placer,60,58,True,1.5145,3,0,1.2695,-0.0304,791.42,62,86,34
AC3Placer,60,59,True,1.5834,2,0,1.4096,0.2882,679.31,55,79,24
AC3Placer,60,60,True,1.4792,6,0,1.3609,0.1638,926.12,72,109,35
AC3Placer,60,61,True,1.5869,4,0,1.534,0.4009,685.7,54,75,37
AC3Placer,60,62,True,1.4977,3,0,1.2716,0.2693,875.38,68,96,28
AC3Placer,60,63,True,1.5005,2,0,1.3599,0.3064,862.43,68,96,26
AC3Placer,60,64,True,1.5312,5,0,1.5254,0.3233,769.51,61,95,30
AC3Placer,60,65,True,1.4796,3,0,1.3357,0.2045,888.09,70,105,34
AC3Placer,60,66,True,1.505,5,0,1.61,-0.0146,849.34,66,95,32
AC3Placer,60,67,True,1.577,3,0,1.5159,0.406,662.39,52,75,27
AC3Placer,60,68,True,1.5377,3,0,1.3344,-0.2033,721.25,58,79,30
AC3Placer,60,69,True,1.5345,5,0,1.3767,0.2693,799.0,62,96,29
AC3Placer,60,70,True,1.505,4,0,1.0535,0.3053,861.74,66,85,25
AC3Placer,60,71,True,1.4809,2,0,1.0946,0.0391,892.35,71,105,32
AC3Placer,60,72,True,1.4998,2,0,1.6465,0.2139,832.88,66,88,27
AC3Placer,60,73,True,1.461,3,0,1.3262,-0.1584,960.76,76,110,36
AC3Placer,60,74,True,1.5274,3,0,1.5334,-0.3063,782.69,63,103,31
AC3Placer,60,75,True,1.4523,2,0,0.7817,0.3449,981.69,76,87,27
AC3Placer,60,76,True,1.5232,5,0,1.4648,-0.1744,806.55,64,100,25
AC3Placer,60,77,True,1.4554,4,0,1.0258,-0.107,981.13,77,111,24
AC3Placer,60,78,True,1.525,4,0,1.5711,-0.1382,688.5,56,83,22
AC3Placer,60,79,True,1.5044,5,0,1.6779,0.1974,862.66,67,113,36
AC3Placer,60,80,True,1.5193,3,0,1.551,0.0541,803.3,63,96,28
AC3Placer,60,81,True,1.4772,6,0,1.1771,0.2384,922.3,71,103,25
AC3Placer,60,82,True,1.4943,4,0,1.5112,0.1532,848.9,68,106,34
AC3Placer,60,83,True,1.529,5,0,1.4064,0.1001,785.01,63,103,32
AC3Placer,60,84,True,1.6557,4,0,1.146,-0.0676,536.47,46,63,21
AC3Placer,60,85,True,1.4658,2,0,1.1504,0.2964,870.53,67,81,29
AC3Placer,60,86,True,1.5129,5,0,1.5016,-0.1639,802.22,63,103,29
AC3Placer,60,87,True,1.4998,3,0,1.4904,0.713,843.3,66,96,22
AC3Placer,60,88,True,1.4944,2,0,1.6653,0.1842,826.04,65,98,25
AC3Placer,60,89,True,1.4845,3,0,1.3718,0.0185,843.96,67,108,35
AC3Placer,60,90,True,1.6303,3,1,1.1587,-0.0647,669.88,49,65,20
AC3Placer,60,91,True,1.4558,2,0,1.2498,0.334,974.82,74,110,32
AC3Placer,60,92,True,1.6079,5,0,1.3849,0.0364,590.5,51,74,36
AC3Placer,60,93,True,1.4893,4,0,1.8196,0.2496,889.51,70,108,35
AC3Placer,60,94,True,1.5547,3,0,1.4616,0.4545,729.83,59,94,35
AC3Placer,60,95,True,1.5989,4,0,1.3293,-0.1825,653.03,53,73,29
AC3Placer,60,96,True,1.5279,3,0,1.1852,-0.1377,789.25,62,94,26
AC3Placer,60,97,True,1.4989,2,0,0.9328,0.2835,675.64,54,68,22
AC3Placer,60,98,True,1.5265,4,1,1.6645,-0.0175,726.76,57,103,24
AC3Placer,60,99,True,1.5171,4,0,1.111,-0.0404,817.47,65,96,30
AC3Placer,60,100,True,1.5126,5,0,0.7867,0.2966,800.57,65,89,28
AC3Placer,60,101,True,1.5058,4,0,1.0096,0.2935,866.37,67,82,24
AC3Placer,60,102,True,1.4998,3,0,1.2532,0.1125,870.93,68,91,21
AC3Placer,60,103,True,1.5312,4,0,1.247,0.3444,744.31,61,100,34
AC3Placer,60,104,True,1.5232,5,0,0.9705,0.2312,828.11,64,85,27
AC3Placer,60,105,True,1.5162,3,0,1.238,-0.2882,820.59,64,103,33
AC3Placer,60,106,True,1.4973,5,0,1.2582,-0.0603,869.08,67,95,33
AC3Placer,60,107,True,1.5464,3,0,1.3983,0.3518,746.83,58,78,31
AC3Placer,60,108,True,1.5259,6,0,1.2122,0.1225,721.89,60,86,22
AC3Placer,60,109,True,1.4738,5,0,1.3267,0.018,913.76,70,87,27
AC3Placer,60,110,True,1.4852,2,0,1.2085,0.3982,841.15,65,87,28
AC3Placer,60,111,True,1.5086,3,0,1.0872,-0.1053,836.22,66,92,27
AC3Placer,60,112,True,1.522,3,0,1.6642,0.2609,770.95,62,105,37
AC3Placer,60,113,True,1.6155,4,0,1.6571,-0.1877,644.43,51,80,39
AC3Placer,60,114,True,1.5274,7,0,0.9751,0.0714,812.17,63,78,23
AC3Placer,60,115,True,1.5529,4,0,1.1278,0.3571,725.57,59,92,27
AC3Placer,60,116,True,1.5492,3,0,1.2209,-0.0872,738.75,59,82,27
AC3Placer,60,117,True,1.502,3,1,1.2521,0.2421,786.32,65,90,25
AC3Placer,60,118,True,1.5274,4,0,1.3263,0.3824,840.42,63,98,28
AC3Placer,60,119,True,1.5609,2,0,1.2655,0.163,780.23,58,79,33
AC3Placer,60,120,True,1.5115,3,1,1.3023,0.5362,856.15,66,105,37
AC3Placer,60,121,True,1.5398,6,0,0.874,0.1452,798.36,61,76,34
AC3Placer,60,122,True,1.5044,4,0,0.9338,-0.1299,849.53,67,97,27
AC3Placer,60,123,True,1.4973,4,0,1.0697,0.2676,818.08,67,92,22
AC3Placer,60,124,True,1.5532,4,0,1.4768,0.0812,753.51,58,80,31
AC3Placer,60,125,True,1.4327,5,0,0.9809,0.1971,1025.7,79,114,22
AC3Placer,60,126,True,1.4841,2,0,1.2767,0.0912,896.34,70,108,28
AC3Placer,60,127,True,1.5321,4,0,1.1532,0.1487,756.03,62,93,30
AC3Placer,60,128,True,1.5126,3,0,1.5976,-0.1558,820.95,65,110,35
AC3Placer,60,129,True,1.6192,3,0,1.7844,0.0939,606.56,50,83,41
AC3Placer,60,130,True,1.5761,4,0,1.8186,-0.0571,713.74,56,95,30
AC3Placer,60,131,True,1.5633,3,0,1.2651,0.0316,700.95,54,73,27
AC3Placer,60,132,True,1.5869,4,0,1.3858,0.1614,671.21,54,75,28
AC3Placer,60,133,True,1.4153,5,0,0.9999,-0.1929,1103.88,85,101,19
AC3Placer,60,134,True,1.5902,3,1,1.7713,-0.0147,687.49,54,91,23
AC3Placer,60,135,True,1.5107,3,0,1.7461,0.2424,784.7,64,108,37
AC3Placer,60,136,True,1.5274,4,0,0.8209,-0.3561,800.45,63,96,40
AC3Placer,60,137,True,1.463,2,0,1.1019,0.3281,942.73,73,98,27
AC3Placer,60,138,True,1.502,3,0,1.6024,0.1733,817.01,65,95,39
AC3Placer,60,139,True,1.5162,5,0,1.4568,0.4235,821.24,64,89,24
AC3Placer,60,140,True,1.5268,4,0,0.8905,-0.3664,742.02,59,92,25
AC3Placer,60,141,True,1.5761,5,0,1.3571,0.3113,710.45,56,84,32
AC3Placer,60,142,True,1.5144,3,0,1.4887,0.5987,740.75,58,84,31
AC3Placer,60,143,True,1.5734,3,0,1.4722,0.3464,662.09,54,81,25
AC3Placer,60,144,True,1.4651,4,0,1.3011,0.425,967.99,74,107,34
AC3Placer,60,145,True,1.4936,2,0,1.1157,0.0721,872.91,69,91,27
AC3Placer,60,146,True,1.5279,3,0,1.1844,0.1825,794.12,62,95,30
AC3Placer,60,147,True,1.6231,3,0,1.2884,0.0214,577.49,50,73,21
AC3Placer,60,148,True,1.6428,3,0,1.588,-0.0237,551.76,47,86,25
AC3Placer,60,149,True,1.4678,6,0,1.0238,0.2626,900.51,73,99,33
AC3Placer,60,150,True,1.4581,2,0,1.0386,-0.2033,884.31,70,91,24
AC3Placer,60,151,True,1.5415,4,0,1.204,0.3727,762.2,61,81,32
AC3Placer,60,152,True,1.4936,5,0,1.351,-0.166,864.99,69,102,30
AC3Placer,60,153,True,1.5321,4,0,0.82,0.0294,778.39,62,76,27
AC3Placer,60,154,True,1.5187,2,0,0.8302,0.4427,673.2,54,69,21
AC3Placer,60,155,True,1.4495,4,0,1.385,0.4108,947.73,74,110,32
AC3Placer,60,156,True,1.5769,4,0,1.8823,0.4704,693.27,55,79,34
AC3Placer,60,157,True,1.5155,4,0,1.2959,-0.0529,743.88,61,88,22
AC3Placer,60,158,True,1.4998,5,0,1.3382,0.3068,851.62,66,87,27
AC3Placer,60,159,True,1.5666,4,0,1.723,0.2023,691.93,57,84,36
AC3Placer,60,160,True,1.5345,5,0,1.2136,0.4094,778.8,62,89,28
AC3Placer,60,161,True,1.5321,5,0,1.6629,0.3038,790.83,62,88,34
AC3Placer,60,162,True,1.4262,4,0,0.8695,-0.3271,1068.53,83,105,31
AC3Placer,60,163,True,1.475,5,0,1.0313,0.1413,903.06,69,106,26
AC3Placer,60,164,True,1.5193,3,0,1.7687,-0.0423,808.73,63,111,34
AC3Placer,60,165,True,1.5387,3,0,1.4375,-0.0647,739.53,56,70,24
AC3Placer,60,166,True,1.5761,5,0,1.3457,-0.0912,685.29,56,78,28
AC3Placer,60,167,True,1.6231,6,0,1.1616,0.1029,605.84,50,64,23
AC3Placer,60,168,True,1.4561,5,0,1.0596,0.1117,995.5,76,108,23
AC3Placer,60,169,True,1.5015,2,0,0.7788,-0.1471,844.8,67,83,20
AC3Placer,60,170,True,1.4796,4,0,1.6182,0.0131,909.97,70,101,32
AC3Placer,60,171,True,1.5547,3,0,1.3651,-0.1446,743.71,59,92,26
AC3Placer,60,172,True,1.5321,2,0,0.8887,0.2228,807.57,62,88,21
AC3Placer,60,173,True,1.6192,4,0,1.2496,0.3011,612.15,50,76,25
AC3Placer,60,174,True,1.4852,4,0,1.2085,-0.0861,836.26,65,82,29
AC3Placer,60,175,True,1.6412,4,0,1.8177,0.4767,588.86,48,78,27
AC3Placer,60,176,True,1.6671,3,0,1.2314,0.0677,542.42,44,72,33
AC3Placer,60,177,True,1.4658,5,0,1.6929,-0.1609,899.82,71,117,40
AC3Placer,60,178,True,1.4561,3,0,1.153,-0.2263,994.09,76,98,24
AC3Placer,60,179,True,1.6155,3,0,1.4148,-0.0073,655.1,51,71,34
AC3Placer,60,180,True,1.5232,4,0,1.3906,-0.2976,817.0,64,104,36
AC3Placer,60,181,True,1.5751,4,0,1.7844,0.1298,701.92,56,86,26
AC3Placer,60,182,True,1.4899,3,0,1.45,-0.0279,898.07,70,105,22
AC3Placer,60,183,True,1.5609,3,0,1.0071,0.0436,751.83,58,76,29
AC3Placer,60,184,True,1.461,3,0,1.2228,0.1259,958.83,74,110,33
AC3Placer,60,185,True,1.5162,2,0,1.3428,0.0504,815.19,64,98,30
AC3Placer,60,186,True,1.461,5,0,1.38,0.277,942.29,74,93,41
AC3Placer,60,187,True,1.502,3,0,1.0083,0.7296,873.66,65,80,23
AC3Placer,60,188,True,1.5474,2,0,1.1697,0.1158,724.02,60,83,27
AC3Placer,60,189,True,1.6074,2,0,1.9804,-0.1632,675.09,52,79,33
AC3Placer,60,190,True,1.5387,3,0,1.4614,-0.2528,722.48,56,95,27
AC3Placer,60,191,True,1.5447,3,0,1.2789,-0.2105,762.31,60,86,26
AC3Placer,60,192,True,1.5377,2,0,1.3555,0.0988,733.01,58,102,37
AC3Placer,60,193,True,1.558,2,0,1.3864,0.1749,739.03,58,98,39
AC3Placer,60,194,True,1.5436,2,0,1.5898,0.0158,749.79,59,96,35
AC3Placer,60,195,True,1.5265,2,0,1.43,0.1113,725.95,57,79,30
AC3Placer,60,196,True,1.5869,4,0,1.0604,0.0769,691.74,54,70,25
AC3Placer,60,197,True,1.5345,4,0,1.3624,-0.0109,782.4,62,101,30
AC3Placer,60,198,True,1.5242,4,0,1.423,0.1263,780.91,63,92,27
AC3Placer,60,199,True,1.508,4,0,1.9044,0.2915,833.02,65,92,29
AC3Placer,60,200,True,1.5774,3,0,1.9339,-0.0586,651.8,51,74,32
AC3Placer,60,201,True,1.4359,4,0,1.4736,0.2322,1033.93,80,117,32
AC3Placer,60,202,True,1.5474,3,0,1.6164,0.3013,766.36,60,79,34
AC3Placer,60,203,True,1.5242,3,0,0.9798,0.1575,782.14,61,82,39
AC3Placer,60,204,True,1.4646,4,0,1.2492,-0.0495,921.55,72,106,21
AC3Placer,60,205,True,1.5668,2,0,1.25,0.3313,685.69,56,84,31
AC3Placer,60,206,True,1.5107,2,0,1.1162,0.314,807.86,64,90,23
AC3Placer,60,207,True,1.5482,4,0,1.6764,-0.1294,767.46,60,95,34
AC3Placer,60,208,True,1.6303,4,0,1.5027,-0.1053,607.12,49,79,30
AC3Placer,60,209,True,1.572,4,0,1.7895,0.0877,742.83,56,74,26
AC3Placer,60,210,True,1.5171,3,0,1.3198,-0.0138,840.95,65,92,30
AC3Placer,60,211,True,1.6331,2,0,1.3928,0.0912,590.48,49,74,25
AC3Placer,60,212,True,1.6034,6,0,1.5556,-0.1293,602.83,50,69,26
AC3Placer,60,213,True,1.5547,4,0,1.5122,-0.4769,764.57,59,79,22
AC3Placer,60,214,True,1.412,4,0,1.407,0.1912,950.53,74,129,29
AC3Placer,60,215,True,1.4852,2,0,1.0305,0.1348,832.35,65,79,20
AC3Placer,60,216,True,1.4738,4,0,1.1284,-0.12,896.38,70,111,37
AC3Placer,60,217,True,1.4625,5,0,1.3572,0.2015,777.12,61,108,26
AC3Placer,60,218,True,1.4904,3,0,1.4322,0.3263,740.05,60,82,24
AC3Placer,60,219,True,1.4744,4,0,1.1389,-0.0169,936.47,72,108,29
AC3Placer,60,220,True,1.5242,5,0,1.5093,0.2075,787.24,61,83,24
AC3Placer,60,221,True,1.5354,4,0,1.4048,-0.0464,779.93,62,88,21
AC3Placer,60,222,True,1.4757,5,0,1.2463,0.2328,871.39,68,119,42
AC3Placer,60,223,True,1.5627,3,0,1.369,0.0702,697.18,57,89,33
AC3Placer,60,224,True,1.5321,2,0,1.6818,0.2296,782.35,62,111,34
AC3Placer,60,225,True,1.4895,5,0,1.4003,-0.153,845.06,68,91,27
AC3Placer,60,226,True,1.5126,5,0,1.573,0.218,839.57,65,97,26
AC3Placer,60,227,True,1.5596,2,0,1.4997,0.2922,700.03,56,83,29
AC3Placer,60,228,True,1.5761,2,0,1.8099,0.2767,677.17,56,90,31
AC3Placer,60,229,True,1.4998,4,0,1.4006,-0.1744,853.41,66,97,27
AC3Placer,60,230,True,1.4895,4,0,1.338,0.5604,863.9,68,101,20
AC3Placer,60,231,True,1.5627,6,0,1.0828,0.3412,667.26,57,80,23
AC3Placer,60,232,True,1.5015,4,0,1.2337,0.1117,863.21,67,103,33
AC3Placer,60,233,True,1.5279,3,0,1.6975,0.1364,775.48,62,97,24
AC3Placer,60,234,True,1.6369,3,0,1.6975,0.0858,576.47,48,83,28
AC3Placer,60,235,True,1.5274,5,0,1.3878,-0.2012,773.89,63,99,26
AC3Placer,60,236,True,1.5086,4,0,1.1279,-0.2406,861.25,66,101,28
AC3Placer,60,237,True,1.5162,3,0,1.238,0.0974,818.19,64,89,29
AC3Placer,60,238,True,1.5567,3,0,0.9498,0.3365,671.07,57,64,31
AC3Placer,60,239,True,1.5751,3,0,1.3661,0.2378,702.26,56,70,17
AC3Placer,60,240,True,1.6155,4,0,1.2972,0.2107,639.83,51,71,23
AC3Placer,60,241,True,1.613,4,0,1.1096,0.0353,647.57,51,66,19
AC3Placer,60,242,True,1.4415,3,0,1.246,0.3992,899.58,73,94,37
AC3Placer,60,243,True,1.5362,6,0,1.7495,0.0514,733.53,59,98,39
AC3Placer,60,244,True,1.5159,5,0,1.9808,0.2393,756.92,60,93,34
AC3Placer,60,245,True,1.558,5,0,1.3163,0.0825,736.96,58,84,30
AC3Placer,60,246,True,1.5363,4,0,1.1841,0.1826,760.94,61,74,35
AC3Placer,60,247,True,1.6245,3,0,1.72,0.1991,610.08,50,80,36
AC3Placer,60,248,True,1.5834,2,0,1.6317,0.0105,695.51,55,82,26
AC3Placer,60,249,True,1.5965,2,0,1.5192,0.0391,635.03,52,78,33
AC3Placer,60,250,True,1.5734,3,0,1.6543,-0.0241,682.15,54,84,29
AC3Placer,60,251,True,1.5041,2,0,1.61,0.3789,802.4,60,78,28
AC3Placer,60,252,True,1.6604,3,1,1.233,0.1059,556.17,46,63,19
AC3Placer,60,253,True,1.4621,4,0,1.2612,0.2504,973.84,75,116,28
AC3Placer,60,254,True,1.437,4,0,0.8263,0.0882,890.05,70,79,23
AC3Placer,60,255,True,1.505,5,0,1.0321,0.2132,826.22,66,94,24
AC3Placer,60,256,True,1.4852,5,0,1.2544,0.3757,842.99,65,80,37
AC3Placer,60,257,True,1.5363,5,0,1.2319,0.1485,780.74,61,89,33
AC3Placer,60,258,True,1.6074,3,1,1.4774,0.5294,662.88,52,75,26
AC3Placer,60,259,True,1.505,6,0,1.4034,0.0919,835.32,66,115,39
AC3Placer,60,260,True,1.4486,3,0,1.6896,-0.1531,960.66,75,114,41
AC3Placer,60,261,True,1.6224,5,0,1.6011,-0.3714,561.31,46,88,21
AC3Placer,60,262,True,1.4678,4,0,0.8508,-0.1175,958.93,73,97,28
AC3Placer,60,263,True,1.5596,2,0,1.8568,0.2787,708.7,56,83,39
AC3Placer,60,264,True,1.4949,3,0,1.2235,0.0515,799.85,63,88,29
AC3Placer,60,265,True,1.4713,2,0,1.3695,0.1364,927.01,73,105,29
AC3Placer,60,266,True,1.4809,3,0,0.9042,-0.0119,893.69,71,96,31
AC3Placer,60,267,True,1.4873,4,0,1.2482,0.2955,879.5,70,102,35
AC3Placer,60,268,True,1.4936,3,0,1.0615,0.0015,899.0,69,103,26
AC3Placer,60,269,True,1.6758,4,0,1.4272,0.1737,531.4,44,63,28
AC3Placer,60,270,True,1.4678,3,0,1.3485,0.214,944.26,73,98,31
AC3Placer,60,271,True,1.4737,2,0,1.508,-0.0143,966.58,73,106,31
AC3Placer,60,272,True,1.5279,4,0,1.1644,0.4139,810.86,62,84,30
AC3Placer,60,273,True,1.4936,4,0,1.0754,-0.1434,896.81,69,95,19
AC3Placer,60,274,True,1.4651,4,0,1.2783,-0.013,951.93,74,94,31
AC3Placer,60,275,True,1.5686,4,0,1.3506,0.2961,733.17,57,94,26
AC3Placer,60,276,True,1.4721,4,0,1.1402,0.0126,890.63,71,99,32
AC3Placer,60,277,True,1.5474,4,0,1.4222,-0.1662,731.56,60,100,24
AC3Placer,60,278,True,1.405,3,0,1.0363,0.2877,907.23,72,98,35
AC3Placer,60,279,True,1.5686,4,0,1.7495,0.0541,704.48,57,91,28
AC3Placer,60,280,True,1.558,4,0,0.9738,-0.2618,736.59,58,88,19
AC3Placer,60,281,True,1.5447,4,0,1.4942,0.1353,748.75,60,81,32
AC3Placer,60,282,True,1.5242,4,0,1.7193,0.1632,797.61,63,104,37
AC3Placer,60,283,True,1.5492,2,0,1.7409,0.3312,760.61,59,90,26
AC3Placer,60,284,True,1.4702,4,0,1.7049,0.1061,952.77,74,116,34
AC3Placer,60,285,True,1.5015,4,0,1.4569,0.1544,863.0,67,115,27
AC3Placer,60,286,True,1.5242,3,1,1.356,0.0051,769.04,63,99,31
AC3Placer,60,287,True,1.5108,5,0,1.8503,0.188,813.8,66,94,39
AC3Placer,60,288,True,1.52,5,0,1.6162,0.0446,802.42,64,90,36
AC3Placer,60,289,True,1.491,2,0,0.9994,0.331,874.07,69,99,35
AC3Placer,60,290,True,1.5627,3,0,2.1225,0.0531,710.45,57,94,41
AC3Placer,60,291,True,1.613,4,0,1.5048,0.2308,644.17,51,77,19
AC3Placer,60,292,True,1.6079,2,0,1.2295,0.5175,635.41,51,75,33
AC3Placer,60,293,True,1.4833,4,0,1.1696,0.1429,887.63,68,92,28
AC3Placer,60,294,True,1.4744,4,0,1.6844,0.2226,926.94,72,122,38
AC3Placer,60,295,True,1.4943,2,0,1.1021,0.3622,878.88,68,100,25
AC3Placer,60,296,True,1.4571,4,0,1.753,0.0291,938.78,73,114,35
AC3Placer,60,297,True,1.6062,4,0,1.7115,0.0525,628.73,52,78,31
AC3Placer,60,298,True,1.5086,2,0,1.5418,0.3897,822.93,66,92,23
AC3Placer,60,299,True,1.5415,3,0,1.8484,-0.4341,776.54,61,97,24
AC3Placer,60,300,True,1.4973,4,0,1.5865,0.3631,861.05,67,95,31
AC3Placer,60,301,True,1.4486,4,0,1.3376,-0.164,958.59,75,99,30
AC3Placer,60,302,True,1.491,4,0,1.0611,-0.5147,871.79,69,102,26
AC3Placer,60,303,True,1.5633,2,0,1.3196,0.1642,674.94,54,70,28
AC3Placer,60,304,True,1.4772,2,0,1.0982,0.3586,883.67,71,83,31
AC3Placer,60,305,True,1.4772,3,1,1.4069,0.3443,887.43,71,118,39
AC3Placer,60,306,True,1.6062,4,0,1.7899,-0.3603,606.45,52,88,29
AC3Placer,60,307,True,1.5354,5,0,1.769,0.626,805.59,62,112,39
AC3Placer,60,308,True,1.4418,2,0,0.84,0.3309,1032.47,80,112,35
AC3Placer,60,309,True,1.5547,2,0,1.0771,-0.4559,628.8,49,65,18
AC3Placer,60,310,True,1.487,3,0,1.5892,0.3498,879.08,69,93,34
AC3Placer,60,311,True,1.5686,3,1,1.2324,-0.1824,735.77,57,85,24
AC3Placer,60,312,True,1.5627,3,0,1.6183,0.3574,698.52,57,85,37
AC3Placer,60,313,True,1.6062,5,0,1.6697,0.3247,683.2,52,81,41
AC3Placer,60,314,True,1.5108,3,0,1.2169,0.3309,897.7,66,87,22
AC3Placer,60,315,True,1.4391,2,0,1.2561,0.1603,925.79,71,93,32
AC3Placer,60,316,True,1.6079,5,0,1.4541,-0.0147,596.52,51,88,28
AC3Placer,60,317,True,1.5619,3,0,1.4379,0.093,647.56,51,68,22
AC3Placer,60,318,True,1.6079,4,0,1.4771,-0.076,666.77,51,85,25
AC3Placer,60,319,True,1.5609,4,0,1.162,0.4559,769.05,58,79,22
AC3Placer,60,320,True,1.5474,4,0,0.64,0.1893,729.15,60,84,26
AC3Placer,60,321,True,1.5596,5,0,1.5038,0.065,691.16,56,94,26
AC3Placer,60,322,True,1.7049,3,0,1.7256,0.2511,504.26,42,76,27
AC3Placer,60,323,True,1.6297,6,0,1.5065,0.287,598.24,48,81,38
AC3Placer,60,324,True,1.5529,5,0,1.3709,-0.0176,719.05,59,78,22
AC3Placer,60,325,True,1.4936,6,0,0.9355,-0.1078,878.52,69,82,20
AC3Placer,60,326,True,1.5609,4,0,1.786,0.3306,732.79,58,100,44
AC3Placer,60,327,True,1.5232,6,0,1.4678,0.1474,836.85,64,98,26
AC3Placer,60,328,True,1.6055,3,0,1.3511,0.2496,590.22,49,72,25
AC3Placer,60,329,True,1.461,5,0,1.2383,0.5374,944.46,74,103,30
AC3Placer,60,330,True,1.613,4,0,1.281,0.0485,624.33,51,68,37
AC3Placer,60,331,True,1.5547,2,0,1.2991,0.1265,730.95,59,91,24
AC3Placer,60,332,True,1.5242,3,0,1.1071,0.0912,761.57,63,94,27
AC3Placer,60,333,True,1.4847,4,0,1.2335,0.0279,907.78,71,103,22
AC3Placer,60,334,True,1.5015,5,0,0.9463,0.3964,860.79,67,91,20
AC3Placer,60,335,True,1.6519,2,0,1.6721,0.7193,561.64,45,58,24
AC3Placer,60,336,True,1.5761,5,0,1.25,0.5036,720.54,56,84,21
AC3Placer,60,337,True,1.4393,4,0,1.1626,-0.3714,1011.71,78,125,25
AC3Placer,60,338,True,1.4809,7,0,1.4247,0.2243,906.25,71,100,29
AC3Placer,60,339,True,1.6062,2,0,1.4024,0.197,633.01,52,80,34
AC3Placer,60,340,True,1.3959,4,0,1.0428,0.3686,832.35,65,77,26
AC3Placer,60,341,True,1.5609,3,0,1.6266,0.4173,724.98,58,84,27
AC3Placer,60,342,True,1.5345,4,0,1.411,0.3744,794.73,62,92,39
AC3Placer,60,343,True,1.6126,3,0,1.5684,0.5636,609.85,50,73,20
AC3Placer,60,344,True,1.572,4,0,1.3186,-0.1868,697.37,56,73,18
AC3Placer,60,345,True,1.6303,6,0,1.7926,0.2135,612.79,49,78,32
AC3Placer,60,346,True,1.5666,3,0,1.2853,0.0979,730.01,57,78,14
AC3Placer,60,347,True,1.5232,5,0,1.1365,0.014,795.15,64,87,29
AC3Placer,60,348,True,1.5144,4,0,1.2999,0.3213,733.04,58,79,25
AC3Placer,60,349,True,1.4442,3,0,1.276,-0.2185,876.26,68,98,37
AC3Placer,60,350,True,1.5279,5,0,1.3153,0.032,754.26,62,82,23
AC3Placer,60,351,True,1.5596,3,0,1.4206,0.2299,696.79,56,89,27
AC3Placer,60,352,True,1.5224,5,0,1.238,0.4133,808.83,64,89,32
AC3Placer,60,353,True,1.4998,4,0,1.4539,0.0168,826.33,66,93,37
AC3Placer,60,354,True,1.558,5,0,1.7325,0.1477,741.55,58,88,37
AC3Placer,60,355,True,1.5812,6,0,1.879,0.1747,681.52,55,94,47
AC3Placer,60,356,True,1.4561,3,1,0.9479,0.3497,1021.67,76,99,16
AC3Placer,60,357,True,1.4562,4,0,1.3501,0.1667,885.75,68,111,29
AC3Placer,60,358,True,1.5464,5,0,1.629,0.2233,716.55,58,88,38
AC3Placer,60,359,True,1.4841,3,0,1.2141,0.2509,861.45,70,99,33
AC3Placer,60,360,True,1.5108,3,0,1.1286,0.2131,828.1,66,100,37
AC3Placer,60,361,True,1.4841,5,0,1.3869,0.063,876.37,70,92,27
AC3Placer,60,362,True,1.475,5,0,1.117,0.1903,890.82,69,107,35
AC3Placer,60,363,True,1.5532,3,0,1.2452,0.0474,726.64,58,83,31
AC3Placer,60,364,True,1.5834,5,0,1.0169,-0.4755,691.51,55,68,16
AC3Placer,60,365,True,1.4833,3,0,1.1442,0.5524,859.3,68,93,31
AC3Placer,60,366,True,1.5751,4,0,1.3925,0.207,709.74,56,85,31
AC3Placer,60,367,True,1.5464,4,0,1.5259,0.1719,722.8,58,87,31
AC3Placer,60,368,True,1.5159,2,0,1.3556,-0.3429,760.46,60,100,32
AC3Placer,60,369,True,1.4871,4,0,1.4496,-0.1617,740.71,59,97,38
AC3Placer,60,370,True,1.5496,5,0,1.3122,0.3669,654.14,53,70,26
AC3Placer,60,371,True,1.5156,4,0,1.2956,0.2815,806.53,65,86,41
AC3Placer,60,372,True,1.5869,3,0,1.6571,0.1517,679.69,54,80,26
AC3Placer,60,373,True,1.5474,4,0,1.3122,0.5212,756.68,60,74,32
AC3Placer,60,374,True,1.5666,2,0,1.2964,0.1353,671.58,57,81,25
AC3Placer,60,375,True,1.4702,6,0,1.0862,0.3131,966.86,74,108,31
AC3Placer,60,376,True,1.585,2,0,1.4881,0.5212,684.1,53,84,32
AC3Placer,60,377,True,1.6231,2,0,1.2896,-0.2527,614.38,50,76,19
AC3Placer,60,378,True,1.5279,5,0,1.0377,0.1018,773.89,62,79,33
AC3Placer,60,379,True,1.4943,4,0,1.0182,0.3754,873.97,68,86,26
AC3Placer,60,380,True,1.5402,3,1,0.9222,0.2831,744.14,60,80,23
AC3Placer,60,381,True,1.4943,3,0,1.1185,0.2597,847.58,68,94,32
AC3Placer,60,382,True,1.5321,3,0,1.2157,0.17,787.61,62,77,29
AC3Placer,60,383,True,1.4973,2,0,1.3847,0.1955,865.89,67,89,27
AC3Placer,60,384,True,1.5224,2,0,1.4998,0.4644,795.88,64,97,33
AC3Placer,60,385,True,1.4759,5,0,1.1294,0.2075,860.83,67,92,35
AC3Placer,60,386,True,1.529,5,0,1.2608,0.4591,808.39,63,90,40
AC3Placer,60,387,True,1.5619,2,0,1.2095,0.3088,618.12,51,64,23
AC3Placer,60,388,True,1.461,4,1,1.5195,0.3175,951.86,74,109,25
AC3Placer,60,389,True,1.5377,4,0,1.3805,0.3794,721.08,58,82,31
AC3Placer,60,390,True,1.5363,3,0,1.3969,0.4017,756.13,61,93,32
AC3Placer,60,391,True,1.5609,3,1,1.0823,0.0123,722.8,58,77,24
AC3Placer,60,392,True,1.4796,4,0,1.2971,0.3168,915.13,70,98,29
AC3Placer,60,393,True,1.4558,4,0,1.214,0.1158,953.46,74,104,28
AC3Placer,60,394,True,1.52,4,0,1.5225,0.2377,824.02,64,102,28
AC3Placer,60,395,True,1.5502,6,0,1.0357,-0.0503,708.93,56,84,31
AC3Placer,60,396,True,1.4998,4,0,1.3326,-0.0351,847.1,66,93,26
AC3Placer,60,397,True,1.4332,4,0,1.2201,0.098,925.95,74,115,25
AC3Placer,60,398,True,1.4895,3,0,1.2982,0.0609,876.08,68,95,26
AC3Placer,60,399,True,1.4996,3,0,1.4197,0.0053,721.44,58,90,29
AC3Placer,60,400,True,1.6003,2,0,1.6109,0.1422,654.25,51,82,20
AC3Placer,60,401,True,1.4679,5,0,1.2732,0.2065,934.28,74,124,33
AC3Placer,60,402,True,1.529,5,0,1.4805,0.162,803.58,63,107,21
AC3Placer,60,403,True,1.4669,2,0,0.9418,0.3,863.98,69,91,34
AC3Placer,60,404,True,1.5666,4,0,1.574,0.4694,731.85,57,80,36
AC3Placer,60,405,True,1.5902,4,0,1.3392,-0.1036,559.61,54,73,18
AC3Placer,60,406,True,1.5363,2,0,1.2975,0.2331,779.49,61,89,29
AC3Placer,60,407,True,1.495,2,0,1.0388,0.2571,808.94,64,81,28
AC3Placer,60,408,True,1.4809,3,0,1.5195,-0.0684,910.53,71,95,34
AC3Placer,60,409,True,1.491,4,0,1.6551,-0.1207,871.8,69,112,37
AC3Placer,60,410,True,1.5666,3,0,1.3721,0.3962,724.12,57,87,36
AC3Placer,60,411,True,1.5902,5,0,1.6159,0.2233,683.21,54,92,36
AC3Placer,60,412,True,1.4852,4,0,1.5101,0.0375,814.68,65,95,30
AC3Placer,60,413,True,1.5415,3,0,1.4931,0.3639,771.26,61,80,30
AC3Placer,60,414,True,1.4998,2,0,1.2443,0.2163,838.78,66,94,28
AC3Placer,60,415,True,1.4996,4,0,0.9504,0.3529,719.84,58,73,32
AC3Placer,60,416,True,1.5705,5,0,1.1888,0.2429,699.73,55,87,20
AC3Placer,60,417,True,1.7363,3,0,1.3136,0.4056,474.97,39,54,25
AC3Placer,60,418,True,1.5989,4,0,1.7209,0.2287,666.53,53,78,32
AC3Placer,60,419,True,1.4747,3,0,1.61,-0.0714,762.56,60,78,25
AC3Placer,60,420,True,1.5734,2,0,1.6941,0.0858,668.83,54,80,23
AC3Placer,60,421,True,1.4483,4,0,1.201,0.0557,901.18,70,95,31
AC3Placer,60,422,True,1.6303,5,0,1.2461,-0.4818,615.97,49,61,21
AC3Placer,60,423,True,1.5274,4,0,1.3187,-0.1779,811.42,63,88,28
AC3Placer,60,424,True,1.6074,6,0,1.939,-0.2391,649.8,52,81,40
AC3Placer,60,425,True,1.5086,5,0,1.4316,0.2941,867.52,66,98,22
AC3Placer,60,426,True,1.6126,5,0,1.3104,-0.4844,640.6,50,68,27
AC3Placer,60,427,True,1.4899,3,0,1.192,0.174,911.87,70,103,32
AC3Placer,60,428,True,1.6245,5,0,1.3504,0.1544,625.67,50,68,27
AC3Placer,60,429,True,1.5436,2,0,1.2353,0.5912,684.56,59,78,25
AC3Placer,60,430,True,1.5329,4,0,1.4304,-0.1368,618.13,53,66,29
AC3Placer,60,431,True,1.6245,4,0,1.2196,0.175,614.97,50,51,27
AC3Placer,60,432,True,1.5156,2,0,1.6478,0.4364,747.09,59,98,24
AC3Placer,60,433,True,1.475,5,0,1.1132,0.0885,863.13,69,98,31
AC3Placer,60,434,True,1.5567,3,0,1.4571,-0.0286,722.88,57,99,29
AC3Placer,60,435,True,1.4737,5,0,1.0828,0.1397,953.26,73,90,23
AC3Placer,60,436,True,1.6245,2,0,1.3924,0.2241,589.94,50,63,29
AC3Placer,60,437,True,1.5377,4,0,1.0797,0.3491,724.97,58,72,23
AC3Placer,60,438,True,1.5363,5,0,1.3862,0.0853,745.69,61,98,23
AC3Placer,60,439,True,1.5044,2,0,1.4097,0.394,867.45,67,96,32
AC3Placer,60,440,True,1.5171,5,0,1.0779,0.0632,803.33,65,101,26
AC3Placer,60,441,True,1.5015,2,0,1.1049,-0.0457,851.88,67,87,29
AC3Placer,60,442,True,1.4936,4,0,1.3791,0.1937,889.22,69,106,30
AC3Placer,60,443,True,1.5633,4,0,1.6231,0.0647,686.65,54,91,25
AC3Placer,60,444,True,1.6003,5,0,1.2303,0.3964,627.92,51,76,27
AC3Placer,60,445,True,1.5354,4,0,1.3093,0.1083,795.38,62,81,31
AC3Placer,60,446,True,1.6248,3,0,1.2528,0.4059,588.37,49,67,28
AC3Placer,60,447,True,1.5609,4,1,0.904,0.0929,737.96,58,85,26
AC3Placer,60,448,True,1.5627,2,0,1.3727,0.1338,697.98,57,86,28
AC3Placer,60,449,True,1.4841,2,0,1.0612,0.1039,915.0,70,90,27
AC3Placer,60,450,True,1.5769,4,0,0.9983,0.3705,644.56,55,70,31
AC3Placer,60,451,True,1.5193,6,0,1.5193,-0.0457,788.14,63,93,31
AC3Placer,60,452,True,1.5532,2,0,0.9596,-0.0725,697.77,58,80,25
AC3Placer,60,453,True,1.491,3,0,1.3363,-0.1508,888.06,69,112,27
AC3Placer,60,454,True,1.5668,3,0,1.6043,0.1909,693.51,56,87,29
AC3Placer,60,455,True,1.6079,2,0,1.5809,0.257,638.9,51,74,26
AC3Placer,60,456,True,1.52,3,0,1.2412,0.1714,821.63,64,90,22
AC3Placer,60,457,True,1.4738,2,0,1.561,0.1676,896.09,70,101,21
AC3Placer,60,458,True,1.5171,4,0,1.5683,0.186,812.96,65,102,28
AC3Placer,60,459,True,1.6619,3,0,1.5289,0.1618,550.14,45,57,18
AC3Placer,60,460,True,1.6822,5,0,1.7685,0.2393,511.41,43,59,29
AC3Placer,60,461,True,1.4702,5,0,1.4324,0.1312,679.53,56,94,32
AC3Placer,60,462,True,1.6165,3,0,1.7193,0.3942,594.02,49,73,33
AC3Placer,60,463,True,1.5224,4,0,1.1228,0.1785,836.79,64,93,28
AC3Placer,60,464,True,1.4701,3,0,1.5525,0.1974,899.33,72,104,28
AC3Placer,60,465,True,1.5023,4,0,1.2611,-0.0385,728.29,59,93,20
AC3Placer,60,466,True,1.4943,4,0,1.5009,-0.2632,862.36,68,110,28
AC3Placer,60,467,True,1.4852,6,0,1.6483,-0.0277,819.83,65,89,42
AC3Placer,60,468,True,1.5415,2,0,1.7904,0.0336,785.81,61,93,33
AC3Placer,60,469,True,1.4702,6,0,0.8526,0.1399,944.45,74,91,19
AC3Placer,60,470,True,1.5052,4,0,1.4433,0.2372,787.08,62,94,27
AC3Placer,60,471,True,1.6196,2,0,1.3016,0.2195,599.57,48,59,33
AC3Placer,60,472,True,1.5492,3,0,1.4955,0.4195,723.04,59,83,32
AC3Placer,60,473,True,1.5529,3,0,1.5461,0.1985,744.11,59,98,30
AC3Placer,60,474,True,1.6426,4,0,1.3177,-0.1929,581.95,48,78,23
AC3Placer,60,475,True,1.6248,3,1,0.9846,0.5851,596.97,49,74,22
AC3Placer,60,476,True,1.4581,3,0,0.8329,0.1677,874.59,70,77,39
AC3Placer,60,477,True,1.5447,3,0,1.3833,0.2235,767.39,60,90,31
AC3Placer,60,478,True,1.5242,4,0,1.3928,0.1611,794.62,63,95,34
AC3Placer,60,479,True,1.4942,3,0,1.6483,0.0525,791.15,62,102,41
AC3Placer,60,480,True,1.5436,4,0,1.2933,0.1368,737.75,59,69,29
AC3Placer,60,481,True,1.4395,2,0,1.1983,0.3243,1043.78,81,101,28
AC3Placer,60,482,True,1.4495,3,0,1.0336,-0.0439,931.21,74,110,26
AC3Placer,60,483,True,1.5532,2,0,1.2452,0.1474,702.83,58,91,27
AC3Placer,60,484,True,1.4466,3,0,1.0422,0.5557,883.46,69,81,36
AC3Placer,60,485,True,1.5398,2,0,1.1954,0.087,770.49,61,96,34
AC3Placer,60,486,True,1.5108,3,0,1.2498,0.0582,826.37,66,98,29
AC3Placer,60,487,True,1.592,3,1,1.6454,-0.0653,672.31,53,81,35
AC3Placer,60,488,True,1.5989,3,0,1.8327,0.2027,671.25,53,77,34
AC3Placer,60,489,True,1.5834,4,0,0.9474,0.1321,702.14,55,73,19
AC3Placer,60,490,True,1.4936,3,0,1.5833,0.3708,862.96,69,104,34
AC3Placer,60,491,True,1.4847,3,0,1.1256,0.126,893.38,71,90,24
AC3Placer,60,492,True,1.4973,2,0,1.1726,-0.2135,853.91,67,97,31
AC3Placer,60,493,True,1.5126,3,0,1.1536,0.2474,796.39,65,79,27
AC3Placer,60,494,True,1.572,5,0,1.051,0.4647,700.23,56,76,22
AC3Placer,60,495,True,1.5129,3,1,1.3651,-0.1333,811.42,63,84,23
AC3Placer,60,496,True,1.4654,4,0,1.37,0.2491,966.71,75,113,30
AC3Placer,60,497,True,1.5609,4,0,1.4379,-0.1298,729.54,58,95,31
AC3Placer,60,498,True,1.4927,4,0,1.6404,-0.4613,752.8,61,100,32
AC3Placer,60,499,True,1.585,3,0,1.2681,-0.0782,652.65,53,81,35
AC3Placer,60,500,True,1.4916,3,0,1.8833,-0.3429,850.71,67,118,37
AC3Placer,60,501,True,1.5156,3,0,1.2649,0.1654,822.44,65,96,43
AC3Placer,60,502,True,1.4591,4,0,0.8181,0.3008,817.55,64,77,30
AC3Placer,60,503,True,1.4678,4,0,1.2888,0.1071,979.84,73,106,17
AC3Placer,60,504,True,1.5386,3,0,1.7525,0.0931,687.42,57,90,23
AC3Placer,60,505,True,1.4501,7,0,1.3908,0.0217,963.55,77,112,23
AC3Placer,60,506,True,1.4759,4,0,1.219,-0.0277,858.79,67,92,32
AC3Placer,60,507,True,1.5532,4,0,1.2738,0.0917,740.04,58,81,30
AC3Placer,60,508,True,1.5769,5,0,1.7851,-0.1331,690.17,55,100,26
AC3Placer,60,509,True,1.4841,2,0,1.561,0.0338,902.96,70,101,32
AC3Placer,60,510,True,1.508,3,0,0.9221,0.4765,843.77,65,93,26
AC3Placer,60,511,True,1.558,6,0,1.4914,0.3805,703.13,58,87,36
AC3Placer,60,512,True,1.4621,2,0,0.7691,-0.0029,953.92,75,93,21
AC3Placer,60,513,True,1.5609,2,0,1.157,-0.3242,729.45,58,78,20
AC3Placer,60,514,True,1.5532,3,0,1.3867,0.3065,739.07,58,89,28
AC3Placer,60,515,True,1.5058,5,0,1.0911,0.0896,810.8,67,90,31
AC3Placer,60,516,True,1.4666,2,0,1.7355,0.0909,890.7,70,106,30
AC3Placer,60,517,True,1.558,5,0,1.4462,-0.1669,726.7,58,81,27
AC3Placer,60,518,True,1.4721,4,0,1.149,-0.0725,926.34,71,103,19
AC3Placer,60,519,True,1.7161,3,0,2.0048,0.3891,484.63,41,60,29
AC3Placer,60,520,True,1.5666,4,0,1.7587,-0.314,698.08,57,104,26
AC3Placer,60,521,True,1.4702,4,0,2.0635,0.0631,786.91,63,126,45
AC3Placer,60,522,True,1.5145,3,0,1.5715,0.4757,769.13,62,95,27
AC3Placer,60,523,True,1.4998,3,0,1.7642,0.1022,819.33,66,119,28
AC3Placer,60,524,True,1.5386,4,0,0.9307,-0.0547,701.04,57,72,19
AC3Placer,60,525,True,1.5609,5,0,1.4411,0.0321,724.53,58,74,27
AC3Placer,60,526,True,1.5464,5,0,1.8754,-0.0098,732.58,58,97,25
AC3Placer,60,527,True,1.5193,2,0,1.4422,0.2221,812.08,63,87,27
AC3Placer,60,528,True,1.4998,2,0,1.338,0.012,876.07,68,103,28
AC3Placer,60,529,True,1.5567,6,0,1.7144,-0.0686,674.22,57,91,24
AC3Placer,60,530,True,1.5107,3,0,1.0369,0.1909,809.76,64,77,25
AC3Placer,60,531,True,1.6062,3,0,1.25,0.1269,644.53,52,78,24
AC3Placer,60,532,True,1.6003,3,0,1.714,-0.0417,613.55,51,93,27
AC3Placer,60,533,True,1.558,4,0,1.0276,0.0098,706.51,58,67,25
AC3Placer,60,534,True,1.4796,5,0,0.8263,0.0226,915.93,70,89,25
AC3Placer,60,535,True,1.5108,4,0,1.4621,0.3922,841.35,66,99,29
AC3Placer,60,536,True,1.5362,4,0,1.2904,0.0351,746.35,59,72,23
AC3Placer,60,537,True,1.4482,3,0,1.8239,0.1452,822.92,65,113,39
AC3Placer,60,538,True,1.5966,5,0,1.3265,-0.2165,629.11,53,67,27
AC3Placer,60,539,True,1.5989,3,0,1.231,-0.174,618.89,53,79,23
AC3Placer,60,540,True,1.5492,4,0,1.6817,0.1035,718.21,59,98,31
AC3Placer,60,541,True,1.4646,2,0,1.5208,0.3087,908.49,72,90,36
AC3Placer,60,542,True,1.4701,4,0,1.5122,0.3197,944.49,72,93,39
AC3Placer,60,543,True,1.5686,5,0,1.044,0.2214,734.0,57,73,23
AC3Placer,60,544,True,1.4977,4,0,1.3917,0.0577,854.21,68,107,33
AC3Placer,60,545,True,1.5915,5,0,1.3744,-0.1264,632.92,49,58,25
AC3Placer,60,546,True,1.4501,3,0,1.0197,0.06,992.56,77,123,36
AC3Placer,60,547,True,1.5187,3,0,1.4266,0.4932,684.24,54,86,33
AC3Placer,60,548,True,1.5769,5,0,1.0823,-0.0989,678.42,55,79,24
AC3Placer,60,549,True,1.5242,7,0,1.6436,-0.3368,752.58,61,105,30
AC3Placer,60,550,True,1.4738,4,0,1.102,0.3292,895.34,70,100,32
AC3Placer,60,551,True,1.5913,3,0,1.2116,-0.1414,684.26,54,79,27
AC3Placer,60,552,True,1.6369,3,0,1.3746,0.2363,593.83,48,73,27
AC3Placer,60,553,True,1.529,5,0,1.29,0.3772,776.58,63,82,27
AC3Placer,60,554,True,1.4666,3,0,1.6049,0.1368,888.41,70,114,39
AC3Placer,60,555,True,1.5447,4,0,1.8608,-0.2351,737.87,60,99,25
AC3Placer,60,556,True,1.5274,2,0,1.7732,-0.0774,796.21,63,93,39
AC3Placer,60,557,True,1.6557,5,0,1.5241,0.1455,503.1,46,61,23
AC3Placer,60,558,True,1.52,6,0,0.8982,0.4559,826.23,64,79,19
AC3Placer,60,559,True,1.5058,3,0,1.6529,0.1299,862.36,67,101,36
AC3Placer,60,560,True,1.6192,5,0,2.0116,0.3099,615.95,50,89,23
AC3Placer,60,561,True,1.5321,5,0,1.3374,0.5039,779.0,62,87,24
AC3Placer,60,562,True,1.5813,4,1,1.0027,0.1374,647.22,54,64,18
AC3Placer,60,563,True,1.5668,2,0,1.2114,-0.0989,703.87,56,73,22
AC3Placer,60,564,True,1.5259,3,0,1.3122,-0.1639,759.61,60,106,27
AC3Placer,60,565,True,1.4591,4,0,1.2031,0.2797,805.3,64,88,27
AC3Placer,60,566,True,1.4944,5,0,1.3505,0.0361,875.49,65,103,27
AC3Placer,60,567,True,1.5474,3,0,1.35,-0.3368,782.47,60,90,22
AC3Placer,60,568,True,1.4517,4,0,1.1474,0.0515,1009.63,78,117,27
AC3Placer,60,569,True,1.4998,4,0,0.9152,0.1035,901.91,68,84,29
AC3Placer,60,570,True,1.5902,6,0,1.5449,0.0649,664.94,54,79,26
AC3Placer,60,571,True,1.5086,2,0,1.9357,0.3052,850.76,66,106,37
AC3Placer,60,572,True,1.4654,5,0,1.578,0.3844,954.6,75,107,25
AC3Placer,60,573,True,1.5547,5,0,1.7254,0.0415,713.52,59,96,37
AC3Placer,60,574,True,1.4713,2,0,1.3421,0.0426,916.51,73,105,34
AC3Placer,60,575,True,1.4643,5,0,1.3049,0.2677,840.66,66,82,26
AC3Placer,60,576,True,1.5321,6,0,1.5983,-0.0208,789.45,62,88,33
AC3Placer,60,577,True,1.5436,4,0,1.2583,0.2304,768.73,59,83,29
AC3Placer,60,578,True,1.52,2,0,1.2803,-0.0441,822.02,64,98,27
AC3Placer,60,579,True,1.4336,2,0,1.3504,0.1807,1009.24,78,104,32
AC3Placer,60,580,True,1.4713,4,0,1.1679,0.0354,943.99,73,101,31
AC3Placer,60,581,True,1.6331,4,0,1.8367,-0.1036,591.93,49,84,23
AC3Placer,60,582,True,1.5171,5,0,1.6175,0.1293,848.77,65,106,29
AC3Placer,60,583,True,1.5023,3,0,1.0261,0.2035,739.0,59,85,31
AC3Placer,60,584,True,1.4936,6,0,1.4522,0.153,900.31,69,112,34
AC3Placer,60,585,True,1.5686,2,0,1.4761,-0.0175,713.73,57,88,29
AC3Placer,60,586,True,1.5398,3,0,1.2631,-0.0902,759.55,61,95,30
AC3Placer,60,587,True,1.5609,4,0,1.3832,0.2853,731.92,58,83,22
AC3Placer,60,588,True,1.487,4,0,1.0817,0.3248,859.56,69,97,28
AC3Placer,60,589,True,1.4625,3,1,1.5501,0.3765,761.49,61,85,35
AC3Placer,60,590,True,1.6079,5,0,1.6201,-0.4289,643.01,51,91,34
AC3Placer,60,591,True,1.4744,5,0,1.5461,0.3187,924.9,72,115,37
AC3Placer,60,592,True,1.4325,5,0,1.0452,0.4636,818.48,65,67,26
AC3Placer,60,593,True,1.5532,4,0,1.1914,0.114,735.93,58,78,23
AC3Placer,60,594,True,1.5812,3,0,1.1656,-0.1056,695.03,55,73,34
AC3Placer,60,595,True,1.4395,3,1,1.1111,0.2298,1058.25,81,117,36
AC3Placer,60,596,True,1.5812,2,0,1.3005,-0.1794,693.94,55,79,32
AC3Placer,60,597,True,1.6297,6,0,1.6458,0.0234,594.3,48,84,31
AC3Placer,60,598,True,1.6297,5,0,1.276,-0.05,545.5,48,78,18
AC3Placer,60,599,True,1.5279,6,0,1.6277,0.1551,778.2,62,99,34
AC3Placer,60,600,True,1.4621,2,0,1.3412,0.1225,958.51,75,109,28
AC3Placer,60,601,True,1.6231,6,0,1.3296,-0.182,636.68,50,76,28
AC3Placer,60,602,True,1.4748,3,0,1.1462,-0.1188,965.87,73,103,36
AC3Placer,60,603,True,1.5474,5,0,1.2164,0.3324,800.58,60,91,23
AC3Placer,60,604,True,1.4523,7,0,1.0478,0.1124,990.87,76,98,30
AC3Placer,60,605,True,1.5761,3,0,1.7538,0.0423,711.79,56,94,31
AC3Placer,60,606,True,1.6918,4,0,1.6526,-0.3758,474.52,41,66,26
AC3Placer,60,607,True,1.6557,4,0,1.4768,-0.1297,571.35,46,85,25
AC3Placer,60,608,True,1.4482,4,0,1.3269,-0.0842,823.93,65,98,28
AC3Placer,60,609,True,1.5398,4,0,1.527,0.1277,790.3,61,89,34
AC3Placer,60,610,True,1.4713,6,0,1.6367,-0.0947,934.34,73,102,30
AC3Placer,60,611,True,1.4654,6,0,1.2356,-0.033,957.61,75,110,32
AC3Placer,60,612,True,1.5126,5,0,1.3884,0.22,835.13,65,98,33
AC3Placer,60,613,True,1.5415,3,0,1.2696,-0.098,757.7,61,81,22
AC3Placer,60,614,True,1.4658,3,0,1.3462,0.007,919.23,71,103,28
AC3Placer,60,615,True,1.6126,5,0,1.6756,0.1596,638.95,50,81,31
AC3Placer,60,616,True,1.4728,5,0,1.0146,0.0772,830.75,64,78,22
AC3Placer,60,617,True,1.4433,3,1,0.8994,-0.0085,1032.44,80,102,27
AC3Placer,60,618,True,1.4621,4,0,1.0976,-0.2357,965.18,75,99,20
AC3Placer,60,619,True,1.6367,3,0,1.008,0.0711,551.15,46,57,21
AC3Placer,60,620,True,1.4932,2,0,1.1582,-0.1097,845.88,66,97,37
AC3Placer,60,621,True,1.6231,3,0,1.5104,0.3235,621.29,50,82,30
AC3Placer,60,622,True,1.6074,3,0,1.9508,0.4608,645.36,52,87,28
AC3Placer,60,623,True,1.6165,2,0,1.7518,-0.0286,612.2,49,78,28
AC3Placer,60,624,True,1.5812,2,0,1.8724,0.3518,675.86,55,89,33
AC3Placer,60,625,True,1.4916,2,0,1.2555,0.2445,857.2,67,94,28
AC3Placer,60,626,True,1.5126,4,0,2.0298,0.1723,812.63,65,102,36
AC3Placer,60,627,True,1.5812,4,0,1.2383,-0.2246,703.38,55,92,40
AC3Placer,60,628,True,1.5474,4,0,1.5497,0.3772,767.86,60,91,23
AC3Placer,60,629,True,1.4737,3,0,1.3323,-0.047,949.65,73,118,46
AC3Placer,60,630,True,1.5041,4,0,1.5289,-0.1642,769.47,60,104,34
AC3Placer,60,631,True,1.4845,3,0,1.6627,-0.1308,865.02,67,110,27
AC3Placer,60,632,True,1.5398,3,0,1.4577,0.0791,772.77,61,87,36
AC3Placer,60,633,True,1.5705,5,0,1.5352,-0.0418,692.1,55,74,20
AC3Placer,60,634,True,1.6248,2,0,2.2241,0.1696,621.89,49,97,39
AC3Placer,60,635,True,1.5345,3,0,1.5276,0.2974,796.27,62,100,26
AC3Placer,60,636,True,1.7329,3,0,1.2999,-0.1818,411.36,38,55,18
AC3Placer,60,637,True,1.5052,4,0,1.1137,0.4117,808.2,62,73,28
AC3Placer,60,638,True,1.5705,3,0,2.1488,0.1842,711.57,55,100,30
AC3Placer,60,639,True,1.4847,4,0,1.3144,0.2538,932.09,71,101,32
AC3Placer,60,640,True,1.5044,2,0,1.7082,0.0954,845.95,67,96,26
AC3Placer,60,641,True,1.6196,6,0,1.51,-0.0464,573.02,48,59,19
AC3Placer,60,642,True,1.5171,5,0,1.2317,-0.3368,824.76,65,101,26
AC3Placer,60,643,True,1.5609,3,0,1.2699,0.4602,750.14,58,80,37
AC3Placer,60,644,True,1.4442,4,0,0.8841,0.3389,881.21,68,88,24
AC3Placer,60,645,True,1.5005,5,1,1.4126,0.414,888.02,68,94,26
AC3Placer,60,646,True,1.4916,2,0,1.1985,0.4101,849.69,67,95,34
AC3Placer,60,647,True,1.3949,4,0,0.7324,0.3962,900.12,70,81,30
AC3Placer,60,648,True,1.5492,3,0,1.6237,0.1421,672.86,59,96,30
AC3Placer,60,649,True,1.5402,5,0,1.2364,0.05,752.22,60,83,26
AC3Placer,60,650,True,1.475,3,0,0.9456,0.1805,862.64,69,80,33
AC3Placer,60,651,True,1.5618,4,0,1.2393,-0.0217,732.81,58,93,30
AC3Placer,60,652,True,1.4817,3,0,1.2922,0.3236,856.04,69,101,37
AC3Placer,60,653,True,1.461,3,0,0.9885,0.4091,951.56,74,101,31
AC3Placer,60,654,True,1.5058,4,0,1.3776,0.0525,831.67,67,106,40
AC3Placer,60,655,True,1.5686,2,0,1.3007,0.1496,728.75,57,83,24
AC3Placer,60,656,True,1.5609,2,0,1.5247,0.4338,692.47,58,85,33
AC3Placer,60,657,True,1.5402,5,0,1.0956,-0.0956,737.66,60,76,25
AC3Placer,60,658,True,1.5508,5,0,1.0617,0.0794,688.09,54,84,22
AC3Placer,60,659,True,1.6478,5,0,1.9457,-0.1382,600.88,46,69,27
AC3Placer,60,660,True,1.5447,4,0,0.9456,-0.0346,766.28,60,74,24
AC3Placer,60,661,True,1.4701,3,0,1.5802,0.1774,933.76,72,104,39
AC3Placer,60,662,True,1.5363,4,0,0.9664,-0.0907,764.42,61,69,21
AC3Placer,60,663,True,1.5108,3,0,1.4915,0.1702,811.97,66,97,21
AC3Placer,60,664,True,1.5609,3,0,1.3805,-0.1825,733.43,58,82,30
AC3Placer,60,665,True,1.4977,3,0,1.5128,0.1173,857.79,68,99,26
AC3Placer,60,666,True,1.4977,5,0,1.7186,0.1157,833.9,68,105,34
AC3Placer,60,667,True,1.4459,5,0,1.0659,0.0059,999.78,77,125,21
AC3Placer,60,668,True,1.5618,6,0,2.0873,-0.0737,649.3,55,99,33
AC3Placer,60,669,True,1.461,5,0,1.2251,0.2442,960.47,76,102,31
AC3Placer,60,670,True,1.5436,5,0,1.7777,-0.0306,747.28,59,99,29
AC3Placer,60,671,True,1.5619,4,0,0.925,0.1225,646.13,51,63,31
AC3Placer,60,672,True,1.5398,5,0,1.964,0.1,747.0,61,106,25
AC3Placer,60,673,True,1.4977,3,0,1.346,0.1393,829.22,68,112,21
AC3Placer,60,674,True,1.5402,5,0,1.6497,-0.2198,752.77,60,101,23
AC3Placer,60,675,True,1.4658,4,0,1.5961,0.2747,883.54,71,112,34
AC3Placer,60,676,True,1.551,3,0,1.7805,0.3263,692.14,55,97,28
AC3Placer,60,677,True,1.5274,3,0,1.2235,-0.0912,812.59,63,88,26
AC3Placer,60,678,True,1.5812,4,0,1.317,0.3602,657.26,55,91,29
AC3Placer,60,679,True,1.5274,3,0,1.2326,0.12,799.09,63,97,36
AC3Placer,60,680,True,1.4643,3,0,1.4478,0.3374,964.65,75,109,36
AC3Placer,60,681,True,1.4949,4,0,1.5833,0.1769,826.05,63,95,34
AC3Placer,60,682,True,1.5171,5,0,1.147,-0.1745,781.29,65,87,27
AC3Placer,60,683,True,1.6303,5,0,1.3928,0.6409,634.91,49,74,23
AC3Placer,60,684,True,1.5751,4,0,1.3568,0.2772,711.54,56,83,36
AC3Placer,60,685,True,1.5666,3,0,1.5826,0.2338,692.62,57,87,25
AC3Placer,60,686,True,1.4893,3,0,1.5927,-0.4437,900.96,70,104,38
AC3Placer,60,687,True,1.5966,5,0,1.2268,-0.2647,678.73,53,76,23
AC3Placer,60,688,True,1.5354,4,0,1.4071,-0.0156,782.72,62,97,25
AC3Placer,60,689,True,1.5242,5,0,1.7511,-0.2174,794.02,63,113,36
AC3Placer,60,690,True,1.4932,4,0,1.1534,0.0417,816.64,66,104,30
AC3Placer,60,691,True,1.507,4,0,1.216,0.093,627.94,52,64,27
AC3Placer,60,692,True,1.5193,4,0,1.742,0.0819,782.13,63,122,27
AC3Placer,60,693,True,1.4998,4,0,1.3674,0.2055,851.95,68,101,32
AC3Placer,60,694,True,1.5398,4,0,1.046,0.4676,773.07,61,77,27
AC3Placer,60,695,True,1.5812,4,0,1.4843,-0.1727,678.77,55,80,43
AC3Placer,60,696,True,1.4893,3,0,1.2335,-0.4455,909.57,70,96,18
AC3Placer,60,697,True,1.5766,6,0,1.7924,-0.0765,649.84,50,87,23
AC3Placer,60,698,True,1.4845,3,0,1.4141,0.4361,858.34,67,100,33
AC3Placer,60,699,True,1.585,3,0,1.7109,-0.3358,667.23,53,85,29
AC3Placer,60,700,True,1.4574,3,0,0.6793,0.7059,906.6,69,72,18
AC3Placer,60,701,True,1.4973,3,0,1.0016,0.1393,862.4,67,90,30
AC3Placer,60,702,True,1.6518,3,0,1.981,0.2059,570.96,47,76,27
AC3Placer,60,703,True,1.529,4,0,1.6997,0.17,809.57,63,101,36
AC3Placer,60,704,True,1.5156,6,0,1.4376,0.2611,829.12,65,111,28
AC3Placer,60,705,True,1.6155,4,0,1.6148,-0.1029,630.97,51,72,23
AC3Placer,60,706,True,1.5242,3,0,1.036,0.0406,799.88,63,89,32
AC3Placer,60,707,True,1.487,3,0,1.1762,-0.0357,842.24,69,101,22
AC3Placer,60,708,True,1.5915,3,0,2.1224,-0.0754,623.2,49,98,30
AC3Placer,60,709,True,1.5224,4,0,1.3193,0.2036,830.97,64,106,31
AC3Placer,60,710,True,1.4621,3,0,0.6869,-0.1667,976.75,75,81,30
AC3Placer,60,711,True,1.487,4,0,1.0842,-0.0754,906.84,69,98,27
AC3Placer,60,712,True,1.4336,3,0,1.3466,0.0781,1026.91,78,111,40
AC3Placer,60,713,True,1.4755,2,0,1.3629,0.5356,883.84,66,93,28
AC3Placer,60,714,True,1.6428,3,0,1.2811,0.1022,586.78,47,62,25
AC3Placer,60,715,True,1.4958,6,0,2.1274,0.2185,711.71,57,93,28
AC3Placer,60,716,True,1.5224,5,0,0.8516,0.2698,697.95,55,58,24
AC3Placer,60,717,True,1.6685,5,0,1.2573,0.1394,571.51,45,53,16
AC3Placer,60,718,True,1.495,2,0,1.0615,0.3506,821.66,64,98,28
AC3Placer,60,719,True,1.5415,3,0,1.1814,0.2791,762.32,61,83,19
AC3Placer,60,720,True,1.5377,4,0,1.4272,0.1561,805.25,58,77,32
AC3Placer,60,721,True,1.4713,2,0,0.6489,-0.1324,1113.36,73,95,27
AC3Placer,60,722,True,1.4927,5,0,0.6885,0.2384,857.78,61,61,26
AC3Placer,60,723,True,1.5155,4,0,1.0933,-0.0568,802.23,61,79,26
AC3Placer,60,724,True,1.5052,4,0,0.9732,0.0507,789.37,62,79,39
AC3Placer,60,725,True,1.6518,5,0,1.0874,0.2425,582.71,47,65,30
AC3Placer,60,726,True,1.4478,3,0,0.9444,-0.1736,1012.84,79,109,23
AC3Placer,60,727,True,1.5436,3,0,1.2801,-0.2132,756.49,59,80,20
AC3Placer,60,728,True,1.5363,3,0,1.1384,0.3848,774.38,61,81,23
AC3Placer,60,729,True,1.4158,4,0,1.1107,0.0526,876.46,68,92,23
AC3Placer,60,730,True,1.5532,3,0,1.4566,-0.011,751.55,58,88,24
AC3Placer,60,731,True,1.5041,4,0,1.4542,0.0324,737.55,60,105,28
AC3Placer,60,732,True,1.4667,4,0,1.1148,0.2602,894.89,68,93,28
AC3Placer,60,733,True,1.6369,5,0,1.5412,-0.2324,575.35,48,73,25
AC3Placer,60,734,True,1.5618,3,1,1.4177,0.2219,723.03,58,83,30
AC3Placer,60,735,True,1.6822,4,0,1.2104,0.4167,536.03,43,59,27
AC3Placer,60,736,True,1.6758,4,0,1.4189,0.1105,557.56,44,61,26
AC3Placer,60,737,True,1.5618,3,0,1.4197,0.1308,716.52,58,84,26
AC3Placer,60,738,True,1.4973,4,0,1.1593,-0.1175,869.52,67,92,22
AC3Placer,60,739,True,1.5705,4,0,1.1914,-0.0561,674.0,55,79,34
AC3Placer,60,740,True,1.6297,2,0,1.7014,-0.0331,598.52,48,68,32
AC3Placer,60,741,True,1.5913,2,0,1.5408,0.3891,687.37,54,85,25
AC3Placer,60,742,True,1.4796,4,0,1.2214,0.1169,882.82,70,105,33
AC3Placer,60,743,True,1.5596,4,0,1.4487,0.1053,703.29,56,77,29
AC3Placer,60,744,True,1.4796,6,0,1.102,0.2626,891.02,70,100,32
AC3Placer,60,745,True,1.5363,5,0,1.5249,0.4409,777.11,61,111,32
AC3Placer,60,746,True,1.4799,4,0,1.1989,0.2846,910.74,72,97,27
AC3Placer,60,747,True,1.4977,4,0,1.6858,0.0623,872.48,68,107,39
AC3Placer,60,748,True,1.4998,4,0,0.8338,0.3579,835.98,66,80,26
AC3Placer,60,749,True,1.4562,2,0,1.2223,0.2945,828.51,68,82,25
AC3Placer,60,750,True,1.5686,3,0,1.5796,0.2074,685.04,57,82,25
AC3Placer,60,751,True,1.5015,5,0,0.9321,0.2445,862.8,67,96,28
AC3Placer,60,752,True,1.5686,5,0,1.3727,0.3738,706.77,57,86,36
AC3Placer,60,753,True,1.6478,5,0,1.7698,0.2965,556.01,46,71,26
AC3Placer,60,754,True,1.4244,5,0,0.9257,-0.0548,902.2,70,112,32
AC3Placer,60,755,True,1.4231,2,0,1.068,0.295,1056.21,85,113,31
AC3Placer,60,756,True,1.5162,4,0,1.6228,-0.0484,801.47,64,93,30
AC3Placer,60,757,True,1.5156,7,0,1.2024,0.5035,828.87,65,100,30
AC3Placer,60,758,True,1.5321,5,0,1.8442,0.1435,783.16,62,107,39
AC3Placer,60,759,True,1.5312,4,0,1.0707,-0.3786,787.92,61,76,26
AC3Placer,60,760,True,1.5609,4,0,1.5936,0.4809,708.66,58,85,35
AC3Placer,60,761,True,1.5242,3,0,0.968,0.1985,823.61,63,71,23
AC3Placer,60,762,True,1.4679,5,0,1.3901,0.2777,973.67,74,100,34
AC3Placer,60,763,True,1.5492,5,0,1.2629,0.3143,718.35,59,100,22
AC3Placer,60,764,True,1.5279,5,0,1.4425,0.2281,767.31,62,91,37
AC3Placer,60,765,True,1.4414,3,0,1.2029,0.3495,995.28,76,138,31
AC3Placer,60,766,True,1.5005,4,0,1.3088,0.2242,848.76,68,102,46
AC3Placer,60,767,True,1.5966,4,0,1.1072,0.0029,678.89,53,74,23
AC3Placer,60,768,True,1.505,5,0,1.272,-0.013,854.68,66,93,32
AC3Placer,60,769,True,1.522,5,0,1.4071,0.1311,767.34,62,89,30
AC3Placer,60,770,True,1.7449,4,0,1.723,0.4529,453.49,38,58,18
AC3Placer,60,771,True,1.4757,2,0,1.2422,0.2299,881.52,68,96,30
AC3Placer,60,772,True,1.5363,5,0,1.4297,-0.4321,766.55,61,90,31
AC3Placer,60,773,True,1.4943,5,0,1.5701,0.1368,835.4,68,98,27
AC3Placer,60,774,True,1.5402,4,0,2.0431,-0.2016,756.02,60,95,30
AC3Placer,60,775,True,1.6079,6,0,1.3872,0.1127,645.42,51,76,28
AC3Placer,60,776,True,1.5129,3,0,1.3913,0.2286,786.32,63,97,27
AC3Placer,60,777,True,1.4646,3,0,1.5802,0.1403,928.47,72,112,30
AC3Placer,60,778,True,1.5362,5,0,0.9922,0.3294,760.09,59,92,23
AC3Placer,60,779,True,1.5492,5,0,1.5898,0.3292,774.37,59,96,36
AC3Placer,60,780,True,1.4893,3,0,0.9682,0.3086,922.29,70,94,31
AC3Placer,60,781,True,1.475,4,0,1.0624,0.54,890.34,69,87,32
AC3Placer,60,782,True,1.529,6,0,1.2698,0.2662,790.97,63,84,24
AC3Placer,60,783,True,1.4757,4,0,1.4245,0.0803,887.31,68,105,36
AC3Placer,60,784,True,1.5005,4,0,1.2723,-0.3729,864.4,68,89,25
AC3Placer,60,785,True,1.5474,2,0,1.3067,0.2012,761.26,60,84,26
AC3Placer,60,786,True,1.5609,4,0,1.1094,0.1765,711.09,58,84,24
AC3Placer,60,787,True,1.5171,3,0,1.5825,0.0977,793.14,65,88,35
AC3Placer,60,788,True,1.536,4,0,2.1111,0.1123,679.29,54,90,22
AC3Placer,60,789,True,1.5193,3,0,1.2945,-0.2366,799.39,63,91,35
AC3Placer,60,790,True,1.6712,2,0,1.5024,0.2219,507.96,43,67,33
AC3Placer,60,791,True,1.558,3,0,1.4379,0.1847,730.89,58,95,32
AC3Placer,60,792,True,1.5398,4,0,1.1674,-0.2321,782.83,61,93,20
AC3Placer,60,793,True,1.5869,4,0,1.582,-0.3774,688.69,54,83,34
AC3Placer,60,794,True,1.5532,5,0,1.4542,0.2054,725.71,58,84,27
AC3Placer,60,795,True,1.4003,4,0,1.1188,0.3838,911.24,71,89,28
AC3Placer,60,796,True,1.5279,4,0,1.5559,-0.3053,804.63,62,101,24
AC3Placer,60,797,True,1.5156,4,0,1.7008,0.3506,823.6,65,108,28
AC3Placer,60,798,True,1.5155,4,0,1.9635,0.3831,758.92,61,101,29
AC3Placer,60,799,True,1.5668,2,0,1.3163,-0.0774,745.92,56,88,30
AC3Placer,60,800,True,1.4847,4,0,1.4469,0.1383,889.14,71,98,36
AC3Placer,60,801,True,1.5086,6,0,1.3085,0.2851,849.13,66,102,30
AC3Placer,60,802,True,1.5162,2,0,1.3438,0.0545,799.57,64,96,15
AC3Placer,60,803,True,1.4748,2,0,1.38,0.2857,942.74,73,99,30
AC3Placer,60,804,True,1.4977,3,0,1.7777,0.2332,863.68,68,114,31
AC3Placer,60,805,True,1.6488,4,0,1.7836,0.3526,585.92,47,80,37
AC3Placer,60,806,True,1.5464,5,0,1.2738,0.3339,741.98,58,81,36
AC3Placer,60,807,True,1.6062,4,0,1.0129,0.5245,664.91,52,67,19
AC3Placer,60,808,True,1.5415,4,0,1.2911,0.451,783.35,61,86,21
AC3Placer,60,809,True,1.4391,7,0,1.3307,0.0306,894.75,71,97,33
AC3Placer,60,810,True,1.5402,4,0,1.1164,0.1005,755.65,60,89,28
AC3Placer,60,811,True,1.529,5,0,1.737,0.3113,790.91,63,99,39
AC3Placer,60,812,True,1.463,3,0,1.7714,-0.0409,914.76,73,132,45
AC3Placer,60,813,True,1.6245,2,0,1.0884,0.0265,642.67,50,73,24
AC3Placer,60,814,True,1.5492,6,0,0.8394,0.2393,765.14,59,80,16
AC3Placer,60,815,True,1.5086,3,0,0.8533,0.0172,840.83,66,87,28
AC3Placer,60,816,True,1.5171,5,0,1.324,-0.049,841.4,65,94,20
AC3Placer,60,817,True,1.4244,4,0,1.4482,0.241,880.02,70,88,39
AC3Placer,60,818,True,1.4841,3,0,0.9643,0.4414,921.28,70,105,31
AC3Placer,60,819,True,1.6426,2,0,1.6141,0.0088,600.03,48,77,29
AC3Placer,60,820,True,1.4873,4,0,1.511,0.0826,896.95,70,116,38
AC3Placer,60,821,True,1.4393,4,0,1.3011,0.2342,1019.4,78,116,33
AC3Placer,60,822,True,1.4327,2,0,0.9963,0.3714,1026.16,79,103,24
AC3Placer,60,823,True,1.5126,4,0,1.156,0.1214,814.87,65,89,28
AC3Placer,60,824,True,1.5914,4,0,1.0644,0.286,612.24,50,67,33
AC3Placer,60,825,True,1.5633,5,0,1.7013,-0.5588,689.31,54,95,24
AC3Placer,60,826,True,1.4772,5,0,1.2168,0.1173,905.19,71,87,28
AC3Placer,60,827,True,1.4936,3,0,1.0174,0.4128,868.35,69,89,27
AC3Placer,60,828,True,1.613,3,0,1.0181,-0.0196,611.99,51,70,28
AC3Placer,60,829,True,1.4998,3,0,1.4006,0.0405,822.63,66,101,28
AC3Placer,60,830,True,1.5666,2,0,1.3598,-0.1001,718.86,57,79,28
AC3Placer,60,831,True,1.4834,4,0,1.4394,0.4585,939.43,71,96,33
AC3Placer,60,832,True,1.4406,4,0,1.7654,0.2263,1028.93,72,116,28
AC3Placer,60,833,True,1.4895,6,0,1.5335,-0.2456,889.33,68,109,27
AC3Placer,60,834,True,1.5567,2,0,1.0902,0.0441,734.76,57,83,28
AC3Placer,60,835,True,1.5156,2,0,1.3548,0.1325,840.6,65,94,40
AC3Placer,60,836,True,1.5618,3,0,1.4764,-0.207,811.32,55,77,29
AC3Placer,60,837,True,1.572,4,0,1.8214,-0.0028,715.46,56,84,31
AC3Placer,60,838,True,1.4895,5,0,1.1892,0.5322,886.65,68,99,31
AC3Placer,60,839,True,1.572,3,0,0.742,0.7483,716.09,56,79,21
AC3Placer,60,840,True,1.4474,5,0,0.9562,0.1088,995.94,76,109,23
AC3Placer,60,841,True,1.5224,2,0,1.5352,-0.0544,696.28,55,91,29
AC3Placer,60,842,True,1.4721,3,0,0.8165,0.3414,934.64,71,83,25
AC3Placer,60,843,True,1.4851,4,0,1.2775,0.4571,876.07,66,87,23
AC3Placer,60,844,True,1.6426,4,0,1.8294,-0.1299,609.73,48,75,32
AC3Placer,60,845,True,1.5005,4,0,1.9126,0.1408,905.73,68,110,39
AC3Placer,60,846,True,1.4581,4,0,1.2214,0.1961,906.32,70,105,21
AC3Placer,60,847,True,1.5474,3,0,1.14,0.003,870.52,60,84,37
AC3Placer,60,848,True,1.5834,4,0,1.3342,-0.1158,698.75,55,78,27
AC3Placer,60,849,True,1.5705,4,0,1.5293,0.3371,676.33,55,73,33
AC3Placer,60,850,True,1.4669,4,0,1.6028,0.203,833.32,62,77,27
AC3Placer,60,851,True,1.5015,2,0,1.4435,-0.0971,880.38,67,102,29
AC3Placer,60,852,True,1.5532,4,0,1.4566,0.0079,842.09,58,86,33
AC3Placer,60,853,True,1.495,3,0,1.2478,0.0935,850.21,64,93,34
AC3Placer,60,854,True,1.4261,2,0,1.21,0.1662,1091.63,80,104,33
AC3Placer,60,855,True,1.5086,3,0,1.1554,0.1835,851.79,66,103,27
AC3Placer,60,856,True,1.5596,3,0,1.4681,-0.0836,737.76,56,94,28
AC3Placer,60,857,True,1.558,4,0,1.019,0.3383,715.45,58,78,30
AC3Placer,60,858,True,1.5224,3,0,1.4336,0.2139,787.81,64,92,29
AC3Placer,60,859,True,1.508,4,0,1.8376,-0.299,865.27,65,111,24
AC3Placer,60,860,True,1.529,3,0,1.5288,0.1489,827.93,63,85,26
AC3Placer,60,861,True,1.5627,4,0,0.7485,0.1929,714.51,57,76,31
AC3Placer,60,862,True,1.6034,3,0,1.6176,0.126,628.93,50,84,31
AC3Placer,60,863,True,1.5532,3,0,1.698,0.0935,749.99,58,88,31
AC3Placer,60,864,True,1.5339,4,0,1.4156,-0.1044,729.2,60,88,21
AC3Placer,60,865,True,1.5474,3,1,1.6456,0.5706,779.89,60,86,26
AC3Placer,60,866,True,1.5813,3,0,1.69,0.2571,645.51,54,92,32
AC3Placer,60,867,True,1.4482,4,0,1.9039,-0.2352,852.79,65,121,34
AC3Placer,60,868,True,1.4744,5,0,1.4983,0.2619,960.58,72,105,33
AC3Placer,60,869,True,1.4759,3,0,1.2003,0.3333,879.02,67,88,29
AC3Placer,60,870,True,1.5487,2,0,1.4152,-0.0962,726.91,57,95,37
AC3Placer,60,871,True,1.5129,3,0,1.0738,-0.1643,805.9,63,97,23
AC3Placer,60,872,True,1.5751,3,0,1.4971,0.1491,719.31,56,87,29
AC3Placer,60,873,True,1.4646,5,0,0.9983,0.2018,951.06,72,81,24
AC3Placer,60,874,True,1.4651,3,0,1.3581,0.3258,972.78,74,111,28
AC3Placer,60,875,True,1.52,5,0,1.3906,0.2586,828.3,64,88,31
AC3Placer,60,876,True,1.6062,3,0,1.0573,-0.0031,668.94,52,77,25
AC3Placer,60,877,True,1.4757,3,0,1.2152,-0.0298,891.59,68,97,30
AC3Placer,60,878,True,1.5834,5,0,1.4202,0.23,720.78,55,92,39
AC3Placer,60,879,True,1.4554,3,0,0.9465,0.1351,1020.61,77,102,27
AC3Placer,60,880,True,1.495,5,0,1.2646,0.1519,838.83,64,82,25
AC3Placer,60,881,True,1.5402,4,1,1.5764,0.3622,801.05,60,85,29
AC3Placer,60,882,True,1.5162,3,0,1.283,0.1214,827.06,64,85,35
AC3Placer,60,883,True,1.5668,4,1,1.1527,0.1765,710.77,56,75,22
AC3Placer,60,884,True,1.7049,3,0,1.9592,-0.1333,519.95,42,66,37
AC3Placer,60,885,True,1.6876,4,0,1.1497,0.3071,519.63,42,60,29
AC3Placer,60,886,True,1.4701,4,0,1.0399,0.0607,967.22,72,93,26
AC3Placer,60,887,True,1.4523,3,0,1.2735,0.0815,1031.26,76,118,24
AC3Placer,60,888,True,1.5126,4,0,1.4684,0.1644,821.48,65,84,31
AC3Placer,60,889,True,1.6488,4,0,1.6487,0.3284,530.97,47,74,25
AC3Placer,60,890,True,1.5058,3,0,0.9668,0.1393,866.91,67,89,20
AC3Placer,60,891,True,1.4654,2,0,1.2171,0.2342,966.72,75,102,28
AC3Placer,60,892,True,1.4841,2,0,1.161,0.3755,899.27,70,101,29
AC3Placer,60,893,True,1.4679,6,0,1.4209,0.1083,960.06,74,101,28
AC3Placer,60,894,True,1.5902,3,0,1.0634,0.375,680.91,54,79,24
AC3Placer,60,895,True,1.5761,2,0,1.5867,0.2782,721.75,56,92,34
AC3Placer,60,896,True,1.5107,7,0,1.2461,0.1176,824.6,64,92,23
AC3Placer,60,897,True,1.6972,3,0,1.3923,0.5175,536.38,42,64,26
AC3Placer,60,898,True,1.4721,5,0,0.9462,0.5416,974.08,71,93,23
AC3Placer,60,899,True,1.6426,4,0,1.2917,0.4861,621.91,48,72,31
AC3Placer,60,900,True,1.4571,2,0,1.0366,0.1754,955.87,73,103,26
AC3Placer,60,901,True,1.5321,5,0,1.2435,-0.0361,853.75,62,98,21
AC3Placer,60,902,True,1.5377,2,0,0.7934,0.3338,731.85,58,75,27
AC3Placer,60,903,True,1.5321,3,1,1.5702,0.1169,847.8,62,96,28
AC3Placer,60,904,True,1.5232,2,0,1.8044,0.2808,833.96,64,113,40
AC3Placer,60,905,True,1.495,3,0,1.206,0.1451,897.66,69,105,30
AC3Placer,60,906,True,1.5363,4,0,1.5173,0.2228,797.02,61,98,25
AC3Placer,60,907,True,1.6367,4,0,1.1682,0.1441,581.76,46,78,23
AC3Placer,60,908,True,1.4493,2,0,1.2763,0.3631,963.59,71,84,25
AC3Placer,60,909,True,1.5058,3,1,1.3419,0.1173,893.35,67,108,28
AC3Placer,60,910,True,1.5609,3,0,1.4887,0.2838,749.54,58,90,29
AC3Placer,60,911,True,1.5402,2,0,1.94,0.0182,792.2,60,96,19
AC3Placer,60,912,True,1.495,5,0,1.2581,-0.086,908.96,69,98,30
AC3Placer,60,913,True,1.5618,2,0,1.162,0.5748,762.79,58,79,27
AC3Placer,60,914,True,1.5122,2,0,1.9101,0.3065,760.66,57,103,35
AC3Placer,60,915,True,1.5619,4,0,1.3756,0.1444,629.69,51,65,37
AC3Placer,60,916,True,1.585,2,0,1.3058,0.3935,663.99,53,81,36
AC3Placer,60,917,True,1.491,4,0,1.0464,-0.1298,962.79,69,95,33
AC3Placer,60,918,True,1.5686,2,0,1.1099,0.2044,779.82,57,78,22
AC3Placer,60,919,True,1.5639,4,0,1.4802,0.0485,736.99,53,73,27
AC3Placer,60,920,True,1.487,4,0,1.4106,-0.3523,925.74,69,92,40
AC3Placer,60,921,True,1.4713,5,0,1.0662,-0.1286,933.62,73,104,18
AC3Placer,60,922,True,1.487,3,0,1.2002,0.2239,908.64,69,109,33
AC3Placer,60,923,True,1.5415,5,0,1.4926,0.3186,982.0,61,95,22
AC3Placer,60,924,True,1.5145,4,0,1.1322,0.2191,871.13,62,84,31
AC3Placer,60,925,True,1.5279,3,0,0.943,0.0165,819.08,62,85,19
AC3Placer,60,926,True,1.5044,4,0,1.3816,0.4754,877.26,67,104,25
AC3Placer,60,927,True,1.529,6,0,1.8372,0.2908,835.95,63,94,28
AC3Placer,60,928,True,1.5279,3,0,1.0219,0.2012,797.3,62,96,28
AC3Placer,60,929,True,1.5229,3,0,1.6233,-0.1397,570.52,48,98,36
AC3Placer,60,930,True,1.5015,5,0,1.4712,0.0404,870.82,67,97,25
AC3Placer,60,931,True,1.5015,5,0,1.4195,-0.2429,877.42,67,111,37
AC3Placer,60,932,True,1.5633,2,0,1.7013,0.2917,687.6,54,95,25
AC3Placer,60,933,True,1.491,3,0,1.1334,0.0842,917.88,69,95,24
AC3Placer,60,934,True,1.6519,3,0,1.2277,0.1538,556.86,45,67,20
AC3Placer,60,935,True,1.6063,2,0,1.3164,-0.2747,569.55,47,84,29
AC3Placer,60,936,True,1.4415,4,0,1.1199,0.5026,966.31,73,96,30
AC3Placer,60,937,True,1.5529,3,1,1.0767,0.2441,749.07,59,80,31
AC3Placer,60,938,True,1.5107,4,0,1.0469,0.3143,827.44,64,88,29
AC3Placer,60,939,True,1.5596,3,0,1.3559,0.353,678.94,56,82,39
AC3Placer,60,940,True,1.5834,3,0,1.1934,0.0441,695.0,55,80,20
AC3Placer,60,941,True,1.4697,5,0,1.2924,0.1922,957.1,74,103,28
AC3Placer,60,942,True,1.4799,4,0,1.3563,0.4577,939.16,72,103,37
AC3Placer,60,943,True,1.4998,5,0,1.3069,-0.1691,858.54,66,95,29
AC3Placer,60,944,True,1.4895,2,0,1.274,-0.0896,906.35,68,97,40
AC3Placer,60,945,True,1.5321,3,0,1.25,0.3821,791.57,62,93,17
AC3Placer,60,946,True,1.5242,4,0,1.9403,0.3557,745.81,61,112,31
AC3Placer,60,947,True,1.4701,6,0,1.3841,0.0809,943.89,72,113,25
AC3Placer,60,948,True,1.5618,4,0,1.2542,-0.0614,688.91,55,76,34
AC3Placer,60,949,True,1.4393,3,0,1.0955,0.5119,1027.35,78,119,29
AC3Placer,60,950,True,1.5398,3,0,1.3631,0.1297,798.12,61,89,26
AC3Placer,60,951,True,1.5274,3,0,1.3595,0.0858,807.23,63,97,25
AC3Placer,60,952,True,1.5989,6,0,1.4503,0.2392,704.8,53,75,34
AC3Placer,60,953,True,1.4932,4,0,1.4943,0.2745,857.57,66,115,23
AC3Placer,60,954,True,1.6245,6,0,2.0036,0.2779,634.13,50,79,34
AC3Placer,60,955,True,1.4341,4,0,0.8399,0.1581,1036.76,77,93,30
AC3Placer,60,956,True,1.5271,3,0,1.2128,0.2393,748.45,58,84,20
AC3Placer,60,957,True,1.5145,3,0,1.3684,-0.0105,807.93,62,110,29
AC3Placer,60,958,True,1.5547,4,0,1.7415,0.1703,750.58,59,88,42
AC3Placer,60,959,True,1.5415,6,0,1.2142,0.3313,782.23,61,83,24
AC3Placer,60,960,True,1.495,3,0,1.2166,0.032,829.63,64,93,27
AC3Placer,60,961,True,1.5666,6,0,1.574,-0.1601,740.55,57,80,33
AC3Placer,60,962,True,1.5126,5,0,1.0002,-0.073,861.38,65,83,31
AC3Placer,60,963,True,1.463,4,0,1.1638,-0.187,954.24,73,94,27
AC3Placer,60,964,True,1.5321,4,0,1.2448,0.1688,789.56,62,81,31
AC3Placer,60,965,True,1.5474,3,0,1.7164,0.086,782.52,60,101,34
AC3Placer,60,966,True,1.4845,4,0,1.5023,0.4489,879.12,67,103,33
AC3Placer,60,967,True,1.505,4,0,1.123,0.1783,837.22,66,94,30
AC3Placer,60,968,True,1.5345,4,0,1.5081,0.3925,784.13,62,93,25
AC3Placer,60,969,True,1.5107,4,0,1.3281,0.3889,821.41,64,88,36
AC3Placer,60,970,True,1.5547,3,0,1.4697,0.0568,760.2,59,90,32
AC3Placer,60,971,True,1.6331,4,1,1.6143,0.0676,618.2,49,66,28
AC3Placer,60,972,True,1.4343,2,0,1.3283,0.3703,1067.45,76,112,39
AC3Placer,60,973,True,1.5711,4,0,1.125,0.1446,574.54,48,72,20
AC3Placer,60,974,True,1.5047,5,0,0.8481,0.6318,785.28,63,78,29
AC3Placer,60,975,True,1.5965,2,0,1.0129,0.2108,650.0,52,67,28
AC3Placer,60,976,True,1.6565,3,0,1.4895,0.0221,523.5,43,70,31
AC3Placer,60,977,True,1.5913,4,0,1.9163,0.1139,672.15,54,82,30
AC3Placer,60,978,True,1.508,6,0,1.2038,-0.0582,844.85,65,97,27
AC3Placer,60,979,True,1.6062,6,0,1.7881,0.2404,657.67,52,79,35
AC3Placer,60,980,True,1.5398,5,0,1.1991,0.4221,771.42,61,89,21
AC3Placer,60,981,True,1.5769,6,0,1.5187,0.2549,717.14,55,86,29
AC3Placer,60,982,True,1.5321,5,0,1.2771,-0.1772,791.59,62,81,22
AC3Placer,60,983,True,1.6367,2,0,1.8681,0.0737,575.52,46,85,34
AC3Placer,60,984,True,1.5107,4,0,0.9685,0.1228,815.02,64,97,26
AC3Placer,60,985,True,1.4391,4,0,1.3323,0.3317,907.0,71,81,42
AC3Placer,60,986,True,1.522,6,0,1.3447,0.2255,792.58,62,77,22
AC3Placer,60,987,True,1.6062,2,0,1.7101,0.2331,642.82,52,76,28
AC3Placer,60,988,True,1.5447,4,0,0.9322,-0.1321,779.91,60,82,21
AC3Placer,60,989,True,1.6079,3,0,1.5832,0.3398,633.87,51,77,34
AC3Placer,60,990,True,1.6557,4,0,1.2859,0.3893,576.93,46,65,22
AC3Placer,60,991,True,1.5171,3,0,1.2298,0.1594,860.57,65,93,33
AC3Placer,60,992,True,1.4893,4,0,1.4427,0.3247,921.15,70,111,30
AC3Placer,60,993,True,1.5162,2,0,1.2881,-0.1641,826.4,64,86,21
AC3Placer,60,994,True,1.6074,5,0,1.6494,0.0623,655.39,52,86,36
AC3Placer,60,995,True,1.5492,3,0,1.2669,-0.1538,778.34,59,89,29
AC3Placer,60,996,True,1.4701,3,0,0.9443,-0.0421,948.9,72,109,31
AC3Placer,60,997,True,1.4459,5,0,1.3405,-0.1464,998.03,77,117,19
AC3Placer,60,998,True,1.4977,5,0,0.8547,0.0987,905.27,68,88,28
AC3Placer,60,999,True,1.5686,6,0,1.0231,0.156,708.6,57,75,22
RandomPlacer,20,0,True,1.8424,-1,2,0.9796,-0.4,8.2,7,6,6
RandomPlacer,20,1,True,1.5567,-1,2,0.8163,0.5,7.91,7,10,6
RandomPlacer,20,2,True,1.3788,-1,3,0.6939,-0.8,7.7,7,8,5
RandomPlacer,20,3,True,1.9502,-1,3,0.6939,0.4857,8.01,7,8,10
RandomPlacer,20,4,True,1.6645,-1,2,0.4898,-0.5,7.48,7,5,4
RandomPlacer,20,5,True,1.5613,-1,2,0.8594,0.0,10.09,8,7,3
RandomPlacer,20,6,True,1.8424,-1,2,0.4898,0.5,8.14,7,5,7
RandomPlacer,20,7,True,1.8424,-1,1,0.5306,0.0,8.07,7,3,8
RandomPlacer,20,8,True,1.5567,-1,2,1.2653,-1.0,8.06,7,15,4
RandomPlacer,20,9,True,1.4056,-1,2,0.75,0.0,9.7,8,8,2
RandomPlacer,20,10,True,1.8424,-1,3,0.9796,0.4,7.72,7,8,8
RandomPlacer,20,11,True,1.8424,-1,1,0.7755,-1.0,8.23,7,16,3
RandomPlacer,20,12,True,1.5567,-1,2,0.4898,0.0,8.33,7,5,1
RandomPlacer,20,13,True,1.3788,-1,3,1.0612,-0.5,7.94,7,9,7
RandomPlacer,20,14,True,1.8424,-1,0,0.4898,-0.5,8.26,7,12,3
RandomPlacer,20,15,True,1.5567,-1,2,1.3878,0.0,8.26,7,10,2
RandomPlacer,20,16,True,1.5567,-1,2,0.7755,0.5,8.05,7,9,6
RandomPlacer,20,17,True,1.8113,-1,2,0.4375,1.0,9.85,8,6,4
RandomPlacer,20,18,True,1.4488,-1,1,0.6939,0.9429,7.99,7,6,10
RandomPlacer,20,19,True,1.5567,-1,2,0.9796,-0.5,8.22,7,15,5
RandomPlacer,20,20,True,1.8424,-1,1,0.8571,0.0,7.84,7,7,5
RandomPlacer,20,21,True,1.3788,-1,1,1.2653,0.0,8.36,7,8,2
RandomPlacer,20,22,True,1.6645,-1,0,1.2653,0.0,7.69,7,13,3
RandomPlacer,20,23,True,1.9502,-1,5,1.3469,0.0,8.1,7,12,2
RandomPlacer,20,24,True,1.3788,-1,3,0.5306,-0.3,8.15,7,10,7
RandomPlacer,20,25,True,1.9502,-1,2,0.5306,0.0,8.36,7,10,1
RandomPlacer,20,26,True,0.9852,-1,3,1.2653,0.0,8.06,7,8,3
RandomPlacer,20,27,True,1.8424,-1,2,1.102,-0.5,7.96,7,11,5
RandomPlacer,20,28,True,1.4488,-1,1,0.2041,0.6,8.27,7,5,12
RandomPlacer,20,29,True,1.5488,-1,5,1.3594,-0.5,9.7,8,9,3
RandomPlacer,20,30,True,1.6645,-1,1,0.5306,1.0,7.9,7,10,7
RandomPlacer,20,31,True,0.5917,-1,2,0.6939,-1.0,8.11,7,6,5
RandomPlacer,20,32,True,1.8424,-1,1,0.7755,1.0,8.03,7,9,3
RandomPlacer,20,33,True,1.5567,-1,2,1.4286,-0.2571,7.73,7,7,12
RandomPlacer,20,34,True,1.5567,-1,2,0.1224,0.6,8.22,7,1,8
RandomPlacer,20,35,True,1.5613,-1,2,0.4844,-0.5,9.46,8,13,6
RandomPlacer,20,36,True,1.3788,-1,3,0.4898,-0.8,8.02,7,5,6
RandomPlacer,20,37,True,1.9502,-1,2,0.7755,0.0,8.15,7,9,4
RandomPlacer,20,38,True,1.75,-1,0,0.5,0.0,9.26,8,12,1
RandomPlacer,20,39,True,1.8424,-1,1,0.9796,0.6,7.95,7,8,5
RandomPlacer,20,40,True,1.9502,-1,3,1.102,-1.0,8.01,7,10,5
RandomPlacer,20,41,True,1.8424,-1,1,0.7755,0.0,8.17,7,12,6
RandomPlacer,20,42,True,1.4488,-1,2,0.4898,0.8,7.98,7,2,6
RandomPlacer,20,43,True,0.8631,-1,3,1.551,-0.8,8.09,7,8,7
RandomPlacer,20,44,True,1.8424,-1,3,0.4898,-0.1,8.1,7,5,8
RandomPlacer,20,45,True,1.6645,-1,1,0.6939,-0.5,8.24,7,8,4
RandomPlacer,20,46,True,1.3788,-1,1,1.2653,0.0,8.16,7,8,5
RandomPlacer,20,47,True,1.3788,-1,1,1.102,1.0,8.31,7,11,6
RandomPlacer,20,48,True,1.8424,-1,0,0.5306,0.2,8.13,7,4,7
RandomPlacer,20,49,True,1.6645,-1,0,0.6939,-0.8,8.2,7,8,4
RandomPlacer,20,50,True,1.75,-1,2,0.75,-0.5,9.72,8,12,4
RandomPlacer,20,51,True,1.5567,-1,2,0.6939,0.8,8.26,7,6,9
RandomPlacer,20,52,True,1.9502,-1,1,0.2449,0.8,7.8,7,3,5
RandomPlacer,20,53,True,1.8424,-1,0,1.0612,0.1,8.13,7,9,6
RandomPlacer,20,54,True,1.6645,-1,1,0.4898,-0.1,7.7,7,9,7
RandomPlacer,20,55,True,1.8424,-1,3,0.9796,-0.4,8.31,7,6,6
RandomPlacer,20,56,True,1.3788,-1,2,0.4898,0.0,8.4,7,5,1
RandomPlacer,20,57,True,1.6645,-1,0,0.8163,0.0,7.95,7,11,2
RandomPlacer,20,58,True,1.3788,-1,3,0.4898,0.4,8.38,7,5,6
RandomPlacer,20,59,True,1.8424,-1,3,0.2449,0.0,8.47,7,3,4
RandomPlacer,20,60,True,1.0613,-1,2,0.6094,-0.2,9.74,8,7,5
RandomPlacer,20,61,True,1.4488,-1,1,0.8571,0.3,8.06,7,14,9
RandomPlacer,20,62,True,1.9502,-1,2,0.9796,-0.5,8.06,7,6,6
RandomPlacer,20,63,True,1.4488,-1,3,0.7755,0.0,8.34,7,5,4
RandomPlacer,20,64,True,1.8424,-1,2,1.4286,0.4,8.33,7,7,4
RandomPlacer,20,65,True,1.6645,-1,2,0.4898,0.9,8.12,7,5,12
RandomPlacer,20,66,True,1.6645,-1,2,1.0612,-1.0,7.89,7,9,5
RandomPlacer,20,67,True,1.8424,-1,0,0.7755,0.5,8.29,7,12,3
RandomPlacer,20,68,True,1.3788,-1,2,1.102,-0.1,7.79,7,11,8
RandomPlacer,20,69,True,0.8631,-1,3,1.7143,0.3,7.76,7,7,9
RandomPlacer,20,70,True,1.3788,-1,3,0.6939,-0.5,8.24,7,6,5
RandomPlacer,20,71,True,1.1488,-1,2,0.6939,0.0,8.06,7,6,2
RandomPlacer,20,72,True,1.5567,-1,2,0.8163,-1.0,8.1,7,11,8
RandomPlacer,20,73,True,1.8424,-1,3,1.2653,-1.0,8.09,7,8,8
RandomPlacer,20,74,True,1.6645,-1,1,0.5306,-0.8,8.25,7,4,6
RandomPlacer,20,75,True,1.4488,-1,1,0.6939,1.0,8.34,7,8,4
RandomPlacer,20,76,True,1.5567,-1,2,0.4082,-1.0,8.17,7,6,4
RandomPlacer,20,77,True,1.8113,-1,4,0.9375,-0.5,9.52,8,6,4
RandomPlacer,20,78,True,1.3788,-1,2,0.6939,0.8,8.27,7,8,5
RandomPlacer,20,79,True,1.0613,-1,1,0.4844,0.5,9.69,8,5,3
RandomPlacer,20,80,True,1.1488,-1,1,1.102,0.4,7.53,7,11,7
RandomPlacer,20,81,True,1.4488,-1,3,0.4898,-0.6571,8.32,7,5,8
RandomPlacer,20,82,True,1.9502,-1,3,1.1429,-1.0,8.21,7,7,7
RandomPlacer,20,83,True,1.1488,-1,2,1.3469,0.0,7.87,7,9,2
RandomPlacer,20,84,True,1.8424,-1,1,0.4082,0.0,7.95,7,8,6
RandomPlacer,20,85,True,0.9852,-1,3,0.8163,1.0,7.83,7,11,4
RandomPlacer,20,86,True,1.5567,-1,2,0.6939,-0.5,7.9,7,6,6
RandomPlacer,20,87,True,1.9502,-1,4,0.4082,0.0,8.33,7,6,6
RandomPlacer,20,88,True,1.75,-1,2,1.4375,-0.4,9.06,8,10,6
RandomPlacer,20,89,True,0.9852,-1,3,1.0612,0.8,7.88,7,9,6
RandomPlacer,20,90,True,1.9502,-1,2,1.2653,0.0,8.56,7,6,1
RandomPlacer,20,91,True,1.3788,-1,2,1.3469,-1.0,7.68,7,9,4
RandomPlacer,20,92,True,1.5567,-1,2,0.7755,0.0,8.36,7,5,2
RandomPlacer,20,93,True,1.75,-1,0,0.4844,1.0,9.65,8,3,6
RandomPlacer,20,94,True,1.1488,-1,5,0.2449,-0.5,7.83,7,10,4
RandomPlacer,20,95,True,1.6645,-1,2,0.5306,-0.5,7.91,7,10,4
RandomPlacer,20,96,True,1.5567,-1,2,1.0612,0.0,7.89,7,12,3
RandomPlacer,20,97,True,1.5488,-1,0,0.4844,0.0,10.03,8,5,1
RandomPlacer,20,98,True,1.8113,-1,2,1.0,0.0,9.17,8,12,2
RandomPlacer,20,99,True,0.8631,-1,3,0.5306,-0.5,7.67,7,11,3
RandomPlacer,20,100,True,1.6645,-1,2,1.0612,-0.4,8.05,7,12,5
RandomPlacer,20,101,True,1.6645,-1,2,1.6327,-0.4,8.21,7,12,6
RandomPlacer,20,102,True,1.8424,-1,3,0.6939,-1.0,7.9,7,6,4
RandomPlacer,20,103,True,1.8424,-1,2,1.1429,-1.0,7.93,7,7,6
RandomPlacer,20,104,True,1.6645,-1,0,0.5714,-1.0,8.22,7,7,4
RandomPlacer,20,105,True,1.4056,-1,3,0.6094,0.0,9.7,8,9,4
RandomPlacer,20,106,True,1.8424,-1,0,0.8163,0.4,8.35,7,10,5
RandomPlacer,20,107,True,1.8424,-1,3,0.9796,0.2,8.18,7,8,9
RandomPlacer,20,108,True,1.4488,-1,3,0.5306,-0.4,8.45,7,4,5
RandomPlacer,20,109,True,1.9502,-1,1,0.9796,0.6,7.89,7,8,9
RandomPlacer,20,110,True,1.1488,-1,2,0.1224,0.0,7.73,7,6,2
RandomPlacer,20,111,True,1.5,-1,5,1.1875,0.4,9.49,8,14,6
RandomPlacer,20,112,True,1.8424,-1,1,1.7143,-0.5,8.16,7,7,5
RandomPlacer,20,113,True,1.8424,-1,0,1.8367,0.0,8.19,7,6,2
RandomPlacer,20,114,True,1.5,-1,4,0.4844,0.8,9.67,8,5,5
RandomPlacer,20,115,True,1.5567,-1,2,1.0612,0.1,8.01,7,9,9
RandomPlacer,20,116,True,1.8424,-1,0,1.8367,-0.4,7.74,7,13,8
RandomPlacer,20,117,True,1.8424,-1,2,0.5714,0.8,8.09,7,14,8
RandomPlacer,20,118,True,1.5567,-1,2,1.4286,0.4,8.11,7,7,5
RandomPlacer,20,119,True,1.8424,-1,2,0.9796,0.5,8.22,7,8,7
RandomPlacer,20,120,True,1.9502,-1,1,0.2041,-0.1,8.25,7,2,11
RandomPlacer,20,121,True,1.6645,-1,0,0.9796,0.0,8.31,7,8,5
RandomPlacer,20,122,True,1.3788,-1,1,0.5306,0.5,7.82,7,3,7
RandomPlacer,20,123,True,1.1488,-1,2,1.9592,-0.8,7.63,7,10,4
RandomPlacer,20,124,True,1.8424,-1,2,1.2653,0.0,8.0,7,8,2
RandomPlacer,20,125,True,1.8424,-1,2,1.3469,-0.5,8.24,7,9,6
RandomPlacer,20,126,True,1.8424,-1,1,1.102,0.5,8.33,7,10,3
RandomPlacer,20,127,True,1.1488,-1,2,1.102,0.0,8.15,7,11,2
RandomPlacer,20,128,True,1.3788,-1,3,1.8367,-0.1,8.15,7,6,9
RandomPlacer,20,129,True,1.4488,-1,1,0.6939,-1.0,8.05,7,8,4
RandomPlacer,20,130,True,1.6645,-1,3,0.9796,0.5,8.22,7,6,8
RandomPlacer,20,131,True,1.4488,-1,1,1.1429,1.0,8.38,7,7,7
RandomPlacer,20,132,True,1.8424,-1,3,0.7755,0.0,7.8,7,9,1
RandomPlacer,20,133,True,1.6645,-1,1,0.4898,0.5,8.43,7,9,7
RandomPlacer,20,134,True,1.4488,-1,3,0.4082,0.5,7.97,7,8,4
RandomPlacer,20,135,True,1.3788,-1,1,0.9796,-0.5,8.23,7,6,3
RandomPlacer,20,136,True,1.3788,-1,1,1.0612,0.0,7.66,7,12,1
RandomPlacer,20,137,True,1.6645,-1,2,0.7755,0.4,7.88,7,9,5
RandomPlacer,20,138,True,1.8424,-1,2,0.2449,0.4,8.38,7,4,5
RandomPlacer,20,139,True,1.5567,-1,2,0.2041,0.0,8.22,7,12,3
RandomPlacer,20,140,True,1.6645,-1,4,1.1429,0.2,8.13,7,7,11
RandomPlacer,20,141,True,1.8424,-1,3,1.3469,-1.0,8.19,7,9,6
RandomPlacer,20,142,True,1.4056,-1,2,0.25,1.0,8.89,8,4,6
RandomPlacer,20,143,True,1.8424,-1,1,1.551,-0.5,7.88,7,8,4
RandomPlacer,20,144,True,1.9502,-1,2,1.2653,-0.8,7.84,7,13,9
RandomPlacer,20,145,True,1.5567,-1,2,0.8163,0.5,8.16,7,10,4
RandomPlacer,20,146,True,1.3788,-1,1,1.1429,-0.9,8.1,7,7,12
RandomPlacer,20,147,True,1.8424,-1,3,0.2041,0.2,8.13,7,5,9
RandomPlacer,20,148,True,1.5567,-1,2,0.5714,0.8,8.31,7,7,6
RandomPlacer,20,149,True,1.8424,-1,1,0.2449,0.4,8.43,7,3,6
RandomPlacer,20,150,True,1.9502,-1,3,0.8163,0.8,7.89,7,11,10
RandomPlacer,20,151,True,0.8631,-1,3,0.7755,0.5,7.86,7,5,8
RandomPlacer,20,152,True,1.3788,-1,1,0.5306,-0.8,8.03,7,3,4
RandomPlacer,20,153,True,1.9502,-1,3,1.1429,-0.3,8.28,7,7,8
RandomPlacer,20,154,True,1.9502,-1,2,1.9592,-0.5,7.86,7,10,5
RandomPlacer,20,155,True,1.8424,-1,3,1.3878,0.8,8.08,7,11,10
RandomPlacer,20,156,True,1.9056,-1,1,1.5,0.5,9.6,8,8,4
RandomPlacer,20,157,True,1.9502,-1,1,0.2449,0.8,8.18,7,3,5
RandomPlacer,20,158,True,1.1488,-1,2,0.6939,-0.2,8.21,7,6,8
RandomPlacer,20,159,True,1.5567,-1,4,1.1429,0.4,7.35,7,7,7
RandomPlacer,20,160,True,1.5613,-1,2,0.9844,1.0,9.54,8,13,4
RandomPlacer,20,161,True,1.8424,-1,2,0.7755,0.9,7.86,7,9,7
RandomPlacer,20,162,True,1.8424,-1,0,0.5306,-0.5,8.15,7,10,5
RandomPlacer,20,163,True,1.75,-1,2,0.75,0.0,9.81,8,12,3
RandomPlacer,20,164,True,1.4488,-1,1,0.2449,0.2,8.13,7,3,8
RandomPlacer,20,165,True,1.9502,-1,2,1.4286,-0.8,8.2,7,7,5
RandomPlacer,20,166,True,1.5567,-1,2,1.3878,0.0,7.37,7,11,4
RandomPlacer,20,167,True,1.9056,-1,1,0.9375,0.7,9.58,8,6,6
RandomPlacer,20,168,True,1.3788,-1,1,1.8367,-0.4,8.02,7,8,7
RandomPlacer,20,169,True,1.75,-1,3,0.3594,0.0,9.62,8,7,3
RandomPlacer,20,170,True,1.5567,-1,2,0.8571,-0.5,8.22,7,7,3
RandomPlacer,20,171,True,1.5567,-1,2,1.6735,0.0,8.15,7,11,11
RandomPlacer,20,172,True,1.8424,-1,0,1.102,-0.5,8.36,7,4,8
RandomPlacer,20,173,True,1.6645,-1,1,0.4898,1.0,8.43,7,9,3
RandomPlacer,20,174,True,1.4488,-1,1,1.102,0.4,8.15,7,4,5
RandomPlacer,20,175,True,1.8424,-1,1,0.6939,0.0,8.08,7,6,3
RandomPlacer,20,176,True,1.8424,-1,1,0.4898,0.4,8.16,7,5,8
RandomPlacer,20,177,True,1.9502,-1,2,0.4898,-0.2143,7.86,7,2,11
RandomPlacer,20,178,True,1.3788,-1,4,0.2857,-0.2,8.33,7,7,10
RandomPlacer,20,179,True,1.5567,-1,2,1.2653,0.0,8.3,7,6,1
RandomPlacer,20,180,True,1.5567,-1,2,0.2449,0.0,9.28,7,4,3
RandomPlacer,20,181,True,1.5567,-1,2,1.1429,-0.4,7.76,7,7,6
RandomPlacer,20,182,True,1.9502,-1,1,0.2449,-0.5,8.43,7,4,6
RandomPlacer,20,183,True,1.5613,-1,4,0.7344,-0.4,9.62,8,5,6
RandomPlacer,20,184,True,1.2988,-1,2,0.75,-0.6571,9.31,8,8,8
RandomPlacer,20,185,True,1.5567,-1,2,0.4082,-0.2571,8.28,7,8,8
RandomPlacer,20,186,True,1.8424,-1,1,1.2653,-1.0,8.17,7,8,3
RandomPlacer,20,187,True,1.9502,-1,1,0.9796,0.5,7.85,7,13,4
RandomPlacer,20,188,True,1.6645,-1,2,0.8571,0.0,8.22,7,7,2
RandomPlacer,20,189,True,1.5567,-1,2,1.8367,0.5,8.3,7,8,4
RandomPlacer,20,190,True,1.75,-1,2,0.7344,0.8,9.38,8,11,7
RandomPlacer,20,191,True,1.8424,-1,0,1.102,1.0,8.27,7,10,3
RandomPlacer,20,192,True,1.4488,-1,6,0.4082,0.0,8.21,7,15,2
RandomPlacer,20,193,True,1.4488,-1,2,0.7755,0.4,7.84,7,9,6
RandomPlacer,20,194,True,1.8424,-1,1,0.8163,-0.9,8.11,7,11,6
RandomPlacer,20,195,True,1.4488,-1,3,0.9796,1.0,8.02,7,8,4
RandomPlacer,20,196,True,1.8424,-1,1,0.6939,-0.1,7.98,7,8,7
RandomPlacer,20,197,True,1.9502,-1,0,1.3878,-0.5,7.7,7,10,4
RandomPlacer,20,198,True,1.5567,-1,2,1.1429,0.0,8.2,7,7,4
RandomPlacer,20,199,True,1.3788,-1,3,0.9796,0.4,8.06,7,8,8
RandomPlacer,20,200,True,1.6645,-1,4,1.0612,0.0,8.12,7,9,2
RandomPlacer,20,201,True,1.75,-1,1,0.8594,0.0,9.66,8,9,2
RandomPlacer,20,202,True,1.3788,-1,1,0.4898,0.0,7.86,7,5,3
RandomPlacer,20,203,True,1.8424,-1,3,0.9796,1.0,7.62,7,6,3
RandomPlacer,20,204,True,1.8424,-1,0,0.9796,-0.5,7.93,7,6,7
RandomPlacer,20,205,True,1.3788,-1,3,0.4082,-0.5,8.23,7,8,10
RandomPlacer,20,206,True,1.4488,-1,2,0.5714,0.8,8.22,7,7,4
RandomPlacer,20,207,True,1.8424,-1,2,0.9796,0.0,8.17,7,13,3
RandomPlacer,20,208,True,1.6645,-1,2,1.6327,0.0,8.32,7,9,8
RandomPlacer,20,209,True,1.8424,-1,2,0.5306,0.9,8.25,7,4,7
RandomPlacer,20,210,True,1.3788,-1,2,0.6939,0.0,8.05,7,6,3
RandomPlacer,20,211,True,1.3788,-1,3,0.8163,0.8,8.31,7,10,6
RandomPlacer,20,212,True,1.4488,-1,1,1.0612,0.0,8.26,7,9,1
RandomPlacer,20,213,True,1.9502,-1,3,1.3878,0.8,7.95,7,11,8
RandomPlacer,20,214,True,1.5,-1,2,0.4375,0.0,9.7,8,6,3
RandomPlacer,20,215,True,1.4056,-1,3,0.4844,-0.5,9.83,8,5,4
RandomPlacer,20,216,True,1.9502,-1,0,1.0612,-0.2,8.01,7,9,6
RandomPlacer,20,217,True,1.8424,-1,4,1.3469,0.1,7.91,7,9,8
RandomPlacer,20,218,True,1.8424,-1,3,1.3469,0.6,8.13,7,9,5
RandomPlacer,20,219,True,1.2988,-1,3,1.7344,-1.0,9.69,8,13,3
RandomPlacer,20,220,True,1.8424,-1,3,1.2653,0.4,8.22,7,6,8
RandomPlacer,20,221,True,1.1488,-1,2,0.5306,0.5,8.53,7,4,3
RandomPlacer,20,222,True,1.5567,-1,2,1.1429,0.2,7.84,7,7,10
RandomPlacer,20,223,True,1.9502,-1,1,0.5306,0.5,8.11,7,10,6
RandomPlacer,20,224,True,1.8424,-1,0,1.0612,-0.5,7.94,7,5,4
RandomPlacer,20,225,True,1.9502,-1,1,0.2449,0.0,8.06,7,4,2
RandomPlacer,20,226,True,0.8113,-1,3,0.8594,0.0,9.52,8,7,1
RandomPlacer,20,227,True,1.3788,-1,4,1.6327,-0.4,7.87,7,9,7
RandomPlacer,20,228,True,1.5567,-1,2,0.4082,0.4,8.14,7,6,6
RandomPlacer,20,229,True,1.3788,-1,3,0.8163,0.8,7.76,7,10,12
RandomPlacer,20,230,True,1.5567,-1,2,0.8571,0.8,8.19,7,7,5
RandomPlacer,20,231,True,1.3788,-1,4,0.5306,0.8,8.33,7,10,6
RandomPlacer,20,232,True,1.5567,-1,2,0.6939,0.2,8.06,7,8,11
RandomPlacer,20,233,True,1.3788,-1,3,0.4082,-1.0,7.56,7,6,5
RandomPlacer,20,234,True,1.8424,-1,3,0.5714,-0.5,8.24,7,7,6
RandomPlacer,20,235,True,1.8424,-1,0,0.4082,0.0,8.25,7,6,1
RandomPlacer,20,236,True,0.9852,-1,3,0.9796,0.5,8.05,7,8,4
RandomPlacer,20,237,True,1.3788,-1,1,0.8571,0.9,7.8,7,7,6
RandomPlacer,20,238,True,1.9502,-1,2,1.2653,0.0,8.07,7,6,8
RandomPlacer,20,239,True,1.5567,-1,2,0.4898,-1.0,8.26,7,5,3
RandomPlacer,20,240,True,1.8424,-1,2,0.5306,-0.5,8.03,7,3,5
RandomPlacer,20,241,True,1.9056,-1,1,0.2344,0.5,9.64,8,3,3
RandomPlacer,20,242,True,1.5567,-1,2,0.4898,0.0,8.32,7,5,3
RandomPlacer,20,243,True,1.8424,-1,4,0.2041,0.0,8.24,7,5,3
RandomPlacer,20,244,True,1.3788,-1,3,0.5306,0.5,8.19,7,4,4
RandomPlacer,20,245,True,1.4488,-1,1,1.8367,0.1,8.11,7,8,7
RandomPlacer,20,246,True,1.3788,-1,1,0.7755,-0.5,8.36,7,5,4
RandomPlacer,20,247,True,1.9056,-1,1,0.8594,-0.5,9.6,8,9,3
RandomPlacer,20,248,True,1.8113,-1,1,1.1875,0.5,9.6,8,10,4
RandomPlacer,20,249,True,1.4488,-1,2,0.4082,-0.5,7.58,7,8,5
RandomPlacer,20,250,True,1.8424,-1,1,0.4898,-0.6,7.34,7,12,8
RandomPlacer,20,251,True,1.9502,-1,2,1.0612,0.0,8.28,7,9,3
RandomPlacer,20,252,True,1.5567,-1,5,0.8163,0.0,8.17,7,10,3
RandomPlacer,20,253,True,1.3788,-1,3,1.6327,0.0,8.06,7,12,2
RandomPlacer,20,254,True,1.3788,-1,1,1.0612,0.1,7.78,7,12,9
RandomPlacer,20,255,True,1.9502,-1,2,1.102,-1.0,8.05,7,11,8
RandomPlacer,20,256,True,1.3788,-1,2,0.5714,-0.4,8.0,7,7,7
RandomPlacer,20,257,True,1.8424,-1,3,0.4898,0.0,8.49,7,5,2
RandomPlacer,20,258,True,1.8424,-1,1,0.6939,-0.5,7.53,7,6,5
RandomPlacer,20,259,True,1.9502,-1,0,0.5306,0.2571,8.2,7,4,9
RandomPlacer,20,260,True,1.9502,-1,3,1.102,0.0857,7.94,7,10,8
RandomPlacer,20,261,True,1.3788,-1,1,0.5306,-0.1429,7.68,7,4,9
RandomPlacer,20,262,True,1.6645,-1,1,0.8571,0.4,7.81,7,7,9
RandomPlacer,20,263,True,1.3788,-1,2,0.6939,0.0,8.5,7,8,3
RandomPlacer,20,264,True,1.3788,-1,1,0.5306,0.0,8.08,7,4,3
RandomPlacer,20,265,True,1.5567,-1,2,0.8163,-0.1,8.14,7,10,9
RandomPlacer,20,266,True,1.3788,-1,1,0.8163,1.0,8.17,7,10,9
RandomPlacer,20,267,True,1.6645,-1,2,0.5306,-0.6,8.36,7,4,6
RandomPlacer,20,268,True,0.9852,-1,3,0.2449,0.3714,8.1,7,3,8
RandomPlacer,20,269,True,1.4488,-1,3,0.8571,0.0,8.29,7,7,4
RandomPlacer,20,270,True,1.5613,-1,2,0.8594,1.0,9.62,8,7,6
RandomPlacer,20,271,True,1.4056,-1,2,0.75,0.8,9.56,8,8,5
RandomPlacer,20,272,True,1.5488,-1,2,1.4844,0.5,9.22,8,13,4
RandomPlacer,20,273,True,1.8424,-1,0,1.4286,0.0,8.22,7,7,4
RandomPlacer,20,274,True,1.5613,-1,2,1.0,0.2,9.7,8,8,8
RandomPlacer,20,275,True,1.8424,-1,3,0.5714,1.0,8.09,7,14,6
RandomPlacer,20,276,True,1.9056,-1,2,0.9375,0.8,9.61,8,6,6
RandomPlacer,20,277,True,1.9502,-1,1,1.0612,-1.0,8.15,7,9,7
RandomPlacer,20,278,True,1.9056,-1,4,1.2344,-0.8,9.65,8,11,4
RandomPlacer,20,279,True,1.9502,-1,2,0.4082,-0.5,8.08,7,8,6
RandomPlacer,20,280,True,1.8424,-1,4,0.8163,0.0,8.16,7,10,2
RandomPlacer,20,281,True,1.3788,-1,1,0.7755,0.2,7.64,7,12,8
RandomPlacer,20,282,True,1.3788,-1,3,1.3878,-0.4,8.18,7,11,8
RandomPlacer,20,283,True,1.5567,-1,2,0.6939,-0.4,8.05,7,8,6
RandomPlacer,20,284,True,1.75,-1,3,0.6875,0.0,9.73,8,10,2
RandomPlacer,20,285,True,1.5613,-1,2,1.0,0.5,9.74,8,8,3
RandomPlacer,20,286,True,0.9544,-1,3,1.1875,0.4,9.16,8,6,7
RandomPlacer,20,287,True,1.8113,-1,2,0.75,0.0,9.67,8,8,2
RandomPlacer,20,288,True,1.8424,-1,2,0.6939,0.0,8.35,7,8,3
RandomPlacer,20,289,True,1.8424,-1,0,1.4286,-0.4,8.12,7,7,5
RandomPlacer,20,290,True,2.0,-1,1,0.5,0.0,8.73,8,8,3
RandomPlacer,20,291,True,1.3788,-1,3,0.2449,0.0,8.32,7,4,1
RandomPlacer,20,292,True,1.9502,-1,1,1.2653,-0.4286,7.58,7,8,9
RandomPlacer,20,293,True,1.3788,-1,1,0.4898,0.0,8.26,7,9,3
RandomPlacer,20,294,True,1.9502,-1,3,1.2653,-0.7,8.03,7,13,9
RandomPlacer,20,295,True,1.9502,-1,2,0.6939,-1.0,8.18,7,8,3
RandomPlacer,20,296,True,1.8113,-1,0,0.6094,0.2,9.68,8,9,4
RandomPlacer,20,297,True,1.3788,-1,1,1.0612,0.0,8.2,7,9,5
RandomPlacer,20,298,True,1.8424,-1,0,1.1429,0.0,7.36,7,7,4
RandomPlacer,20,299,True,1.4488,-1,3,1.3878,0.8,8.01,7,10,9
RandomPlacer,20,300,True,1.8113,-1,3,0.4375,0.0,9.87,8,6,2
RandomPlacer,20,301,True,1.5567,-1,2,0.9796,0.0,8.34,7,8,2
RandomPlacer,20,302,True,1.3788,-1,2,1.1429,0.0,8.0,7,7,9
RandomPlacer,20,303,True,1.4488,-1,4,1.2653,0.7,8.28,7,6,8
RandomPlacer,20,304,True,1.3788,-1,2,1.1429,-0.5,8.3,7,7,3
RandomPlacer,20,305,True,1.4488,-1,2,0.5714,-0.7,8.08,7,7,8
RandomPlacer,20,306,True,1.5567,-1,2,0.8163,1.0,7.89,7,11,6
RandomPlacer,20,307,True,0.8631,-1,3,0.6939,0.0,8.02,7,6,1
RandomPlacer,20,308,True,1.5567,-1,2,0.9796,0.8,8.7,7,6,5
RandomPlacer,20,309,True,1.4488,-1,1,0.2449,0.4,7.76,7,3,8
RandomPlacer,20,310,True,1.9502,-1,2,0.4898,-0.5,8.25,7,16,7
RandomPlacer,20,311,True,1.8424,-1,3,0.7755,0.0,8.26,7,12,4
RandomPlacer,20,312,True,0.9852,-1,3,0.7755,0.0,8.23,7,12,2
RandomPlacer,20,313,True,1.2988,-1,3,1.1875,0.5,9.36,8,10,3
RandomPlacer,20,314,True,1.3788,-1,1,0.8163,0.2,7.51,7,10,6
RandomPlacer,20,315,True,1.4488,-1,4,0.4082,-1.0,8.23,7,6,6
RandomPlacer,20,316,True,1.75,-1,3,1.4844,0.0,9.91,8,11,2
RandomPlacer,20,317,True,1.3788,-1,2,1.3878,0.0,8.18,7,10,2
RandomPlacer,20,318,True,1.5567,-1,5,0.8571,0.4,8.25,7,7,5
RandomPlacer,20,319,True,1.8424,-1,0,0.6939,-0.6,8.0,7,6,7
RandomPlacer,20,320,True,1.8424,-1,2,0.7755,-0.5,8.02,7,9,5
RandomPlacer,20,321,True,1.9056,-1,2,0.9844,0.0,9.45,8,11,3
RandomPlacer,20,322,True,1.5567,-1,4,0.4898,0.2,7.6,7,5,8
RandomPlacer,20,323,True,1.8424,-1,3,0.5714,0.8,8.26,7,7,6
RandomPlacer,20,324,True,1.6645,-1,4,0.8571,-0.4,8.19,7,7,6
RandomPlacer,20,325,True,1.4488,-1,1,0.5714,0.0,7.9,7,7,6
RandomPlacer,20,326,True,1.5567,-1,2,0.8571,0.0,8.26,7,7,4
RandomPlacer,20,327,True,1.3788,-1,3,1.1429,-0.4857,8.21,7,7,9
RandomPlacer,20,328,True,1.75,-1,3,0.4375,-0.5,9.65,8,6,5
RandomPlacer,20,329,True,1.5567,-1,2,1.4286,-1.0,8.15,7,7,5
RandomPlacer,20,330,True,1.9502,-1,3,1.102,-1.0,7.94,7,10,11
RandomPlacer,20,331,True,1.9056,-1,3,1.4375,0.4,9.2,8,10,5
RandomPlacer,20,332,True,1.5567,-1,2,1.0612,0.5,8.17,7,9,3
RandomPlacer,20,333,True,1.5613,-1,2,0.6875,-0.8,9.07,8,10,4
RandomPlacer,20,334,True,1.9056,-1,1,0.9844,0.4,9.18,8,5,7
RandomPlacer,20,335,True,1.8424,-1,3,0.7755,-0.5,8.43,7,9,7
RandomPlacer,20,336,True,1.8424,-1,2,0.8163,-0.8,8.11,7,11,6
RandomPlacer,20,337,True,1.3788,-1,3,0.5714,0.9,7.95,7,7,7
RandomPlacer,20,338,True,1.3788,-1,2,1.4286,0.8,8.31,7,7,7
RandomPlacer,20,339,True,1.8424,-1,0,1.1429,-0.6,8.22,7,7,5
RandomPlacer,20,340,True,1.4488,-1,1,0.5714,0.0,8.16,7,7,3
RandomPlacer,20,341,True,1.8424,-1,0,0.5714,0.0,8.14,7,7,2
RandomPlacer,20,342,True,1.5567,-1,2,0.6939,1.0,7.87,7,6,5
RandomPlacer,20,343,True,1.5567,-1,4,0.4898,0.2,8.17,7,12,5
RandomPlacer,20,344,True,1.8424,-1,2,0.6939,0.0,8.29,7,8,2
RandomPlacer,20,345,True,1.9502,-1,2,0.1224,0.5,7.91,7,6,4
RandomPlacer,20,346,True,1.5613,-1,2,1.4375,0.8,9.51,8,10,5
RandomPlacer,20,347,True,1.5613,-1,2,1.2344,-0.5,9.7,8,11,3
RandomPlacer,20,348,True,1.8424,-1,1,1.9592,-0.8,8.12,7,11,7
RandomPlacer,20,349,True,2.0,-1,1,0.4844,-0.5,9.69,8,5,3
RandomPlacer,20,350,True,1.8424,-1,1,1.6327,0.8,7.44,7,9,10
RandomPlacer,20,351,True,1.9502,-1,2,1.3469,0.4,7.8,7,12,7
RandomPlacer,20,352,True,1.8424,-1,2,1.2653,0.0,7.84,7,6,3
RandomPlacer,20,353,True,1.6645,-1,0,0.9796,0.0,8.24,7,8,2
RandomPlacer,20,354,True,1.1488,-1,2,0.4898,0.5,7.92,7,5,3
RandomPlacer,20,355,True,1.6645,-1,1,0.7755,0.8,7.51,7,5,8
RandomPlacer,20,356,True,1.9502,-1,1,0.5306,0.8,8.0,7,17,6
RandomPlacer,20,357,True,1.8424,-1,0,1.0612,-1.0,8.05,7,9,6
RandomPlacer,20,358,True,1.4488,-1,3,0.2449,-0.3,8.1,7,4,6
RandomPlacer,20,359,True,1.3788,-1,1,1.1429,0.0,8.21,7,7,4
RandomPlacer,20,360,True,1.8424,-1,3,0.4898,1.0,8.27,7,5,4
RandomPlacer,20,361,True,1.3788,-1,1,1.4286,0.0,8.43,7,7,5
RandomPlacer,20,362,True,1.8424,-1,1,0.9796,0.0,8.04,7,6,7
RandomPlacer,20,363,True,1.9502,-1,2,0.7755,0.7,7.97,7,5,9
RandomPlacer,20,364,True,1.8424,-1,3,0.9796,-0.1,7.83,7,8,6
RandomPlacer,20,365,True,1.3788,-1,2,0.5306,0.5,8.27,7,10,4
RandomPlacer,20,366,True,1.5567,-1,2,0.9796,0.1,8.36,7,6,9
RandomPlacer,20,367,True,1.1488,-1,2,0.7755,-0.8,8.11,7,12,6
RandomPlacer,20,368,True,1.3788,-1,3,0.8163,0.0,8.29,7,10,1
RandomPlacer,20,369,True,1.5567,-1,2,0.2449,0.0,8.4,7,3,3
RandomPlacer,20,370,True,1.9502,-1,2,0.8163,0.0,8.04,7,10,2
RandomPlacer,20,371,True,1.5,-1,4,0.4844,0.5,10.03,8,5,5
RandomPlacer,20,372,True,1.4056,-1,1,0.6875,0.0,9.74,8,10,3
RandomPlacer,20,373,True,1.9502,-1,2,0.9796,0.0,8.15,7,6,3
RandomPlacer,20,374,True,1.5567,-1,2,0.8163,0.1429,7.86,7,10,11
RandomPlacer,20,375,True,1.5567,-1,2,0.6939,0.5,8.12,7,8,6
RandomPlacer,20,376,True,1.9502,-1,2,0.4898,0.8,8.13,7,5,8
RandomPlacer,20,377,True,1.9502,-1,1,0.9796,0.5,8.16,7,8,5
RandomPlacer,20,378,True,1.3788,-1,3,1.551,-0.2571,8.09,7,8,12
RandomPlacer,20,379,True,1.5567,-1,2,0.8163,-1.0,8.07,7,11,6
RandomPlacer,20,380,True,1.5613,-1,2,0.5,0.0,9.42,8,8,2
RandomPlacer,20,381,True,1.8424,-1,0,1.2653,0.6,8.19,7,6,7
RandomPlacer,20,382,True,0.5436,-1,2,0.3594,0.0,9.67,8,7,2
RandomPlacer,20,383,True,1.3788,-1,1,0.6939,0.0,8.06,7,6,8
RandomPlacer,20,384,True,1.6645,-1,1,1.3878,0.4,8.07,7,10,7
RandomPlacer,20,385,True,1.8424,-1,1,1.551,-0.4,8.18,7,8,6
RandomPlacer,20,386,True,1.3788,-1,3,0.7755,0.5,8.26,7,9,6
RandomPlacer,20,387,True,1.8424,-1,2,1.2653,-0.5,8.18,7,6,5
RandomPlacer,20,388,True,1.2988,-1,3,1.4844,-0.5429,9.52,8,11,10
RandomPlacer,20,389,True,1.3788,-1,3,1.2653,0.5,8.08,7,6,5
RandomPlacer,20,390,True,1.4488,-1,3,1.0612,0.0,8.33,7,12,3
RandomPlacer,20,391,True,1.9502,-1,2,0.9796,0.8,7.92,7,8,7
RandomPlacer,20,392,True,1.8424,-1,0,0.2449,0.0,8.39,7,3,4
RandomPlacer,20,393,True,1.8424,-1,2,0.5714,-0.6,7.92,7,14,7
RandomPlacer,20,394,True,1.5488,-1,2,1.1094,1.0,9.3,8,9,5
RandomPlacer,20,395,True,1.9502,-1,1,0.9796,0.5,8.09,7,8,3
RandomPlacer,20,396,True,1.4488,-1,1,1.102,0.0,7.75,7,10,5
RandomPlacer,20,397,True,1.9502,-1,1,1.551,0.0,7.95,7,13,9
RandomPlacer,20,398,True,1.8424,-1,4,0.8163,0.5,8.38,7,10,4
RandomPlacer,20,399,True,1.9502,-1,4,0.6939,0.0,8.07,7,6,4
RandomPlacer,20,400,True,1.8424,-1,2,0.8571,-0.5,8.22,7,7,6
RandomPlacer,20,401,True,1.5567,-1,2,1.0612,-0.5,8.17,7,9,5
RandomPlacer,20,402,True,1.6645,-1,1,1.102,-0.2,8.15,7,11,4
RandomPlacer,20,403,True,1.8113,-1,1,0.8594,0.0,9.27,8,9,3
RandomPlacer,20,404,True,1.4056,-1,1,0.4844,0.0,9.68,8,5,4
RandomPlacer,20,405,True,1.8424,-1,1,1.0612,0.8,8.18,7,12,4
RandomPlacer,20,406,True,1.9502,-1,2,0.2041,0.5,8.08,7,9,5
RandomPlacer,20,407,True,1.5567,-1,2,1.0612,0.4,8.22,7,9,8
RandomPlacer,20,408,True,1.4488,-1,3,0.6939,-0.5,8.15,7,6,3
RandomPlacer,20,409,True,1.8424,-1,0,0.6939,-0.8,8.24,7,6,8
RandomPlacer,20,410,True,1.5567,-1,5,0.5714,-1.0,8.44,7,7,5
RandomPlacer,20,411,True,1.9056,-1,2,0.6094,0.5,9.47,8,7,5
RandomPlacer,20,412,True,1.8424,-1,0,0.7755,1.0,8.08,7,12,6
RandomPlacer,20,413,True,1.8424,-1,3,0.8163,-0.8,8.14,7,11,7
RandomPlacer,20,414,True,1.9056,-1,2,0.75,0.0,9.69,8,8,2
RandomPlacer,20,415,True,1.8424,-1,0,0.4082,-1.0,7.99,7,8,4
RandomPlacer,20,416,True,1.5567,-1,2,0.7755,0.0,8.31,7,9,1
RandomPlacer,20,417,True,1.8424,-1,3,0.4898,-0.5,7.99,7,5,5
RandomPlacer,20,418,True,1.5567,-1,5,0.2041,0.0,8.19,7,5,2
RandomPlacer,20,419,True,0.8631,-1,3,0.9796,0.5,7.71,7,8,4
RandomPlacer,20,420,True,2.0,-1,1,0.3594,0.0,9.76,8,7,3
RandomPlacer,20,421,True,1.8424,-1,1,1.102,0.0,8.19,7,10,5
RandomPlacer,20,422,True,1.8113,-1,3,0.75,-1.0,8.98,8,8,4
RandomPlacer,20,423,True,1.3788,-1,1,0.4898,0.0,8.22,7,9,5
RandomPlacer,20,424,True,1.8424,-1,3,0.4898,0.0,8.08,7,9,4
RandomPlacer,20,425,True,1.8113,-1,3,0.9844,-0.4,9.44,8,11,6
RandomPlacer,20,426,True,1.9056,-1,4,0.9844,0.0,9.77,8,11,2
RandomPlacer,20,427,True,1.8424,-1,1,1.0612,-0.5,8.03,7,12,4
RandomPlacer,20,428,True,1.1488,-1,1,0.5306,0.1,7.78,7,4,6
RandomPlacer,20,429,True,1.5567,-1,2,0.6939,0.2,8.24,7,6,4
RandomPlacer,20,430,True,1.6645,-1,3,0.7755,0.0,8.01,7,9,6
RandomPlacer,20,431,True,1.8424,-1,3,0.6939,0.2,8.1,7,8,8
RandomPlacer,20,432,True,1.4488,-1,3,0.2449,0.8,7.98,7,4,6
RandomPlacer,20,433,True,1.8424,-1,3,0.6939,-0.4,8.09,7,6,7
RandomPlacer,20,434,True,1.9502,-1,2,0.9796,0.0,7.84,7,6,3
RandomPlacer,20,435,True,1.3788,-1,3,1.2653,-0.5,7.91,7,6,11
RandomPlacer,20,436,True,1.8424,-1,0,1.8367,-0.4,7.87,7,13,7
RandomPlacer,20,437,True,1.3788,-1,3,1.102,0.5,7.75,7,10,4
RandomPlacer,20,438,True,1.8424,-1,0,0.5306,0.4286,8.19,7,3,11
RandomPlacer,20,439,True,1.8424,-1,2,0.2857,0.0,8.09,7,14,3
RandomPlacer,20,440,True,1.8424,-1,1,0.9796,0.5,8.06,7,6,4
RandomPlacer,20,441,True,1.5567,-1,3,0.2449,0.1,8.04,7,3,7
RandomPlacer,20,442,True,1.3788,-1,2,1.102,0.5,8.16,7,10,9
RandomPlacer,20,443,True,1.8424,-1,1,1.0612,0.0,8.23,7,9,0
RandomPlacer,20,444,True,1.1488,-1,1,0.6939,0.0,7.75,7,8,3
RandomPlacer,20,445,True,1.8424,-1,0,0.6939,0.4,8.32,7,8,7
RandomPlacer,20,446,True,1.3788,-1,3,0.5306,0.7,7.92,7,10,8
RandomPlacer,20,447,True,1.6645,-1,1,1.551,0.7,8.09,7,8,12
RandomPlacer,20,448,True,1.3788,-1,3,0.8163,-0.5,8.06,7,11,5
RandomPlacer,20,449,True,1.6645,-1,2,1.0612,0.4,7.34,7,9,7
RandomPlacer,20,450,True,1.8424,-1,3,1.102,0.8,7.09,7,11,4
RandomPlacer,20,451,True,1.6645,-1,2,0.5306,0.7,8.19,7,3,7
RandomPlacer,20,452,True,1.4488,-1,3,0.5714,-0.3,8.01,7,7,12
RandomPlacer,20,453,True,1.6645,-1,2,1.0612,-0.5,7.84,7,12,7
RandomPlacer,20,454,True,1.1488,-1,2,1.1429,0.5,7.43,7,7,3
RandomPlacer,20,455,True,1.4488,-1,3,1.0612,-0.5,7.84,7,9,4
RandomPlacer,20,456,True,1.5567,-1,2,1.0612,-0.9,8.03,7,12,5
RandomPlacer,20,457,True,1.5613,-1,2,1.5,-0.6,9.43,8,8,7
RandomPlacer,20,458,True,1.2988,-1,3,1.0,0.2,9.33,8,8,9
RandomPlacer,20,459,True,1.8424,-1,1,1.3878,0.5,8.15,7,10,11
RandomPlacer,20,460,True,1.4488,-1,1,0.5714,0.4,8.05,7,14,8
RandomPlacer,20,461,True,1.3788,-1,3,0.4898,0.0,8.34,7,9,3
RandomPlacer,20,462,True,0.9852,-1,3,0.5306,0.2,8.26,7,4,4
RandomPlacer,20,463,True,1.8424,-1,1,1.6327,0.2571,8.01,7,9,9
RandomPlacer,20,464,True,1.4056,-1,3,1.5,0.3,9.44,8,8,6
RandomPlacer,20,465,True,1.3788,-1,2,1.3469,0.0,8.32,7,9,2
RandomPlacer,20,466,True,1.5567,-1,2,1.0612,-0.8,8.05,7,12,5
RandomPlacer,20,467,True,1.8424,-1,1,0.9796,0.0,7.98,7,6,1
RandomPlacer,20,468,True,1.8424,-1,0,1.2653,0.5,8.24,7,6,6
RandomPlacer,20,469,True,1.4488,-1,1,1.2653,-0.5,8.07,7,8,5
RandomPlacer,20,470,True,1.9056,-1,2,0.4375,0.0,9.6,8,6,1
RandomPlacer,20,471,True,1.3788,-1,1,0.8163,0.0,8.06,7,10,3
RandomPlacer,20,472,True,1.3788,-1,3,0.5714,-0.4,8.06,7,7,7
RandomPlacer,20,473,True,1.8424,-1,2,1.0612,-0.5,8.08,7,12,5
RandomPlacer,20,474,True,1.4488,-1,2,0.9796,0.4,8.11,7,8,5
RandomPlacer,20,475,True,1.8424,-1,1,0.5306,0.2,8.32,7,3,5
RandomPlacer,20,476,True,1.9502,-1,1,1.102,1.0,7.85,7,11,4
RandomPlacer,20,477,True,1.8424,-1,2,0.4898,-1.0,8.26,7,5,6
RandomPlacer,20,478,True,1.8424,-1,0,1.102,-0.2,7.98,7,10,5
RandomPlacer,20,479,True,1.4488,-1,3,0.7755,0.3,8.1,7,5,8
RandomPlacer,20,480,True,1.1488,-1,2,0.8163,-0.1,8.22,7,10,8
RandomPlacer,20,481,True,1.3788,-1,1,0.4082,0.5,8.36,7,8,5
RandomPlacer,20,482,True,1.8424,-1,1,0.9796,0.0,7.89,7,8,2
RandomPlacer,20,483,True,1.4488,-1,3,0.5714,0.0,7.81,7,7,0
RandomPlacer,20,484,True,1.8424,-1,2,0.8163,-1.0,8.26,7,11,4
RandomPlacer,20,485,True,1.4488,-1,3,0.5306,0.0,8.29,7,4,3
RandomPlacer,20,486,True,1.3788,-1,3,1.102,-0.6,7.95,7,10,9
RandomPlacer,20,487,True,1.5567,-1,2,1.102,-0.5,7.94,7,11,4
RandomPlacer,20,488,True,1.2988,-1,3,1.0,0.0,9.23,8,12,2
RandomPlacer,20,489,True,1.3788,-1,3,0.5306,-0.4,8.32,7,3,5
RandomPlacer,20,490,True,1.4488,-1,3,1.6327,0.8,8.08,7,12,8
RandomPlacer,20,491,True,1.4488,-1,3,0.6939,0.0,8.0,7,8,3
RandomPlacer,20,492,True,2.0,-1,1,0.1094,-0.5,9.39,8,1,4
RandomPlacer,20,493,True,1.9056,-1,2,0.6875,0.0857,9.05,8,6,9
RandomPlacer,20,494,True,1.9502,-1,3,0.8163,0.0,8.24,7,10,2
RandomPlacer,20,495,True,1.5567,-1,3,0.5714,0.0,7.89,7,7,3
RandomPlacer,20,496,True,1.5567,-1,2,1.3878,0.0,8.27,7,10,4
RandomPlacer,20,497,True,1.75,-1,2,0.8594,0.5,9.6,8,7,5
RandomPlacer,20,498,True,1.5567,-1,2,1.3469,0.0857,7.78,7,12,12
RandomPlacer,20,499,True,1.8424,-1,2,0.7755,0.5,8.22,7,9,4
RandomPlacer,20,500,True,1.9502,-1,2,0.8571,0.8,8.31,7,7,7
RandomPlacer,20,501,True,1.5613,-1,2,0.4375,0.0,9.7,8,6,1
RandomPlacer,20,502,True,1.8424,-1,4,0.6939,0.0,8.49,7,6,1
RandomPlacer,20,503,True,1.5,-1,2,1.9375,0.4,8.8,8,10,6
RandomPlacer,20,504,True,1.9502,-1,0,0.9796,-0.5,8.26,7,6,4
RandomPlacer,20,505,True,1.8424,-1,4,1.9592,0.8,7.82,7,11,5
RandomPlacer,20,506,True,1.8424,-1,3,0.6939,0.6,8.24,7,6,9
RandomPlacer,20,507,True,1.9056,-1,2,1.3594,-0.6,9.17,8,9,9
RandomPlacer,20,508,True,1.8424,-1,2,0.9796,0.4,8.16,7,8,7
RandomPlacer,20,509,True,0.5917,-1,2,0.4898,0.6,8.3,7,5,7
RandomPlacer,20,510,True,1.8424,-1,1,1.6327,-0.8,7.91,7,9,8
RandomPlacer,20,511,True,1.8424,-1,4,0.2449,-0.5,8.07,7,4,3
RandomPlacer,20,512,True,1.5567,-1,2,1.1429,0.3,7.97,7,7,8
RandomPlacer,20,513,True,1.5567,-1,2,0.4082,-0.7,8.17,7,6,10
RandomPlacer,20,514,True,1.4488,-1,3,0.5714,0.0,8.04,7,7,4
RandomPlacer,20,515,True,1.9502,-1,4,0.4082,0.8,8.04,7,6,4
RandomPlacer,20,516,True,1.5567,-1,4,0.6939,0.0,8.27,7,15,2
RandomPlacer,20,517,True,1.8424,-1,2,1.0612,0.0,7.85,7,9,1
RandomPlacer,20,518,True,1.5488,-1,2,0.9375,0.0,9.36,8,10,4
RandomPlacer,20,519,True,1.4056,-1,1,1.0,0.6,9.85,8,8,5
RandomPlacer,20,520,True,1.9502,-1,4,0.9796,0.0,7.73,7,6,4
RandomPlacer,20,521,True,1.3788,-1,3,0.7755,0.4857,8.05,7,5,10
RandomPlacer,20,522,True,1.5567,-1,2,1.1429,-0.4,7.51,7,14,7
RandomPlacer,20,523,True,1.5567,-1,2,1.1429,0.6786,7.4,7,7,10
RandomPlacer,20,524,True,1.8424,-1,1,0.4898,0.0,8.12,7,5,3
RandomPlacer,20,525,True,1.8424,-1,1,0.6939,0.8286,7.98,7,6,11
RandomPlacer,20,526,True,1.8424,-1,4,1.1429,1.0,8.21,7,14,5
RandomPlacer,20,527,True,1.3788,-1,1,1.2653,0.0,8.13,7,8,2
RandomPlacer,20,528,True,1.4488,-1,2,1.102,-0.1,8.14,7,10,8
RandomPlacer,20,529,True,1.5567,-1,2,0.9796,0.0,8.24,7,8,2
RandomPlacer,20,530,True,1.6645,-1,1,1.3878,0.3,8.06,7,11,7
RandomPlacer,20,531,True,1.3788,-1,1,0.4898,-0.5,8.12,7,5,7
RandomPlacer,20,532,True,1.4488,-1,3,0.2449,0.0,8.18,7,10,4
RandomPlacer,20,533,True,1.9056,-1,3,0.6875,0.0,9.64,8,10,3
RandomPlacer,20,534,True,2.0,-1,2,0.4375,0.5,9.75,8,6,3
RandomPlacer,20,535,True,1.3788,-1,3,1.3878,0.5,8.07,7,10,6
RandomPlacer,20,536,True,1.3788,-1,1,0.2449,0.4,8.21,7,4,7
RandomPlacer,20,537,True,1.5567,-1,2,0.9796,0.8,8.25,7,8,8
RandomPlacer,20,538,True,1.1488,-1,3,1.102,0.8,8.23,7,10,7
RandomPlacer,20,539,True,1.3788,-1,1,1.0612,-1.0,8.3,7,5,3
RandomPlacer,20,540,True,1.8424,-1,1,0.4898,0.0,7.86,7,5,3
RandomPlacer,20,541,True,1.4056,-1,1,0.7344,-0.5,9.0,8,13,5
RandomPlacer,20,542,True,1.8424,-1,3,0.2449,0.0,8.1,7,11,6
RandomPlacer,20,543,True,1.9502,-1,1,0.5306,0.5,7.72,7,10,8
RandomPlacer,20,544,True,1.3788,-1,3,1.3878,-0.4,8.37,7,10,5
RandomPlacer,20,545,True,1.5613,-1,2,1.0,1.0,9.61,8,4,6
RandomPlacer,20,546,True,1.9502,-1,3,0.2449,1.0,8.2,7,3,7
RandomPlacer,20,547,True,1.9056,-1,3,0.6094,-0.4,9.47,8,7,7
RandomPlacer,20,548,True,1.3788,-1,1,0.5306,-0.1,7.8,7,3,7
RandomPlacer,20,549,True,1.8424,-1,3,0.5306,0.2,8.35,7,4,10
RandomPlacer,20,550,True,1.3788,-1,2,1.1429,-0.4857,8.2,7,7,7
RandomPlacer,20,551,True,1.3788,-1,1,1.1429,1.0,7.96,7,7,6
RandomPlacer,20,552,True,1.3788,-1,3,0.5714,0.0,7.71,7,7,5
RandomPlacer,20,553,True,1.5567,-1,2,1.0612,0.0,8.27,7,5,4
RandomPlacer,20,554,True,1.5,-1,2,1.6094,0.8,8.83,8,9,8
RandomPlacer,20,555,True,1.3788,-1,3,0.8571,0.2,8.05,7,7,7
RandomPlacer,20,556,True,1.3788,-1,1,1.3878,0.0,8.32,7,10,2
RandomPlacer,20,557,True,1.9502,-1,2,0.7755,-0.5,7.88,7,5,5
RandomPlacer,20,558,True,1.5567,-1,2,0.4082,0.4,8.2,7,6,6
RandomPlacer,20,559,True,1.8424,-1,1,0.4898,-0.6,8.19,7,12,8
RandomPlacer,20,560,True,1.8424,-1,2,1.102,0.0,8.03,7,10,2
RandomPlacer,20,561,True,1.9502,-1,2,0.4082,0.8,8.24,7,6,8
RandomPlacer,20,562,True,1.8424,-1,3,0.6939,0.5,8.2,7,6,4
RandomPlacer,20,563,True,1.3788,-1,2,0.7755,0.0,8.27,7,9,5
RandomPlacer,20,564,True,1.9056,-1,2,0.4844,-1.0,9.46,8,3,6
RandomPlacer,20,565,True,1.0613,-1,1,0.4844,0.0,9.14,8,11,2
RandomPlacer,20,566,True,1.5567,-1,2,0.4082,-0.2,8.4,7,6,6
RandomPlacer,20,567,True,1.8424,-1,0,1.102,0.0,8.29,7,11,1
RandomPlacer,20,568,True,1.3788,-1,3,1.4286,0.4,8.27,7,7,9
RandomPlacer,20,569,True,1.4488,-1,3,0.6939,-0.8,7.97,7,8,5
RandomPlacer,20,570,True,1.5,-1,2,0.9375,0.4,9.6,8,6,6
RandomPlacer,20,571,True,1.9502,-1,0,0.6939,0.5,8.05,7,8,7
RandomPlacer,20,572,True,1.3788,-1,4,0.4898,0.6,8.32,7,5,5
RandomPlacer,20,573,True,1.5567,-1,2,0.6939,1.0,7.4,7,8,6
RandomPlacer,20,574,True,1.8424,-1,0,0.9796,-0.5,7.95,7,6,4
RandomPlacer,20,575,True,1.3788,-1,3,1.102,0.5,7.99,7,4,3
RandomPlacer,20,576,True,1.8113,-1,2,0.3594,0.0,9.38,8,9,4
RandomPlacer,20,577,True,1.9056,-1,1,1.1094,1.0,9.31,8,9,3
RandomPlacer,20,578,True,1.9502,-1,2,0.9796,0.0,8.21,7,8,4
RandomPlacer,20,579,True,1.5567,-1,2,0.7755,0.0,8.43,7,9,2
RandomPlacer,20,580,True,1.8424,-1,1,0.6939,-0.5,8.23,7,8,9
RandomPlacer,20,581,True,1.3788,-1,3,1.1429,0.0,8.04,7,7,3
RandomPlacer,20,582,True,1.8424,-1,2,1.7143,0.0,8.18,7,7,4
RandomPlacer,20,583,True,1.4488,-1,1,1.7143,0.1,7.63,7,7,9
RandomPlacer,20,584,True,1.8424,-1,1,0.4898,0.1,7.99,7,5,8
RandomPlacer,20,585,True,1.3788,-1,1,0.8163,-0.2,7.87,7,10,7
RandomPlacer,20,586,True,1.1488,-1,2,0.9796,0.8,8.17,7,6,10
RandomPlacer,20,587,True,1.9056,-1,1,0.6094,-0.5,9.52,8,15,3
RandomPlacer,20,588,True,0.9852,-1,2,1.0612,0.0,8.09,7,9,5
RandomPlacer,20,589,True,1.6645,-1,3,0.6939,0.2,7.49,7,6,7
RandomPlacer,20,590,True,1.8424,-1,2,0.7755,0.0,7.84,7,9,3
RandomPlacer,20,591,True,1.8424,-1,0,1.3878,-0.2,8.17,7,10,7
RandomPlacer,20,592,True,1.4488,-1,3,1.4286,-0.5,8.14,7,7,6
RandomPlacer,20,593,True,1.8113,-1,0,0.5,0.0,9.78,8,8,1
RandomPlacer,20,594,True,1.9502,-1,2,1.551,0.5,8.12,7,8,5
RandomPlacer,20,595,True,1.9056,-1,5,0.9375,0.0,9.64,8,10,1
RandomPlacer,20,596,True,1.5567,-1,2,0.8163,-0.6,7.99,7,11,10
RandomPlacer,20,597,True,1.8424,-1,1,0.6939,0.4,8.3,7,8,6
RandomPlacer,20,598,True,1.9502,-1,1,0.8163,0.0,8.29,7,11,3
RandomPlacer,20,599,True,1.9056,-1,3,0.6875,0.5,9.75,8,6,3
RandomPlacer,20,600,True,1.75,-1,1,0.8594,0.6,9.14,8,9,7
RandomPlacer,20,601,True,1.8424,-1,2,1.102,-0.8,7.94,7,10,7
RandomPlacer,20,602,True,1.2988,-1,3,0.4375,-0.2,9.47,8,6,7
RandomPlacer,20,603,True,1.6645,-1,2,1.2653,0.5,8.22,7,6,3
RandomPlacer,20,604,True,1.8424,-1,1,1.6735,0.0,8.0,7,11,3
RandomPlacer,20,605,True,1.6645,-1,2,0.8163,0.7,8.16,7,11,8
RandomPlacer,20,606,True,1.4056,-1,1,1.2344,-0.5,9.54,8,11,6
RandomPlacer,20,607,True,1.6645,-1,2,0.9796,0.0,8.22,7,6,4
RandomPlacer,20,608,True,1.8424,-1,3,1.102,0.4,7.84,7,11,10
RandomPlacer,20,609,True,1.1488,-1,1,1.1429,0.5,8.06,7,7,6
RandomPlacer,20,610,True,0.8631,-1,3,0.4898,0.4,8.09,7,5,6
RandomPlacer,20,611,True,1.2988,-1,3,0.4844,0.4,9.38,8,5,5
RandomPlacer,20,612,True,1.3788,-1,2,0.9796,0.0,8.16,7,8,3
RandomPlacer,20,613,True,1.9502,-1,2,0.4898,0.8,8.09,7,2,5
RandomPlacer,20,614,True,1.4488,-1,3,0.4082,0.0,7.97,7,6,1
RandomPlacer,20,615,True,1.5567,-1,4,1.7143,0.2,8.3,7,7,6
RandomPlacer,20,616,True,1.5567,-1,2,1.0612,-0.5,8.02,7,9,7
RandomPlacer,20,617,True,0.5436,-1,2,0.5,0.4,9.54,8,4,6
RandomPlacer,20,618,True,1.8424,-1,1,1.102,0.5,8.23,7,11,7
RandomPlacer,20,619,True,1.8424,-1,2,0.2449,0.5,7.5,7,3,3
RandomPlacer,20,620,True,1.8424,-1,0,0.6939,0.8,8.25,7,6,6
RandomPlacer,20,621,True,1.9502,-1,2,1.102,-0.5,7.94,7,10,4
RandomPlacer,20,622,True,0.5917,-1,3,1.0612,0.0,8.28,7,9,1
RandomPlacer,20,623,True,1.9502,-1,5,0.5306,0.3214,8.18,7,3,10
RandomPlacer,20,624,True,1.5567,-1,2,0.4898,0.6,7.57,7,2,7
RandomPlacer,20,625,True,1.8424,-1,0,1.102,-0.8,8.05,7,10,9
RandomPlacer,20,626,True,1.8424,-1,4,1.0612,0.1,7.89,7,5,7
RandomPlacer,20,627,True,0.9852,-1,3,1.0612,0.2,8.62,7,9,6
RandomPlacer,20,628,True,1.4488,-1,2,0.6939,-0.6,8.32,7,6,8
RandomPlacer,20,629,True,1.3788,-1,1,0.7755,0.6,8.27,7,5,7
RandomPlacer,20,630,True,1.8424,-1,1,1.0612,-0.6,7.7,7,12,9
RandomPlacer,20,631,True,1.8113,-1,0,0.4375,0.4,9.58,8,6,6
RandomPlacer,20,632,True,1.3788,-1,2,1.3469,0.0,7.88,7,9,2
RandomPlacer,20,633,True,1.5613,-1,6,1.5,-0.7,8.75,8,8,7
RandomPlacer,20,634,True,1.6645,-1,1,0.2449,0.1429,8.24,7,4,12
RandomPlacer,20,635,True,1.8424,-1,0,0.4082,0.1,8.74,7,6,7
RandomPlacer,20,636,True,1.8424,-1,2,0.2449,-0.4,8.01,7,4,6
RandomPlacer,20,637,True,1.1488,-1,1,1.551,-0.5,8.17,7,8,5
RandomPlacer,20,638,True,1.9056,-1,1,0.9844,-1.0,9.51,8,11,5
RandomPlacer,20,639,True,1.4488,-1,1,0.4082,-0.8,8.24,7,6,8
RandomPlacer,20,640,True,1.5567,-1,3,0.7755,0.0,8.34,7,9,2
RandomPlacer,20,641,True,1.8424,-1,1,0.4082,0.4,8.12,7,8,6
RandomPlacer,20,642,True,1.9502,-1,1,0.4898,-0.5,7.67,7,9,5
RandomPlacer,20,643,True,0.8631,-1,3,0.5306,-0.5,8.21,7,10,6
RandomPlacer,20,644,True,1.1488,-1,1,1.102,-0.4,8.19,7,10,7
RandomPlacer,20,645,True,1.3788,-1,3,1.3469,0.6,7.97,7,12,7
RandomPlacer,20,646,True,1.8424,-1,3,1.0612,-0.4,7.96,7,16,7
RandomPlacer,20,647,True,1.3788,-1,3,1.2653,-0.2,8.34,7,6,5
RandomPlacer,20,648,True,1.0613,-1,2,0.4375,0.5,9.72,8,6,3
RandomPlacer,20,649,True,1.9056,-1,2,0.1875,-0.5,9.36,8,10,6
RandomPlacer,20,650,True,1.8424,-1,1,1.551,-0.9,8.17,7,8,7
RandomPlacer,20,651,True,1.8424,-1,3,0.9796,0.0,8.25,7,6,3
RandomPlacer,20,652,True,1.8424,-1,2,1.1429,0.0,7.91,7,7,5
RandomPlacer,20,653,True,1.8424,-1,2,0.4082,0.0,7.76,7,15,2
RandomPlacer,20,654,True,1.3788,-1,1,1.3469,0.0,7.96,7,9,3
RandomPlacer,20,655,True,1.5567,-1,2,0.5714,-1.0,8.02,7,7,4
RandomPlacer,20,656,True,1.8424,-1,2,0.9796,-0.5,8.1,7,6,4
RandomPlacer,20,657,True,1.8113,-1,1,1.0,-0.5,9.56,8,12,5
RandomPlacer,20,658,True,1.8424,-1,3,1.2653,0.2571,8.03,7,6,8
RandomPlacer,20,659,True,1.3788,-1,1,1.6327,-0.7,7.86,7,12,11
RandomPlacer,20,660,True,1.5567,-1,2,1.2653,-0.5,7.97,7,8,4
RandomPlacer,20,661,True,1.5,-1,2,1.1094,-0.5,9.63,8,9,5
RandomPlacer,20,662,True,1.4488,-1,4,0.9796,0.0,8.14,7,6,5
RandomPlacer,20,663,True,1.9502,-1,3,1.6327,-0.4,7.59,7,12,7
RandomPlacer,20,664,True,1.5567,-1,2,0.7755,0.5,8.3,7,9,4
RandomPlacer,20,665,True,1.8424,-1,4,0.7755,0.4,8.22,7,12,5
RandomPlacer,20,666,True,1.5567,-1,2,0.4082,-0.5,8.2,7,8,5
RandomPlacer,20,667,True,1.8424,-1,1,0.4898,-0.4,8.16,7,5,8
RandomPlacer,20,668,True,1.6645,-1,2,0.4898,0.0,8.08,7,9,4
RandomPlacer,20,669,True,1.3788,-1,3,0.8163,-0.8,7.97,7,10,6
RandomPlacer,20,670,True,1.4488,-1,2,1.3469,0.4,8.31,7,9,8
RandomPlacer,20,671,True,0.9852,-1,3,1.6735,-0.2,8.03,7,10,4
RandomPlacer,20,672,True,1.8424,-1,1,1.0612,1.0,8.43,7,9,3
RandomPlacer,20,673,True,1.5567,-1,2,1.0612,1.0,8.73,7,9,5
RandomPlacer,20,674,True,1.9502,-1,1,0.4898,0.2,7.98,7,9,9
RandomPlacer,20,675,True,1.9056,-1,2,0.5,0.6,9.84,8,8,7
RandomPlacer,20,676,True,1.9056,-1,5,1.2344,0.0,9.4,8,11,4
RandomPlacer,20,677,True,1.4488,-1,2,0.8163,0.0,8.02,7,10,3
RandomPlacer,20,678,True,1.0613,-1,1,1.1094,0.7714,9.67,8,9,9
RandomPlacer,20,679,True,1.9502,-1,1,0.2449,0.4,8.3,7,3,8
RandomPlacer,20,680,True,1.3788,-1,2,0.5714,-0.8,8.08,7,7,9
RandomPlacer,20,681,True,1.9056,-1,4,0.3594,1.0,9.2,8,7,5
RandomPlacer,20,682,True,1.9502,-1,2,1.1429,0.5,7.88,7,7,6
RandomPlacer,20,683,True,1.3788,-1,1,1.2653,0.0,8.29,7,6,2
RandomPlacer,20,684,True,1.5567,-1,2,0.4898,0.8,8.24,7,9,8
RandomPlacer,20,685,True,1.6645,-1,2,0.6939,0.0,8.07,7,6,7
RandomPlacer,20,686,True,1.3788,-1,3,1.3878,0.5,7.83,7,11,4
RandomPlacer,20,687,True,1.3788,-1,2,1.2653,-0.4,7.98,7,8,6
RandomPlacer,20,688,True,1.5,-1,2,0.4844,-0.1429,9.47,8,5,7
RandomPlacer,20,689,True,1.2988,-1,3,0.3594,0.0,9.67,8,7,2
RandomPlacer,20,690,True,1.3788,-1,3,1.2653,-0.2,8.09,7,8,10
RandomPlacer,20,691,True,1.1488,-1,1,1.0612,-0.3,8.26,7,9,10
RandomPlacer,20,692,True,1.3788,-1,3,1.1429,0.0,7.28,7,7,3
RandomPlacer,20,693,True,1.9502,-1,0,0.5306,-0.7714,7.79,7,4,12
RandomPlacer,20,694,True,0.8631,-1,3,0.9796,0.0,8.28,7,8,2
RandomPlacer,20,695,True,1.8424,-1,0,0.8571,0.0,8.32,7,14,2
RandomPlacer,20,696,True,1.9502,-1,1,0.4898,-0.5,8.13,7,9,5
RandomPlacer,20,697,True,1.6645,-1,2,1.0612,-0.4,8.09,7,5,9
RandomPlacer,20,698,True,1.5613,-1,2,0.8594,0.0,9.68,8,9,4
RandomPlacer,20,699,True,1.8424,-1,4,0.5306,0.5,7.29,7,4,5
RandomPlacer,20,700,True,1.3788,-1,1,0.9796,0.1,8.24,7,8,9
RandomPlacer,20,701,True,1.8424,-1,2,0.2857,-0.5,8.33,7,7,7
RandomPlacer,20,702,True,1.8424,-1,1,0.6939,0.0,7.66,7,15,4
RandomPlacer,20,703,True,1.8424,-1,3,1.3469,-1.0,7.84,7,9,7
RandomPlacer,20,704,True,1.4056,-1,2,0.6875,0.8,9.17,8,10,7
RandomPlacer,20,705,True,1.3788,-1,3,0.5714,1.0,8.05,7,7,5
RandomPlacer,20,706,True,1.3788,-1,1,1.0612,-0.5,7.92,7,9,5
RandomPlacer,20,707,True,1.4488,-1,1,0.5306,0.5,8.09,7,4,6
RandomPlacer,20,708,True,1.5567,-1,4,0.4898,-0.4,8.05,7,12,6
RandomPlacer,20,709,True,1.4488,-1,3,0.5306,0.0,8.13,7,4,5
RandomPlacer,20,710,True,1.9502,-1,3,0.9796,0.0,8.13,7,13,4
RandomPlacer,20,711,True,1.8424,-1,0,0.4898,-0.8,8.15,7,12,8
RandomPlacer,20,712,True,0.9852,-1,3,0.8163,0.4,8.03,7,11,5
RandomPlacer,20,713,True,1.5,-1,2,0.5,0.0,9.88,8,8,3
RandomPlacer,20,714,True,1.4056,-1,4,0.4844,0.0,9.38,8,5,3
RandomPlacer,20,715,True,1.8424,-1,1,1.1429,-0.8,7.26,7,7,5
RandomPlacer,20,716,True,1.5567,-1,2,1.551,0.0,8.2,7,8,5
RandomPlacer,20,717,True,1.8424,-1,2,0.5306,0.8,7.77,7,10,5
RandomPlacer,20,718,True,1.8424,-1,3,1.2653,1.0,7.57,7,8,5
RandomPlacer,20,719,True,1.6645,-1,2,1.2653,0.3143,7.97,7,8,10
RandomPlacer,20,720,True,1.5567,-1,2,1.102,-0.8,8.43,7,10,8
RandomPlacer,20,721,True,1.9502,-1,1,1.1429,0.0,8.4,7,7,0
RandomPlacer,20,722,True,1.3788,-1,1,0.8571,0.0,8.29,7,7,8
RandomPlacer,20,723,True,1.1488,-1,2,0.8163,0.0,8.14,7,11,2
RandomPlacer,20,724,True,1.4488,-1,3,1.3878,-0.2,8.02,7,11,6
RandomPlacer,20,725,True,1.8424,-1,0,1.2653,0.6,8.02,7,8,10
RandomPlacer,20,726,True,1.5613,-1,2,0.75,0.0,9.69,8,8,0
RandomPlacer,20,727,True,1.8424,-1,2,0.7755,0.0,8.33,7,9,2
RandomPlacer,20,728,True,1.9502,-1,4,1.1429,1.0,8.24,7,7,3
RandomPlacer,20,729,True,1.9056,-1,3,0.4375,0.5,9.83,8,6,5
RandomPlacer,20,730,True,1.6645,-1,3,1.102,0.0,7.99,7,11,4
RandomPlacer,20,731,True,1.8424,-1,2,0.4898,0.4,8.1,7,12,6
RandomPlacer,20,732,True,1.3788,-1,3,1.9592,0.5,7.93,7,10,7
RandomPlacer,20,733,True,1.8424,-1,4,1.3878,0.8,7.99,7,11,7
RandomPlacer,20,734,True,1.6645,-1,0,0.2449,0.0,7.93,7,4,6
RandomPlacer,20,735,True,1.8424,-1,0,0.6939,0.5,8.17,7,6,4
RandomPlacer,20,736,True,1.9502,-1,5,0.4898,-0.5,8.14,7,5,5
RandomPlacer,20,737,True,0.9852,-1,3,1.1429,-0.6,8.41,7,7,8
RandomPlacer,20,738,True,1.9502,-1,3,0.9796,-1.0,7.66,7,8,7
RandomPlacer,20,739,True,1.75,-1,1,0.6875,0.0,9.39,8,10,2
RandomPlacer,20,740,True,1.8424,-1,1,1.3878,0.3143,8.01,7,10,11
RandomPlacer,20,741,True,0.9852,-1,3,1.102,1.0,8.29,7,11,4
RandomPlacer,20,742,True,0.5917,-1,2,0.5714,0.2,8.25,7,7,8
RandomPlacer,20,743,True,1.6645,-1,1,0.5714,0.0,8.23,7,7,2
RandomPlacer,20,744,True,1.8424,-1,2,0.8163,-0.5,8.01,7,11,4
RandomPlacer,20,745,True,1.1488,-1,2,1.551,0.0857,8.01,7,8,9
RandomPlacer,20,746,True,1.8424,-1,3,0.7755,-0.2,7.31,7,12,11
RandomPlacer,20,747,True,1.3788,-1,1,1.2653,0.0,8.08,7,6,5
RandomPlacer,20,748,True,1.75,-1,0,0.6094,0.2,9.7,8,7,6
RandomPlacer,20,749,True,1.9056,-1,1,0.25,1.0,8.77,8,4,5
RandomPlacer,20,750,True,1.9502,-1,0,1.2653,-0.2,8.27,7,8,9
RandomPlacer,20,751,True,1.3788,-1,3,0.9796,0.0,8.29,7,8,8
RandomPlacer,20,752,True,1.5,-1,2,0.1875,0.2,9.4,8,6,9
RandomPlacer,20,753,True,1.4056,-1,3,0.3594,-1.0,9.32,8,7,5
RandomPlacer,20,754,True,1.1488,-1,2,1.0612,-0.8,8.08,7,9,7
RandomPlacer,20,755,True,1.75,-1,1,0.9375,0.0,9.65,8,10,4
RandomPlacer,20,756,True,1.8424,-1,1,0.6939,0.0,8.0,7,13,2
RandomPlacer,20,757,True,1.1488,-1,1,1.6327,0.1,8.04,7,12,8
RandomPlacer,20,758,True,1.6645,-1,1,0.8571,0.4,8.18,7,7,7
RandomPlacer,20,759,True,1.8424,-1,0,1.2653,-0.5,8.36,7,6,4
RandomPlacer,20,760,True,1.5488,-1,2,0.5,-0.8,9.51,8,4,6
RandomPlacer,20,761,True,1.9502,-1,4,0.9796,0.5,8.23,7,6,5
RandomPlacer,20,762,True,1.5488,-1,1,0.3594,0.5,9.55,8,7,6
RandomPlacer,20,763,True,1.75,-1,2,0.2344,-0.5,9.17,8,5,4
RandomPlacer,20,764,True,1.8424,-1,2,1.551,0.0,7.97,7,8,2
RandomPlacer,20,765,True,1.8424,-1,0,0.6939,-1.0,8.5,7,8,4
RandomPlacer,20,766,True,1.5488,-1,1,1.1875,0.0,9.43,8,14,3
RandomPlacer,20,767,True,1.8424,-1,2,1.6735,-0.1,7.96,7,11,7
RandomPlacer,20,768,True,1.8424,-1,1,0.2041,0.4,8.09,7,5,7
RandomPlacer,20,769,True,1.3788,-1,3,0.9796,0.5,7.88,7,13,6
RandomPlacer,20,770,True,1.9502,-1,2,0.6939,-0.8,8.01,7,15,8
RandomPlacer,20,771,True,1.3788,-1,3,1.3878,0.0,8.25,7,11,2
RandomPlacer,20,772,True,1.9502,-1,2,0.7755,0.0,8.23,7,9,4
RandomPlacer,20,773,True,1.5567,-1,3,1.1429,-0.8,7.89,7,7,7
RandomPlacer,20,774,True,0.9852,-1,3,1.2653,0.0,8.11,7,8,6
RandomPlacer,20,775,True,1.8424,-1,3,1.0612,0.0,7.97,7,9,5
RandomPlacer,20,776,True,1.8424,-1,1,0.4898,-0.4,8.13,7,5,11
RandomPlacer,20,777,True,0.9852,-1,3,0.5714,-0.5,8.13,7,7,3
RandomPlacer,20,778,True,1.4056,-1,2,0.4375,0.1429,9.57,8,10,8
RandomPlacer,20,779,True,1.5567,-1,2,0.7755,-0.4,7.94,7,9,8
RandomPlacer,20,780,True,1.4056,-1,2,0.8594,1.0,9.61,8,7,5
RandomPlacer,20,781,True,1.3788,-1,1,1.0612,0.0,8.02,7,12,4
RandomPlacer,20,782,True,1.5,-1,2,0.75,0.5,10.16,8,8,3
RandomPlacer,20,783,True,1.9502,-1,0,0.9796,-0.5,8.16,7,6,7
RandomPlacer,20,784,True,1.5567,-1,2,1.3469,-0.5,7.6,7,9,4
RandomPlacer,20,785,True,1.1488,-1,1,1.3878,-0.5,7.89,7,10,3
RandomPlacer,20,786,True,1.8424,-1,0,1.2653,0.0,7.92,7,6,3
RandomPlacer,20,787,True,1.8424,-1,2,1.2653,1.0,8.11,7,8,5
RandomPlacer,20,788,True,1.5613,-1,6,0.2344,0.0,9.1,8,3,3
RandomPlacer,20,789,True,0.9852,-1,3,0.5714,1.0,7.68,7,7,10
RandomPlacer,20,790,True,1.5567,-1,2,0.4898,0.4,8.15,7,5,8
RandomPlacer,20,791,True,1.4056,-1,1,0.2344,0.0,9.2,8,11,2
RandomPlacer,20,792,True,1.3788,-1,1,0.4898,-0.8,8.23,7,9,4
RandomPlacer,20,793,True,1.3788,-1,3,1.0612,0.0,7.98,7,9,4
RandomPlacer,20,794,True,1.5567,-1,2,1.0612,0.0,8.13,7,9,3
RandomPlacer,20,795,True,1.75,-1,3,0.25,-0.2,9.57,8,4,5
RandomPlacer,20,796,True,1.3788,-1,2,1.0612,0.1,7.92,7,5,8
RandomPlacer,20,797,True,1.5567,-1,2,0.7755,-0.5,8.28,7,9,5
RandomPlacer,20,798,True,1.8424,-1,2,0.9796,0.0,8.06,7,6,2
RandomPlacer,20,799,True,1.6645,-1,1,0.7755,-0.4,8.0,7,5,6
RandomPlacer,20,800,True,1.6645,-1,1,0.8571,0.4,7.67,7,7,9
RandomPlacer,20,801,True,1.5,-1,2,1.0,0.0,9.78,8,8,1
RandomPlacer,20,802,True,1.5567,-1,2,0.6939,-1.0,8.33,7,8,4
RandomPlacer,20,803,True,1.9502,-1,2,1.0612,0.0,8.34,7,9,2
RandomPlacer,20,804,True,1.8424,-1,2,0.9796,0.0,7.85,7,6,2
RandomPlacer,20,805,True,1.8424,-1,2,0.4898,-0.8,8.19,7,5,5
RandomPlacer,20,806,True,1.4488,-1,3,0.8163,-0.5,7.59,7,10,4
RandomPlacer,20,807,True,1.9502,-1,0,1.0612,0.4,8.0,7,9,5
RandomPlacer,20,808,True,1.75,-1,5,0.1094,0.0,9.26,8,7,0
RandomPlacer,20,809,True,0.9852,-1,3,0.8163,0.0,8.1,7,10,4
RandomPlacer,20,810,True,1.8424,-1,2,1.0612,0.0,8.32,7,9,5
RandomPlacer,20,811,True,0.8631,-1,3,0.5306,-0.2,8.19,7,4,13
RandomPlacer,20,812,True,1.9502,-1,2,1.3878,-0.1,8.01,7,10,12
RandomPlacer,20,813,True,0.8631,-1,3,0.2041,-0.2,8.24,7,2,7
RandomPlacer,20,814,True,1.6645,-1,0,1.551,1.0,7.88,7,8,4
RandomPlacer,20,815,True,1.8424,-1,0,0.4898,0.5,8.24,7,12,5
RandomPlacer,20,816,True,1.6645,-1,0,0.5714,0.5,8.01,7,14,4
RandomPlacer,20,817,True,1.9056,-1,2,0.3594,0.5,9.72,8,7,3
RandomPlacer,20,818,True,1.5613,-1,2,0.9844,0.0,9.75,8,11,0
RandomPlacer,20,819,True,1.4488,-1,2,1.0612,0.8,7.92,7,12,9
RandomPlacer,20,820,True,1.8424,-1,2,0.4082,0.0,8.22,7,6,2
RandomPlacer,20,821,True,1.8424,-1,5,0.9796,1.0,7.93,7,8,7
RandomPlacer,20,822,True,1.8424,-1,3,0.6939,-0.2,8.08,7,6,6
RandomPlacer,20,823,True,1.3788,-1,3,0.4082,-0.8,8.14,7,8,7
RandomPlacer,20,824,True,1.4488,-1,3,1.2653,-0.5,8.37,7,6,4
RandomPlacer,20,825,True,1.5567,-1,2,0.4082,-0.5,8.26,7,6,8
RandomPlacer,20,826,True,1.5567,-1,2,1.102,0.0,8.34,7,11,2
RandomPlacer,20,827,True,1.5567,-1,2,0.9796,0.5,7.91,7,8,5
RandomPlacer,20,828,True,1.9502,-1,2,0.5714,0.0,7.95,7,7,2
RandomPlacer,20,829,True,1.8424,-1,4,1.6327,-0.5,7.78,7,9,5
RandomPlacer,20,830,True,1.6645,-1,1,0.8571,-0.7,8.1,7,7,7
RandomPlacer,20,831,True,1.3788,-1,1,1.9592,0.0,8.03,7,10,3
RandomPlacer,20,832,True,1.3788,-1,3,0.9796,0.0,8.04,7,13,4
RandomPlacer,20,833,True,1.75,-1,3,0.6094,0.0286,9.65,8,7,7
RandomPlacer,20,834,True,1.3788,-1,1,1.0612,0.5,8.03,7,12,4
RandomPlacer,20,835,True,1.9056,-1,4,0.6094,-1.0,9.71,8,7,5
RandomPlacer,20,836,True,1.4488,-1,3,1.0612,0.0,8.17,7,9,3
RandomPlacer,20,837,True,1.8424,-1,2,0.9796,0.0,7.77,7,6,5
RandomPlacer,20,838,True,1.75,-1,2,0.9844,0.0,9.55,8,11,2
RandomPlacer,20,839,True,1.9502,-1,3,0.5306,-1.0,7.92,7,3,8
RandomPlacer,20,840,True,1.2988,-1,3,0.4375,-0.4,9.37,8,10,4
RandomPlacer,20,841,True,1.8424,-1,1,0.8163,-0.5,8.07,7,10,6
RandomPlacer,20,842,True,1.8424,-1,0,0.4898,-0.2,8.35,7,5,8
RandomPlacer,20,843,True,1.8424,-1,2,1.7143,-0.5,8.12,7,7,6
RandomPlacer,20,844,True,1.3788,-1,3,0.7755,0.8,8.5,7,9,5
RandomPlacer,20,845,True,1.8424,-1,0,1.102,-0.5,8.07,7,10,5
RandomPlacer,20,846,True,1.3788,-1,2,0.4898,-0.2,8.23,7,5,6
RandomPlacer,20,847,True,1.8424,-1,3,0.4898,0.3,8.24,7,9,7
RandomPlacer,20,848,True,1.8424,-1,3,0.4898,0.0,8.09,7,9,2
RandomPlacer,20,849,True,1.8424,-1,1,0.2857,0.0,7.94,7,7,2
RandomPlacer,20,850,True,0.9852,-1,3,0.2449,-0.2,8.27,7,4,8
RandomPlacer,20,851,True,1.5567,-1,2,0.8571,-0.3,8.23,7,7,8
RandomPlacer,20,852,True,1.3788,-1,4,1.6327,0.5,8.27,7,9,4
RandomPlacer,20,853,True,1.5488,-1,1,0.6094,0.0,9.61,8,15,0
RandomPlacer,20,854,True,1.9056,-1,2,1.1094,-0.5,9.69,8,7,5
RandomPlacer,20,855,True,1.6645,-1,2,0.9796,-0.6,8.03,7,6,7
RandomPlacer,20,856,True,0.9852,-1,2,0.9796,-0.5,8.2,7,6,5
RandomPlacer,20,857,True,1.9502,-1,3,0.4898,0.8,8.27,7,5,7
RandomPlacer,20,858,True,1.75,-1,0,1.1875,0.4,9.31,8,10,7
RandomPlacer,20,859,True,1.3788,-1,3,0.9796,-1.0,8.22,7,8,4
RandomPlacer,20,860,True,1.5567,-1,2,0.2449,-0.5,7.67,7,4,4
RandomPlacer,20,861,True,1.3788,-1,3,1.551,0.0,8.17,7,8,3
RandomPlacer,20,862,True,1.5567,-1,2,0.4082,-0.8,7.98,7,8,7
RandomPlacer,20,863,True,1.3788,-1,1,0.6939,0.0,8.17,7,6,2
RandomPlacer,20,864,True,1.5567,-1,2,1.0612,-0.8,8.0,7,9,7
RandomPlacer,20,865,True,1.9502,-1,3,0.5306,0.0857,8.25,7,4,7
RandomPlacer,20,866,True,1.3788,-1,1,0.5714,-1.0,8.16,7,7,9
RandomPlacer,20,867,True,1.9502,-1,3,0.5306,0.4,7.98,7,10,9
RandomPlacer,20,868,True,1.75,-1,0,0.9375,-1.0,9.6,8,10,6
RandomPlacer,20,869,True,1.6645,-1,2,0.7755,0.0,8.16,7,9,2
RandomPlacer,20,870,True,1.8424,-1,3,1.6735,1.0,7.82,7,11,5
RandomPlacer,20,871,True,1.8424,-1,6,1.0612,0.3,8.13,7,9,8
RandomPlacer,20,872,True,1.3788,-1,2,0.9796,-0.8,8.3,7,6,9
RandomPlacer,20,873,True,1.8424,-1,3,1.6735,0.6786,7.88,7,11,11
RandomPlacer,20,874,True,1.2988,-1,1,0.6094,-0.2,9.71,8,9,5
RandomPlacer,20,875,True,1.75,-1,2,1.1094,-0.9,9.74,8,7,7
RandomPlacer,20,876,True,1.5567,-1,2,0.9796,-0.5,8.27,7,8,3
RandomPlacer,20,877,True,1.3788,-1,1,1.3878,1.0,8.44,7,11,5
RandomPlacer,20,878,True,1.8424,-1,1,0.2449,0.4,8.0,7,4,6
RandomPlacer,20,879,True,1.8424,-1,1,1.3878,-0.4857,8.06,7,10,9
RandomPlacer,20,880,True,1.4488,-1,1,1.3469,0.0,8.0,7,9,2
RandomPlacer,20,881,True,1.8424,-1,1,1.3469,0.2,7.85,7,12,8
RandomPlacer,20,882,True,1.9502,-1,2,1.551,0.2,8.19,7,8,10
RandomPlacer,20,883,True,1.9056,-1,1,1.25,0.8,9.68,8,8,8
RandomPlacer,20,884,True,1.8424,-1,0,0.4898,-0.5,8.3,7,5,7
RandomPlacer,20,885,True,1.3788,-1,2,0.4898,0.0,8.42,7,5,1
RandomPlacer,20,886,True,1.4488,-1,3,1.4286,-1.0,8.22,7,7,6
RandomPlacer,20,887,True,0.8631,-1,3,0.4898,-0.2,8.06,7,12,8
RandomPlacer,20,888,True,2.0,-1,2,0.5,0.0,8.96,8,4,3
RandomPlacer,20,889,True,1.8424,-1,3,0.9796,0.5,7.93,7,8,5
RandomPlacer,20,890,True,1.5567,-1,2,0.8163,-0.4,7.92,7,11,4
RandomPlacer,20,891,True,1.8424,-1,1,1.0612,-0.4,8.24,7,9,6
RandomPlacer,20,892,True,1.4488,-1,3,1.2653,0.0,8.45,7,8,1
RandomPlacer,20,893,True,1.9502,-1,1,1.0612,-0.4,8.34,7,9,6
RandomPlacer,20,894,True,1.9502,-1,1,0.8163,0.4,8.39,7,10,7
RandomPlacer,20,895,True,1.8424,-1,1,1.2653,0.6,7.83,7,6,7
RandomPlacer,20,896,True,1.5567,-1,2,0.6939,1.0,8.19,7,6,5
RandomPlacer,20,897,True,1.9502,-1,0,0.8571,0.5,7.62,7,7,7
RandomPlacer,20,898,True,1.9056,-1,2,0.4375,-0.8,9.06,8,6,4
RandomPlacer,20,899,True,1.8424,-1,3,0.4898,0.0,8.22,7,2,3
RandomPlacer,20,900,True,1.4056,-1,1,1.25,0.4,9.53,8,8,5
RandomPlacer,20,901,True,1.6645,-1,1,1.0612,0.4,7.68,7,9,8
RandomPlacer,20,902,True,1.8424,-1,2,1.3878,-1.0,8.28,7,11,8
RandomPlacer,20,903,True,1.8424,-1,3,0.9796,0.6,8.2,7,8,8
RandomPlacer,20,904,True,1.3788,-1,3,1.2653,1.0,8.05,7,13,6
RandomPlacer,20,905,True,1.75,-1,0,0.4375,-0.5,9.33,8,6,4
RandomPlacer,20,906,True,1.4488,-1,1,0.4082,0.5,8.34,7,6,4
RandomPlacer,20,907,True,1.5567,-1,2,0.4898,0.0,8.02,7,9,6
RandomPlacer,20,908,True,0.9852,-1,3,1.6735,1.0,8.12,7,11,9
RandomPlacer,20,909,True,1.8424,-1,2,0.7755,1.0,7.92,7,9,6
RandomPlacer,20,910,True,1.3788,-1,1,0.9796,0.0,7.94,7,8,2
RandomPlacer,20,911,True,1.5567,-1,2,0.6939,0.4,8.36,7,8,5
RandomPlacer,20,912,True,1.9502,-1,2,1.0612,-0.2,8.35,7,9,5
RandomPlacer,20,913,True,1.6645,-1,2,0.9796,0.4,7.76,7,6,9
RandomPlacer,20,914,True,1.8424,-1,4,0.8571,-0.2571,8.03,7,7,11
RandomPlacer,20,915,True,1.5613,-1,2,0.25,0.0,9.72,8,4,3
RandomPlacer,20,916,True,1.9502,-1,1,1.2653,-1.0,7.92,7,13,8
RandomPlacer,20,917,True,1.6645,-1,1,0.6939,-0.3,8.15,7,8,6
RandomPlacer,20,918,True,1.5567,-1,2,0.7755,-0.5,8.28,7,9,8
RandomPlacer,20,919,True,0.9852,-1,2,1.3878,0.0,8.18,7,10,1
RandomPlacer,20,920,True,1.9502,-1,4,0.4898,1.0,7.96,7,5,4
RandomPlacer,20,921,True,1.4056,-1,1,0.4375,0.0,9.66,8,6,2
RandomPlacer,20,922,True,1.3788,-1,2,0.5306,1.0,8.15,7,11,6
RandomPlacer,20,923,True,1.3788,-1,2,0.9796,0.0,8.42,7,8,1
RandomPlacer,20,924,True,1.8113,-1,1,1.9844,0.5,9.6,8,13,3
RandomPlacer,20,925,True,1.5567,-1,2,1.1429,0.2,8.22,7,7,5
RandomPlacer,20,926,True,1.9502,-1,2,1.0612,1.0,8.02,7,5,6
RandomPlacer,20,927,True,1.5567,-1,2,0.4082,1.0,8.14,7,8,4
RandomPlacer,20,928,True,0.8631,-1,3,0.8571,0.2,8.06,7,7,8
RandomPlacer,20,929,True,1.8424,-1,1,1.6327,0.5,8.04,7,9,5
RandomPlacer,20,930,True,1.8424,-1,1,1.3878,-0.8,8.2,7,10,9
RandomPlacer,20,931,True,0.9852,-1,2,0.8163,0.5,8.19,7,10,6
RandomPlacer,20,932,True,1.4488,-1,3,0.5306,0.8,7.98,7,4,7
RandomPlacer,20,933,True,1.1488,-1,2,0.6939,0.2,7.93,7,15,7
RandomPlacer,20,934,True,1.8424,-1,0,0.9796,-0.9,8.23,7,6,8
RandomPlacer,20,935,True,1.3788,-1,3,1.2653,0.0,8.18,7,6,2
RandomPlacer,20,936,True,1.9502,-1,4,0.9796,0.4,7.68,7,8,6
RandomPlacer,20,937,True,1.5567,-1,2,0.5306,-0.2,7.91,7,4,4
RandomPlacer,20,938,True,1.9056,-1,1,0.4844,-0.7,9.76,8,5,7
RandomPlacer,20,939,True,1.3788,-1,1,0.7755,0.8,8.34,7,5,5
RandomPlacer,20,940,True,1.8424,-1,0,0.6939,0.0,7.88,7,8,3
RandomPlacer,20,941,True,1.9502,-1,1,1.1429,0.0,8.27,7,7,3
RandomPlacer,20,942,True,1.3788,-1,2,1.0612,0.6,7.83,7,9,9
RandomPlacer,20,943,True,1.8424,-1,1,0.7755,-0.4,7.77,7,9,6
RandomPlacer,20,944,True,1.6645,-1,1,1.551,0.8,8.18,7,13,8
RandomPlacer,20,945,True,0.5917,-1,2,1.102,0.4,7.84,7,11,5
RandomPlacer,20,946,True,1.8424,-1,1,0.4082,0.0,8.16,7,6,1
RandomPlacer,20,947,True,1.4056,-1,3,1.0,0.0,9.18,8,12,2
RandomPlacer,20,948,True,1.1488,-1,2,1.0612,0.5,8.11,7,9,5
RandomPlacer,20,949,True,1.8113,-1,2,0.4375,0.0,9.62,8,6,4
RandomPlacer,20,950,True,1.8424,-1,0,0.8571,0.0,8.45,7,7,1
RandomPlacer,20,951,True,1.8424,-1,4,0.7755,0.0,8.41,7,9,3
RandomPlacer,20,952,True,1.9502,-1,2,0.5306,0.0,8.39,7,4,2
RandomPlacer,20,953,True,1.8424,-1,3,1.3878,-0.8,8.31,7,10,5
RandomPlacer,20,954,True,0.9852,-1,3,0.8163,1.0,7.84,7,10,5
RandomPlacer,20,955,True,1.75,-1,3,1.1875,0.0,9.44,8,10,6
RandomPlacer,20,956,True,1.8424,-1,0,0.4898,0.0,8.29,7,12,2
RandomPlacer,20,957,True,1.8424,-1,3,0.4898,0.2571,8.0,7,12,8
RandomPlacer,20,958,True,1.4488,-1,3,0.2041,-0.4,7.92,7,12,7
RandomPlacer,20,959,True,1.8424,-1,2,0.6939,0.5,7.96,7,6,5
RandomPlacer,20,960,True,1.3788,-1,1,0.8571,0.0,8.31,7,7,6
RandomPlacer,20,961,True,1.9502,-1,4,1.0612,-1.0,7.64,7,5,6
RandomPlacer,20,962,True,1.4488,-1,1,1.102,-0.5,8.08,7,10,5
RandomPlacer,20,963,True,1.3788,-1,1,0.2857,-0.5,8.19,7,7,4
RandomPlacer,20,964,True,1.5567,-1,2,0.9796,0.1,7.83,7,6,7
RandomPlacer,20,965,True,1.4056,-1,3,0.1094,0.0,9.31,8,7,6
RandomPlacer,20,966,True,1.5567,-1,2,0.4082,0.0,8.41,7,6,3
RandomPlacer,20,967,True,1.9502,-1,1,0.2857,0.0,8.28,7,7,3
RandomPlacer,20,968,True,1.8424,-1,3,0.2041,0.0,8.14,7,2,4
RandomPlacer,20,969,True,1.8424,-1,2,1.3878,0.0,8.43,7,10,3
RandomPlacer,20,970,True,1.9502,-1,1,0.4898,0.0,8.4,7,5,3
RandomPlacer,20,971,True,1.6645,-1,1,0.4898,0.0,8.19,7,5,4
RandomPlacer,20,972,True,1.5567,-1,2,0.8163,0.8,8.11,7,10,10
RandomPlacer,20,973,True,1.5567,-1,2,1.1429,-0.8,8.35,7,7,5
RandomPlacer,20,974,True,1.75,-1,2,1.1094,-0.5,9.64,8,9,5
RandomPlacer,20,975,True,1.3788,-1,3,0.5306,0.4,8.31,7,4,6
RandomPlacer,20,976,True,1.8113,-1,2,0.9375,0.5,9.07,8,10,5
RandomPlacer,20,977,True,1.3788,-1,1,0.7755,0.0,7.08,7,9,3
RandomPlacer,20,978,True,0.9852,-1,3,0.4082,0.8,8.06,7,8,9
RandomPlacer,20,979,True,1.8424,-1,1,0.4898,-0.5,8.26,7,9,6
RandomPlacer,20,980,True,1.5567,-1,2,0.4082,-0.5,8.12,7,8,6
RandomPlacer,20,981,True,0.9852,-1,3,0.5714,-0.6,7.61,7,7,8
RandomPlacer,20,982,True,1.5613,-1,2,0.9844,1.0,9.8,8,5,5
RandomPlacer,20,983,True,1.3788,-1,3,0.5714,1.0,8.06,7,7,8
RandomPlacer,20,984,True,1.5613,-1,3,0.2344,0.0,9.13,8,5,2
RandomPlacer,20,985,True,1.5613,-1,2,0.9375,0.0,9.68,8,10,2
RandomPlacer,20,986,True,1.9056,-1,1,0.75,-1.0,9.18,8,8,7
RandomPlacer,20,987,True,1.3788,-1,1,0.2449,0.4,8.32,7,3,6
RandomPlacer,20,988,True,1.5567,-1,2,0.2449,0.0,8.09,7,4,4
RandomPlacer,20,989,True,1.1488,-1,2,1.9592,0.0,7.81,7,10,5
RandomPlacer,20,990,True,1.5567,-1,2,0.9796,-0.5,8.03,7,6,7
RandomPlacer,20,991,True,1.5567,-1,2,1.0612,0.5,7.89,7,9,4
RandomPlacer,20,992,True,1.4056,-1,1,0.5,1.0,9.53,8,8,3
RandomPlacer,20,993,True,1.9502,-1,2,0.7755,-1.0,8.17,7,9,5
RandomPlacer,20,994,True,1.1488,-1,2,1.102,-0.8,8.37,7,10,6
RandomPlacer,20,995,True,1.8424,-1,3,0.2449,0.0,8.11,7,4,4
RandomPlacer,20,996,True,1.9056,-1,1,0.6094,0.3214,9.58,8,7,13
RandomPlacer,20,997,True,1.4488,-1,3,1.1429,0.0,8.09,7,7,2
RandomPlacer,20,998,True,1.9502,-1,1,0.6939,0.5,8.15,7,13,4
RandomPlacer,20,999,True,1.8424,-1,2,1.0612,0.0,7.96,7,9,1
RandomPlacer,30,0,True,1.9056,-1,1,1.6875,-0.0857,20.98,8,14,10
RandomPlacer,30,1,True,1.9056,-1,2,1.1875,0.3214,21.09,8,14,11
RandomPlacer,30,2,True,1.4488,-1,1,0.4082,-0.4,18.07,7,15,5
RandomPlacer,30,3,True,1.8424,-1,3,0.9796,-1.0,16.9,7,8,4
RandomPlacer,30,4,True,1.9056,-1,1,1.1875,1.0,19.29,8,10,6
RandomPlacer,30,5,True,1.5,-1,2,0.6875,-0.8,21.26,8,14,7
RandomPlacer,30,6,True,1.9056,-1,1,1.1094,-0.6,20.7,8,7,10
RandomPlacer,30,7,True,1.5488,-1,1,1.1094,-0.8,22.51,8,7,9
RandomPlacer,30,8,True,1.4056,-1,2,1.4375,0.8,21.11,8,10,7
RandomPlacer,30,9,True,1.4056,-1,1,1.1094,1.0,21.9,8,7,8
RandomPlacer,30,10,True,1.9056,-1,2,0.9375,-0.8,19.61,8,14,9
RandomPlacer,30,11,True,1.8113,-1,1,1.75,0.4,21.59,8,8,8
RandomPlacer,30,12,True,1.75,-1,2,1.5,0.6786,20.8,8,8,12
RandomPlacer,30,13,True,1.9056,-1,4,1.4375,-1.0,19.94,8,10,4
RandomPlacer,30,14,True,0.9852,-1,3,1.2653,0.4,18.44,7,13,4
RandomPlacer,30,15,True,1.5567,-1,2,0.9796,-0.5,18.79,7,8,7
RandomPlacer,30,16,True,1.2988,-1,1,1.7344,0.1,23.39,8,11,13
RandomPlacer,30,17,True,1.2988,-1,1,0.6875,0.0857,21.94,8,6,11
RandomPlacer,30,18,True,1.9056,-1,1,0.4375,0.4286,21.18,8,6,12
RandomPlacer,30,19,True,1.2988,-1,1,1.3594,-0.0357,21.15,8,9,13
RandomPlacer,30,20,True,1.9056,-1,3,0.8594,0.6,20.18,8,7,8
RandomPlacer,30,21,True,1.2988,-1,1,1.1875,-0.5,22.63,8,6,5
RandomPlacer,30,22,True,1.5,-1,2,1.5,0.0,21.04,8,12,6
RandomPlacer,30,23,True,1.9056,-1,0,0.75,-0.1,20.99,8,8,10
RandomPlacer,30,24,True,0.5917,-1,2,1.2653,-0.2,17.24,7,8,16
RandomPlacer,30,25,True,1.4056,-1,2,0.8594,0.0,17.3,8,7,4
RandomPlacer,30,26,True,1.75,-1,2,1.6875,-0.4,19.46,8,10,10
RandomPlacer,30,27,True,1.4056,-1,1,0.8594,0.2571,21.74,8,15,11
RandomPlacer,30,28,True,1.3788,-1,1,0.2041,0.0,17.73,7,16,4
RandomPlacer,30,29,True,1.5,-1,2,0.9844,-0.4,21.7,8,11,9
RandomPlacer,30,30,True,1.4056,-1,1,1.1094,1.0,18.84,8,7,4
RandomPlacer,30,31,True,1.75,-1,2,0.8594,0.9,18.7,8,7,10
RandomPlacer,30,32,True,2.0,-1,3,0.8594,-0.4,21.52,8,9,6
RandomPlacer,30,33,True,1.1488,-1,2,0.4898,0.4,16.41,7,5,7
RandomPlacer,30,34,True,1.5567,-1,2,1.1429,-0.6786,17.79,7,7,18
RandomPlacer,30,35,True,1.2988,-1,3,0.75,-0.4,21.9,8,8,10
RandomPlacer,30,36,True,1.5613,-1,2,0.7344,0.5,20.57,8,5,9
RandomPlacer,30,37,True,1.9502,-1,1,0.7755,1.0,17.91,7,5,3
RandomPlacer,30,38,True,1.2988,-1,1,0.6094,0.2571,21.13,8,9,11
RandomPlacer,30,39,True,1.4056,-1,2,0.1094,0.5,20.32,8,1,10
RandomPlacer,30,40,True,1.8424,-1,2,1.0612,-0.4,18.14,7,12,7
RandomPlacer,30,41,True,1.75,-1,3,1.1094,0.2,20.77,8,7,5
RandomPlacer,30,42,True,1.9056,-1,3,1.1875,-0.1,22.14,8,6,9
RandomPlacer,30,43,True,1.9056,-1,1,1.4844,0.0,20.99,8,13,8
RandomPlacer,30,44,True,1.8424,-1,2,1.0612,-0.4,23.17,7,12,8
RandomPlacer,30,45,True,1.5613,-1,3,0.4844,-0.3143,22.36,8,3,11
RandomPlacer,30,46,True,1.5,-1,2,0.9844,-0.7,21.66,8,11,8
RandomPlacer,30,47,True,1.8113,-1,4,1.25,0.9429,21.7,8,12,10
RandomPlacer,30,48,True,1.3788,-1,1,0.5306,1.0,17.72,7,10,4
RandomPlacer,30,49,True,1.75,-1,1,1.25,0.0,22.76,8,8,11
RandomPlacer,30,50,True,1.75,-1,2,1.4375,0.5429,21.23,8,10,9
RandomPlacer,30,51,True,1.5,-1,2,0.6875,-1.0,21.92,8,10,3
RandomPlacer,30,52,True,1.8424,-1,0,0.9796,0.8,18.32,7,8,6
RandomPlacer,30,53,True,1.75,-1,2,1.1875,0.0857,20.57,8,6,11
RandomPlacer,30,54,True,1.75,-1,0,0.6875,-0.8,21.61,8,14,7
RandomPlacer,30,55,True,1.2988,-1,3,0.3594,0.5,19.69,8,17,6
RandomPlacer,30,56,True,1.9056,-1,4,0.6875,0.2,21.99,8,6,7
RandomPlacer,30,57,True,1.5,-1,2,1.4844,-0.4857,20.38,8,11,12
RandomPlacer,30,58,True,1.4056,-1,1,1.4375,-0.5,22.01,8,10,8
RandomPlacer,30,59,True,1.4488,-1,1,1.0612,-1.0,19.47,7,5,5
RandomPlacer,30,60,True,1.9056,-1,2,0.9375,-1.0,22.35,8,6,5
RandomPlacer,30,61,True,1.8424,-1,3,1.7143,-0.2,18.34,7,7,8
RandomPlacer,30,62,True,1.0613,-1,2,1.75,0.3,21.52,8,12,7
RandomPlacer,30,63,True,1.4056,-1,3,0.5,-0.5,20.81,8,8,5
RandomPlacer,30,64,True,1.8113,-1,3,0.9375,0.0286,22.1,8,6,8
RandomPlacer,30,65,True,1.5613,-1,2,1.1094,1.0,21.94,8,15,6
RandomPlacer,30,66,True,1.2988,-1,3,0.6875,0.3714,21.03,8,14,12
RandomPlacer,30,67,True,1.75,-1,1,0.8594,-0.6,21.8,8,9,9
RandomPlacer,30,68,True,1.9056,-1,1,0.2344,0.5429,21.34,8,19,11
RandomPlacer,30,69,True,1.5488,-1,2,1.25,-1.0,20.66,8,12,6
RandomPlacer,30,70,True,1.8113,-1,2,0.7344,0.1,20.52,8,5,8
RandomPlacer,30,71,True,1.9056,-1,2,0.75,-0.1429,19.35,8,8,8
RandomPlacer,30,72,True,1.75,-1,1,0.8594,-0.6429,21.51,8,9,16
RandomPlacer,30,73,True,1.8424,-1,1,0.4898,0.9,18.28,7,2,9
RandomPlacer,30,74,True,1.9056,-1,2,0.9375,0.5,20.71,8,14,4
RandomPlacer,30,75,True,1.5488,-1,2,0.9375,-0.1,21.61,8,10,7
RandomPlacer,30,76,True,1.9056,-1,1,1.6094,0.5,23.79,8,9,5
RandomPlacer,30,77,True,1.9056,-1,1,1.25,0.4,22.18,8,12,8
RandomPlacer,30,78,True,1.9056,-1,2,0.9375,-0.1429,17.5,8,10,13
RandomPlacer,30,79,True,1.0613,-1,2,1.25,1.0,22.19,8,8,8
RandomPlacer,30,80,True,1.5488,-1,1,1.0,-0.4,20.13,8,12,8
RandomPlacer,30,81,True,1.5,-1,2,0.8594,-0.5,22.0,8,9,10
RandomPlacer,30,82,True,1.9056,-1,4,1.2344,-0.2,21.9,8,11,8
RandomPlacer,30,83,True,1.5613,-1,2,1.5,0.8,17.8,8,12,7
RandomPlacer,30,84,True,1.4056,-1,1,0.9844,-0.5,21.06,8,11,7
RandomPlacer,30,85,True,1.2988,-1,3,0.7344,-0.4,18.61,8,11,8
RandomPlacer,30,86,True,1.4488,-1,3,1.7143,-1.0,16.82,7,7,7
RandomPlacer,30,87,True,1.75,-1,3,0.6875,0.2,19.9,8,6,6
RandomPlacer,30,88,True,1.2988,-1,3,0.9375,-0.5,21.2,8,10,9
RandomPlacer,30,89,True,1.5567,-1,5,0.9796,-0.4,15.12,7,6,9
RandomPlacer,30,90,True,1.0613,-1,2,1.6875,-0.4286,20.28,8,14,12
RandomPlacer,30,91,True,1.9056,-1,4,1.25,-0.2,20.89,8,12,7
RandomPlacer,30,92,True,1.8424,-1,5,0.6939,0.5,14.76,7,6,7
RandomPlacer,30,93,True,1.9056,-1,1,0.6094,0.5,21.9,8,9,6
RandomPlacer,30,94,True,1.4056,-1,3,1.5,0.5,20.1,8,12,7
RandomPlacer,30,95,True,1.4056,-1,1,1.4844,-0.8,22.42,8,11,4
RandomPlacer,30,96,True,1.2988,-1,1,0.4844,-0.3929,17.64,8,5,10
RandomPlacer,30,97,True,1.4056,-1,1,1.1875,-0.6,18.55,8,10,8
RandomPlacer,30,98,True,1.9056,-1,2,1.0,0.0,22.08,8,12,9
RandomPlacer,30,99,True,1.5613,-1,2,0.9375,-0.8,21.08,8,10,7
RandomPlacer,30,100,True,1.2988,-1,1,1.2344,-0.7,21.72,8,11,12
RandomPlacer,30,101,True,1.9056,-1,2,0.75,-0.3,20.66,8,8,9
RandomPlacer,30,102,True,0.9544,-1,2,0.4844,-0.0857,18.59,8,11,8
RandomPlacer,30,103,True,1.8113,-1,2,0.9844,-0.4,20.29,8,13,6
RandomPlacer,30,104,True,1.9056,-1,2,0.2344,-0.3,19.87,8,5,7
RandomPlacer,30,105,True,1.2988,-1,1,1.0,-0.4,20.93,8,8,6
RandomPlacer,30,106,True,1.4056,-1,1,1.5,-0.5,21.77,8,12,5
RandomPlacer,30,107,True,1.75,-1,0,0.2344,-0.4286,22.39,8,3,8
RandomPlacer,30,108,True,1.5488,-1,2,0.5,0.2571,18.27,8,8,10
RandomPlacer,30,109,True,1.5613,-1,2,0.9844,-0.4,20.55,8,13,8
RandomPlacer,30,110,True,1.75,-1,2,0.9375,-0.9,19.9,8,14,11
RandomPlacer,30,111,True,1.9056,-1,1,0.75,0.1,21.5,8,8,10
RandomPlacer,30,112,True,1.8113,-1,0,1.0,-0.4,21.2,8,16,7
RandomPlacer,30,113,True,1.9056,-1,3,0.25,-0.5,20.79,8,8,5
RandomPlacer,30,114,True,1.2988,-1,3,1.2344,0.4,21.91,8,11,9
RandomPlacer,30,115,True,1.5,-1,2,1.1875,0.2,19.92,8,10,9
RandomPlacer,30,116,True,1.1488,-1,1,1.102,-1.0,18.91,7,11,5
RandomPlacer,30,117,True,1.5613,-1,2,1.1094,-0.5,20.83,8,9,8
RandomPlacer,30,118,True,1.4056,-1,1,1.4844,-0.4,22.78,8,13,8
RandomPlacer,30,119,True,1.5613,-1,2,0.25,-0.1,21.35,8,8,10
RandomPlacer,30,120,True,1.9056,-1,1,0.8594,1.0,20.27,8,9,8
RandomPlacer,30,121,True,1.9056,-1,2,1.4844,-0.5,20.88,8,13,5
RandomPlacer,30,122,True,1.5613,-1,2,0.4375,0.6,20.84,8,6,9
RandomPlacer,30,123,True,1.5,-1,2,0.8594,0.6,19.61,8,9,8
RandomPlacer,30,124,True,1.6645,-1,1,1.2653,0.4,16.62,7,13,4
RandomPlacer,30,125,True,1.75,-1,0,0.75,0.8,17.34,8,8,8
RandomPlacer,30,126,True,1.9056,-1,2,0.75,-0.4,21.23,8,8,7
RandomPlacer,30,127,True,1.5,-1,2,0.9375,0.0,20.41,8,10,3
RandomPlacer,30,128,True,1.5613,-1,2,0.9375,-0.2,21.62,8,10,12
RandomPlacer,30,129,True,1.4488,-1,3,1.0612,-0.1,17.99,7,9,9
RandomPlacer,30,130,True,1.5613,-1,2,0.4375,-0.5,21.96,8,10,6
RandomPlacer,30,131,True,0.9852,-1,3,1.2653,0.0,18.36,7,13,3
RandomPlacer,30,132,True,1.75,-1,2,1.0,0.0,21.05,8,8,7
RandomPlacer,30,133,True,1.5613,-1,2,0.7344,0.4286,20.92,8,11,11
RandomPlacer,30,134,True,1.4056,-1,2,0.8594,-0.2857,21.12,8,7,11
RandomPlacer,30,135,True,1.8424,-1,2,0.8571,0.1,16.46,7,7,12
RandomPlacer,30,136,True,1.9502,-1,0,0.6939,-0.5,17.11,7,15,4
RandomPlacer,30,137,True,2.0,-1,2,0.3594,0.7857,20.91,8,9,10
RandomPlacer,30,138,True,1.8113,-1,4,1.1094,0.5,23.47,8,9,10
RandomPlacer,30,139,True,1.4488,-1,2,1.102,0.6,19.12,7,11,9
RandomPlacer,30,140,True,1.9502,-1,1,1.7143,0.9,16.22,7,14,9
RandomPlacer,30,141,True,1.6645,-1,1,1.1429,0.0,15.31,7,14,2
RandomPlacer,30,142,True,1.3788,-1,3,0.7755,-0.5,17.99,7,9,6
RandomPlacer,30,143,True,1.8424,-1,2,0.8163,-0.4,17.03,7,10,8
RandomPlacer,30,144,True,1.5488,-1,1,1.6875,-0.3,20.59,8,14,9
RandomPlacer,30,145,True,1.9056,-1,1,0.7344,0.5,21.07,8,13,5
RandomPlacer,30,146,True,1.3788,-1,1,1.6327,0.8,17.61,7,12,10
RandomPlacer,30,147,True,1.5613,-1,2,0.8594,-0.4,22.28,8,9,5
RandomPlacer,30,148,True,1.5,-1,2,0.5,1.0,21.32,8,4,5
RandomPlacer,30,149,True,1.5488,-1,1,1.3594,-0.2,21.57,8,9,7
RandomPlacer,30,150,True,1.9056,-1,2,0.9375,-0.0857,21.85,8,10,13
RandomPlacer,30,151,True,1.4488,-1,1,1.6735,0.6,17.09,7,11,8
RandomPlacer,30,152,True,1.5613,-1,4,1.4375,0.8,22.2,8,10,8
RandomPlacer,30,153,True,0.8631,-1,3,1.0612,-0.1,17.68,7,12,5
RandomPlacer,30,154,True,1.9056,-1,2,1.2344,-1.0,20.16,8,11,7
RandomPlacer,30,155,True,1.5567,-1,2,1.6735,-0.4,18.43,7,11,7
RandomPlacer,30,156,True,1.5,-1,2,0.7344,0.3143,22.51,8,13,8
RandomPlacer,30,157,True,1.5613,-1,2,1.1094,0.2,20.99,8,7,5
RandomPlacer,30,158,True,1.8113,-1,3,1.1094,0.1,20.9,8,7,10
RandomPlacer,30,159,True,1.5613,-1,2,1.1875,-0.8,22.28,8,14,10
RandomPlacer,30,160,True,1.9056,-1,2,1.0,-0.8,20.64,8,4,5
RandomPlacer,30,161,True,1.5613,-1,2,1.4375,0.9,18.95,8,10,7
RandomPlacer,30,162,True,1.5567,-1,2,0.5714,-1.0,18.04,7,7,6
RandomPlacer,30,163,True,1.75,-1,1,0.7344,-0.4,22.5,8,11,9
RandomPlacer,30,164,True,1.9056,-1,3,0.9844,0.0,22.1,8,13,3
RandomPlacer,30,165,True,1.75,-1,3,1.3594,-0.2571,21.02,8,7,14
RandomPlacer,30,166,True,1.4056,-1,2,1.4375,1.0,19.47,8,10,5
RandomPlacer,30,167,True,1.9056,-1,3,0.9375,-0.3,20.98,8,10,7
RandomPlacer,30,168,True,1.9502,-1,3,1.0612,0.5,18.22,7,9,9
RandomPlacer,30,169,True,1.5,-1,2,0.9375,0.1786,20.71,8,6,10
RandomPlacer,30,170,True,1.1488,-1,2,1.1429,-0.5,16.47,7,7,5
RandomPlacer,30,171,True,1.5613,-1,4,1.4375,-0.7,20.31,8,10,10
RandomPlacer,30,172,True,1.5488,-1,1,1.0,-1.0,20.27,8,12,6
RandomPlacer,30,173,True,1.9056,-1,1,0.9844,-0.5,21.53,8,13,13
RandomPlacer,30,174,True,1.4056,-1,1,0.75,0.5,21.2,8,8,4
RandomPlacer,30,175,True,1.5567,-1,2,0.4082,0.0,18.29,7,6,8
RandomPlacer,30,176,True,1.5,-1,2,1.4844,-0.7,20.97,8,11,6
RandomPlacer,30,177,True,1.75,-1,1,1.1094,0.1429,22.21,8,9,9
RandomPlacer,30,178,True,1.4056,-1,1,0.9375,0.8,20.52,8,10,9
RandomPlacer,30,179,True,1.9056,-1,1,1.1875,0.9,21.7,8,6,6
RandomPlacer,30,180,True,0.8631,-1,3,1.6327,0.0,18.12,7,12,3
RandomPlacer,30,181,True,1.3788,-1,2,0.2449,-0.7143,17.28,7,10,10
RandomPlacer,30,182,True,1.5613,-1,6,0.75,-0.1,21.32,8,12,9
RandomPlacer,30,183,True,1.75,-1,3,1.6094,-0.5,20.29,8,9,4
RandomPlacer,30,184,True,0.8113,-1,3,0.9375,0.5,20.58,8,10,9
RandomPlacer,30,185,True,1.5567,-1,3,0.5714,0.1,17.46,7,7,8
RandomPlacer,30,186,True,1.9056,-1,2,1.3594,0.0,19.8,8,9,8
RandomPlacer,30,187,True,1.9056,-1,4,1.5,0.2,18.94,8,12,9
RandomPlacer,30,188,True,1.0613,-1,2,0.75,0.0857,21.37,8,8,10
RandomPlacer,30,189,True,1.9056,-1,2,1.1094,-0.5,18.26,8,9,6
RandomPlacer,30,190,True,1.5,-1,2,1.25,0.2,21.11,8,8,8
RandomPlacer,30,191,True,1.4056,-1,1,1.1094,0.5,22.39,8,7,5
RandomPlacer,30,192,True,1.4056,-1,3,0.8594,0.8,20.73,8,17,6
RandomPlacer,30,193,True,1.75,-1,1,0.4844,1.0,21.6,8,13,7
RandomPlacer,30,194,True,1.9502,-1,2,1.0612,0.0,17.47,7,9,7
RandomPlacer,30,195,True,1.8424,-1,3,0.7755,-0.4286,16.81,7,9,12
RandomPlacer,30,196,True,1.8113,-1,1,1.4375,-0.5,22.06,8,10,6
RandomPlacer,30,197,True,1.75,-1,2,1.0,0.4286,19.35,8,12,14
RandomPlacer,30,198,True,1.5,-1,2,0.2344,0.0,22.77,8,3,1
RandomPlacer,30,199,True,1.2988,-1,1,0.8594,-0.4,21.35,8,15,7
RandomPlacer,30,200,True,1.9056,-1,5,1.1094,1.0,20.43,8,7,9
RandomPlacer,30,201,True,1.4056,-1,1,1.3594,-0.5,21.88,8,9,5
RandomPlacer,30,202,True,1.5,-1,4,1.25,-0.2571,16.78,8,12,9
RandomPlacer,30,203,True,1.9056,-1,3,0.9844,0.4857,18.69,8,13,9
RandomPlacer,30,204,True,1.5567,-1,2,0.2041,-0.1,18.28,7,9,8
RandomPlacer,30,205,True,1.9502,-1,5,1.6735,-0.8,16.72,7,10,5
RandomPlacer,30,206,True,1.2988,-1,1,0.6094,0.0,21.3,8,9,4
RandomPlacer,30,207,True,1.9056,-1,4,0.25,-0.8,20.32,8,4,9
RandomPlacer,30,208,True,1.9056,-1,2,0.8594,0.4286,20.79,8,9,13
RandomPlacer,30,209,True,1.9056,-1,0,0.6094,0.4,21.19,8,7,7
RandomPlacer,30,210,True,2.0,-1,2,0.4844,0.9,21.84,8,3,7
RandomPlacer,30,211,True,1.5613,-1,2,0.4375,-0.3714,20.76,8,10,11
RandomPlacer,30,212,True,1.5567,-1,2,0.9796,0.0,18.03,7,8,4
RandomPlacer,30,213,True,1.4056,-1,2,1.1875,0.4,22.35,8,14,8
RandomPlacer,30,214,True,1.9056,-1,5,0.4844,-0.1429,21.29,8,13,15
RandomPlacer,30,215,True,1.5,-1,2,1.2344,0.3571,18.99,8,11,14
RandomPlacer,30,216,True,1.9502,-1,2,0.4082,0.4,18.49,7,6,7
RandomPlacer,30,217,True,1.5,-1,2,1.4844,0.1,20.29,8,13,10
RandomPlacer,30,218,True,1.9502,-1,4,0.5714,0.5,18.88,7,7,7
RandomPlacer,30,219,True,1.5,-1,2,1.25,-0.5,23.34,8,8,7
RandomPlacer,30,220,True,1.75,-1,0,0.4844,0.2,20.48,8,5,9
RandomPlacer,30,221,True,1.2988,-1,3,0.9375,0.4,21.41,8,10,8
RandomPlacer,30,222,True,1.5,-1,2,1.75,0.0857,21.11,8,12,9
RandomPlacer,30,223,True,1.9056,-1,3,1.2344,-0.8,21.03,8,11,6
RandomPlacer,30,224,True,1.9056,-1,2,1.25,0.4,19.49,8,12,9
RandomPlacer,30,225,True,1.5,-1,2,0.6094,0.7,20.45,8,7,9
RandomPlacer,30,226,True,1.5613,-1,2,0.4844,0.4,21.58,8,5,4
RandomPlacer,30,227,True,1.9056,-1,2,0.8594,0.0,21.8,8,15,3
RandomPlacer,30,228,True,1.4056,-1,3,0.5,0.0857,20.75,8,8,12
RandomPlacer,30,229,True,1.75,-1,2,1.0,-0.8,20.05,8,8,6
RandomPlacer,30,230,True,1.2988,-1,1,1.1094,-0.2,19.67,8,9,8
RandomPlacer,30,231,True,1.9056,-1,1,1.1875,-0.1,20.62,8,6,7
RandomPlacer,30,232,True,1.4056,-1,1,0.6875,0.1429,20.51,8,10,9
RandomPlacer,30,233,True,1.5567,-1,2,0.9796,0.0,17.34,7,13,5
RandomPlacer,30,234,True,1.3788,-1,2,1.3469,0.3,18.72,7,9,13
RandomPlacer,30,235,True,1.9056,-1,3,0.6094,1.0,20.57,8,9,9
RandomPlacer,30,236,True,1.75,-1,0,1.7344,-0.1,20.74,8,11,9
RandomPlacer,30,237,True,1.4056,-1,3,1.1094,0.7714,19.99,8,7,11
RandomPlacer,30,238,True,1.5613,-1,2,1.1875,0.1,22.13,8,10,8
RandomPlacer,30,239,True,1.8113,-1,3,1.0,-0.5,21.52,8,12,7
RandomPlacer,30,240,True,1.8424,-1,0,0.2449,-0.2571,18.11,7,3,12
RandomPlacer,30,241,True,1.5,-1,2,0.4375,-0.1429,20.08,8,6,6
RandomPlacer,30,242,True,1.2988,-1,1,0.8594,-0.5,20.97,8,15,6
RandomPlacer,30,243,True,1.9056,-1,1,1.25,0.1,21.34,8,8,7
RandomPlacer,30,244,True,1.5613,-1,2,1.6094,-0.2,19.81,8,9,9
RandomPlacer,30,245,True,1.8113,-1,4,1.0,0.0,21.35,8,12,8
RandomPlacer,30,246,True,1.5,-1,4,1.1094,0.4857,21.69,8,15,11
RandomPlacer,30,247,True,1.0613,-1,1,1.0,0.0,21.54,8,8,1
RandomPlacer,30,248,True,1.5488,-1,1,0.1875,-0.8,18.38,8,10,7
RandomPlacer,30,249,True,1.8424,-1,1,0.5306,-0.4,19.0,7,10,9
RandomPlacer,30,250,True,1.4056,-1,2,0.9844,0.0,20.66,8,13,3
RandomPlacer,30,251,True,1.75,-1,1,1.3594,-0.1,19.83,8,9,9
RandomPlacer,30,252,True,1.75,-1,2,1.1875,0.8,20.63,8,6,8
RandomPlacer,30,253,True,1.8113,-1,1,1.7344,-0.3,20.97,8,11,10
RandomPlacer,30,254,True,1.5,-1,2,0.9844,0.2571,18.43,8,13,12
RandomPlacer,30,255,True,1.3788,-1,1,1.0612,0.6429,17.84,7,5,12
RandomPlacer,30,256,True,1.5,-1,2,1.1094,-0.7,22.39,8,9,8
RandomPlacer,30,257,True,1.8113,-1,0,0.75,0.0,23.82,8,8,1
RandomPlacer,30,258,True,1.3788,-1,2,0.5714,0.8,16.99,7,7,11
RandomPlacer,30,259,True,1.5,-1,4,1.2344,-0.6,21.11,8,11,11
RandomPlacer,30,260,True,1.9056,-1,3,0.9844,-0.2857,21.46,8,11,11
RandomPlacer,30,261,True,1.75,-1,2,0.6875,-0.5,21.07,8,10,6
RandomPlacer,30,262,True,1.9056,-1,2,1.4844,-0.3714,20.35,8,13,10
RandomPlacer,30,263,True,1.75,-1,6,0.5,0.8,20.68,8,8,9
RandomPlacer,30,264,True,1.8113,-1,4,0.5,0.0,20.99,8,4,10
RandomPlacer,30,265,True,1.5613,-1,2,1.1875,0.0,21.33,8,10,7
RandomPlacer,30,266,True,1.3788,-1,1,0.7755,0.2,15.59,7,9,8
RandomPlacer,30,267,True,1.9056,-1,1,0.4375,0.0,20.96,8,6,5
RandomPlacer,30,268,True,1.5,-1,2,1.1875,0.0,22.06,8,6,7
RandomPlacer,30,269,True,1.4488,-1,3,1.6327,-0.5,18.37,7,12,12
RandomPlacer,30,270,True,1.75,-1,2,0.6094,0.0,20.45,8,9,3
RandomPlacer,30,271,True,1.5613,-1,2,0.6094,-0.6,21.67,8,9,6
RandomPlacer,30,272,True,1.75,-1,0,1.0,-0.8857,21.36,8,16,11
RandomPlacer,30,273,True,1.9056,-1,1,1.1094,0.0,17.93,8,7,2
RandomPlacer,30,274,True,0.8113,-1,3,0.9375,-0.3,21.02,8,10,7
RandomPlacer,30,275,True,1.8424,-1,1,0.8571,-0.6,18.28,7,14,8
RandomPlacer,30,276,True,1.2988,-1,1,0.9844,0.2571,20.19,8,11,13
RandomPlacer,30,277,True,1.2988,-1,2,0.6875,-0.2571,22.02,8,6,8
RandomPlacer,30,278,True,1.5613,-1,2,1.75,-0.8,23.39,8,8,9
RandomPlacer,30,279,True,1.5,-1,2,0.9375,0.8,19.7,8,10,7
RandomPlacer,30,280,True,1.8424,-1,4,0.6939,-0.5,17.8,7,6,6
RandomPlacer,30,281,True,1.75,-1,1,1.1875,-0.2571,16.73,8,10,9
RandomPlacer,30,282,True,1.8113,-1,6,1.4375,-0.3,19.36,8,10,11
RandomPlacer,30,283,True,1.5567,-1,2,0.9796,0.6,18.73,7,13,6
RandomPlacer,30,284,True,1.9056,-1,2,0.6094,-0.3143,21.25,8,9,12
RandomPlacer,30,285,True,1.5613,-1,2,1.0,-0.3571,21.41,8,12,10
RandomPlacer,30,286,True,0.9544,-1,2,0.9375,-0.5,21.86,8,6,5
RandomPlacer,30,287,True,1.9056,-1,2,0.9375,0.6571,22.38,8,14,7
RandomPlacer,30,288,True,1.75,-1,2,1.0,-0.4,19.26,8,12,5
RandomPlacer,30,289,True,1.5613,-1,2,0.8594,-1.0,21.78,8,9,6
RandomPlacer,30,290,True,1.9056,-1,2,0.75,-0.5,22.21,8,8,8
RandomPlacer,30,291,True,1.8424,-1,1,0.9796,-1.0,18.56,7,13,6
RandomPlacer,30,292,True,1.9056,-1,2,1.1875,-0.0357,19.48,8,10,13
RandomPlacer,30,293,True,1.75,-1,2,1.75,-0.4,22.09,8,12,8
RandomPlacer,30,294,True,1.75,-1,2,0.9375,-0.4,20.81,8,10,8
RandomPlacer,30,295,True,1.9056,-1,1,0.4375,-0.2571,21.4,8,6,10
RandomPlacer,30,296,True,1.5,-1,2,1.4844,0.5,22.17,8,11,4
RandomPlacer,30,297,True,1.5613,-1,2,0.3594,0.0,21.44,8,7,3
RandomPlacer,30,298,True,1.5,-1,2,0.75,0.5,23.31,8,8,5
RandomPlacer,30,299,True,1.4056,-1,3,1.1875,0.0,20.76,8,10,2
RandomPlacer,30,300,True,1.9056,-1,2,1.1094,-0.5,20.51,8,9,7
RandomPlacer,30,301,True,1.9056,-1,1,0.8594,-1.0,21.97,8,7,5
RandomPlacer,30,302,True,1.4488,-1,2,1.3878,0.1,17.25,7,11,9
RandomPlacer,30,303,True,1.4056,-1,3,0.6094,0.0,19.12,8,7,5
RandomPlacer,30,304,True,1.75,-1,2,1.6094,-0.8,22.22,8,9,5
RandomPlacer,30,305,True,1.8113,-1,1,1.25,-0.4,20.92,8,12,6
RandomPlacer,30,306,True,1.5613,-1,2,1.1094,0.0,20.84,8,15,2
RandomPlacer,30,307,True,1.75,-1,0,0.6094,0.5357,21.06,8,9,13
RandomPlacer,30,308,True,1.4056,-1,1,1.25,0.1429,21.38,8,12,11
RandomPlacer,30,309,True,1.4488,-1,1,0.6939,0.7143,15.69,7,6,11
RandomPlacer,30,310,True,1.5613,-1,4,1.75,-0.5429,21.16,8,12,11
RandomPlacer,30,311,True,1.4056,-1,3,0.9375,0.5357,21.77,8,10,12
RandomPlacer,30,312,True,1.75,-1,2,1.2344,0.3929,20.7,8,13,13
RandomPlacer,30,313,True,1.75,-1,2,0.75,-0.0286,20.9,8,12,9
RandomPlacer,30,314,True,1.5613,-1,2,1.75,-0.4,19.87,8,12,7
RandomPlacer,30,315,True,1.5613,-1,2,1.3594,-0.1,20.12,8,15,10
RandomPlacer,30,316,True,1.5613,-1,2,1.2344,-0.2,18.1,8,11,8
RandomPlacer,30,317,True,1.75,-1,1,1.25,0.4,23.0,8,12,5
RandomPlacer,30,318,True,1.9056,-1,1,0.7344,-0.8,21.39,8,11,8
RandomPlacer,30,319,True,1.3788,-1,1,1.4286,-1.0,17.92,7,7,6
RandomPlacer,30,320,True,1.4056,-1,1,0.6094,-0.4286,19.82,8,7,10
RandomPlacer,30,321,True,1.9056,-1,1,0.6875,0.0714,18.82,8,10,9
RandomPlacer,30,322,True,1.8113,-1,3,0.5,-0.5429,21.61,8,4,11
RandomPlacer,30,323,True,1.8424,-1,1,0.5714,0.3143,16.8,7,14,9
RandomPlacer,30,324,True,1.0,-1,3,1.2344,0.4,20.39,8,13,6
RandomPlacer,30,325,True,1.5567,-1,2,0.6939,0.8,19.01,7,6,7
RandomPlacer,30,326,True,1.2988,-1,2,0.3594,0.4,21.06,8,7,9
RandomPlacer,30,327,True,1.4056,-1,1,1.4844,0.8,21.35,8,13,7
RandomPlacer,30,328,True,1.75,-1,0,0.8594,-0.0714,21.31,8,7,13
RandomPlacer,30,329,True,1.2988,-1,2,0.6094,0.1,21.77,8,9,9
RandomPlacer,30,330,True,1.8424,-1,2,0.4082,0.8,16.19,7,6,6
RandomPlacer,30,331,True,1.5,-1,6,0.75,0.0,20.24,8,8,2
RandomPlacer,30,332,True,1.6645,-1,1,2.2041,0.0,17.28,7,9,5
RandomPlacer,30,333,True,1.2988,-1,3,0.1875,0.2,21.39,8,14,10
RandomPlacer,30,334,True,0.9544,-1,3,1.2344,0.1429,21.44,8,13,11
RandomPlacer,30,335,True,1.75,-1,3,0.7344,-1.0,19.52,8,11,9
RandomPlacer,30,336,True,1.2988,-1,1,1.2344,0.7,20.76,8,11,9
RandomPlacer,30,337,True,1.8113,-1,0,0.75,-0.1,21.34,8,4,10
RandomPlacer,30,338,True,1.5613,-1,2,1.3594,-0.8,22.09,8,7,4
RandomPlacer,30,339,True,1.9502,-1,3,1.6327,0.4,15.2,7,9,6
RandomPlacer,30,340,True,1.3788,-1,1,1.3878,0.5,18.17,7,10,10
RandomPlacer,30,341,True,1.75,-1,3,0.9844,-0.5,17.88,8,11,6
RandomPlacer,30,342,True,1.3788,-1,3,0.8571,0.5,16.85,7,7,8
RandomPlacer,30,343,True,1.8113,-1,1,1.9375,0.8,22.0,8,10,6
RandomPlacer,30,344,True,1.5,-1,2,1.1094,0.8286,20.65,8,15,12
RandomPlacer,30,345,True,1.5,-1,2,0.7344,0.0,20.97,8,11,3
RandomPlacer,30,346,True,1.75,-1,2,0.6875,1.0,20.99,8,14,8
RandomPlacer,30,347,True,2.0,-1,2,0.8594,0.0,20.41,8,9,6
RandomPlacer,30,348,True,1.5613,-1,2,0.5,-0.1071,21.75,8,4,14
RandomPlacer,30,349,True,1.9056,-1,1,1.2344,1.0,22.49,8,11,3
RandomPlacer,30,350,True,1.9056,-1,3,0.9375,-0.6571,21.37,8,10,11
RandomPlacer,30,351,True,1.8424,-1,2,0.8571,-0.4286,18.76,7,14,11
RandomPlacer,30,352,True,1.1488,-1,3,1.3878,0.2571,18.99,7,11,11
RandomPlacer,30,353,True,1.5,-1,2,1.0,0.7,18.77,8,8,12
RandomPlacer,30,354,True,1.3788,-1,1,0.8163,-0.5,16.03,7,10,5
RandomPlacer,30,355,True,1.8424,-1,2,1.102,0.5,16.15,7,11,5
RandomPlacer,30,356,True,1.5,-1,2,1.0,-0.2571,20.18,8,12,8
RandomPlacer,30,357,True,1.5613,-1,2,1.5,0.7714,17.65,8,12,12
RandomPlacer,30,358,True,1.4056,-1,3,1.5,-0.1,20.73,8,8,11
RandomPlacer,30,359,True,1.9056,-1,0,1.1094,0.1,21.29,8,7,9
RandomPlacer,30,360,True,1.9056,-1,2,1.5,-0.7,21.74,8,12,8
RandomPlacer,30,361,True,1.5,-1,2,0.75,-0.4286,20.58,8,12,17
RandomPlacer,30,362,True,1.4488,-1,2,0.6939,-0.3,18.08,7,8,10
RandomPlacer,30,363,True,1.5567,-1,2,1.2653,-0.8,17.47,7,8,8
RandomPlacer,30,364,True,1.9056,-1,4,0.9375,0.5,19.84,8,14,7
RandomPlacer,30,365,True,0.9544,-1,3,0.4844,-0.8,21.99,8,13,8
RandomPlacer,30,366,True,0.5917,-1,2,1.3878,0.0,17.8,7,11,2
RandomPlacer,30,367,True,1.8424,-1,2,1.0612,0.4,18.89,7,5,9
RandomPlacer,30,368,True,1.5567,-1,2,0.6939,-0.6,18.13,7,8,9
RandomPlacer,30,369,True,1.75,-1,0,0.9375,-1.0,21.34,8,14,6
RandomPlacer,30,370,True,1.9056,-1,1,1.25,0.0,20.03,8,12,3
RandomPlacer,30,371,True,1.75,-1,2,1.1094,0.1,20.38,8,7,6
RandomPlacer,30,372,True,1.5,-1,2,1.75,0.5,21.84,8,12,7
RandomPlacer,30,373,True,1.4056,-1,1,1.7344,0.8,18.86,8,11,8
RandomPlacer,30,374,True,1.4488,-1,2,0.9796,0.3,16.98,7,6,11
RandomPlacer,30,375,True,1.9056,-1,3,0.4844,0.4,22.02,8,13,5
RandomPlacer,30,376,True,1.9056,-1,2,0.7344,0.2,19.9,8,13,6
RandomPlacer,30,377,True,1.8113,-1,2,1.1094,0.5,21.77,8,7,6
RandomPlacer,30,378,True,1.9056,-1,3,0.8594,0.5,20.6,8,9,4
RandomPlacer,30,379,True,1.0613,-1,2,1.4375,-0.4,21.55,8,14,11
RandomPlacer,30,380,True,1.5613,-1,2,0.6094,0.6,18.84,8,7,14
RandomPlacer,30,381,True,1.5613,-1,4,1.2344,-0.3143,21.49,8,11,9
RandomPlacer,30,382,True,1.0,-1,3,0.8594,-0.8857,22.04,8,9,13
RandomPlacer,30,383,True,1.9056,-1,2,1.1094,0.8,21.65,8,9,9
RandomPlacer,30,384,True,1.4056,-1,1,1.75,0.8,21.84,8,12,10
RandomPlacer,30,385,True,1.75,-1,0,0.9844,0.8,22.12,8,11,6
RandomPlacer,30,386,True,1.8113,-1,4,1.4844,-0.1,21.95,8,11,9
RandomPlacer,30,387,True,1.75,-1,1,0.6094,1.0,21.45,8,7,7
RandomPlacer,30,388,True,1.4056,-1,3,0.3594,0.1,20.32,8,9,11
RandomPlacer,30,389,True,1.75,-1,1,1.9844,0.4,21.09,8,11,7
RandomPlacer,30,390,True,1.9502,-1,2,0.9796,0.0,18.78,7,13,5
RandomPlacer,30,391,True,1.9502,-1,2,1.102,0.6,17.66,7,11,7
RandomPlacer,30,392,True,1.9056,-1,2,0.8594,-0.2,22.12,8,7,7
RandomPlacer,30,393,True,1.5613,-1,2,0.25,-0.9,23.13,8,8,9
RandomPlacer,30,394,True,1.9056,-1,1,0.4375,-0.5429,22.22,8,18,12
RandomPlacer,30,395,True,1.5567,-1,2,0.7755,0.0,19.1,7,9,2
RandomPlacer,30,396,True,1.8424,-1,1,1.102,-0.2,16.61,7,11,5
RandomPlacer,30,397,True,1.75,-1,1,1.0,0.7,20.2,8,8,8
RandomPlacer,30,398,True,1.9056,-1,2,1.3594,0.1,20.93,8,7,8
RandomPlacer,30,399,True,1.9502,-1,3,1.1429,1.0,17.0,7,7,7
RandomPlacer,30,400,True,1.5613,-1,2,1.1875,0.5,19.9,8,10,7
RandomPlacer,30,401,True,1.9056,-1,2,1.1875,0.3714,21.84,8,10,10
RandomPlacer,30,402,True,1.8424,-1,3,1.8367,-0.2,18.01,7,8,8
RandomPlacer,30,403,True,1.5,-1,2,1.0,0.0,20.31,8,8,10
RandomPlacer,30,404,True,1.5613,-1,2,1.5,-0.7,20.93,8,8,11
RandomPlacer,30,405,True,1.9056,-1,3,1.1094,0.5,21.25,8,7,10
RandomPlacer,30,406,True,1.8113,-1,2,1.7344,0.2571,21.03,8,13,11
RandomPlacer,30,407,True,1.75,-1,1,0.8594,-1.0,21.78,8,15,11
RandomPlacer,30,408,True,1.75,-1,3,0.6875,1.0,21.67,8,6,7
RandomPlacer,30,409,True,1.5,-1,2,1.0,-0.2,21.37,8,16,10
RandomPlacer,30,410,True,1.9056,-1,1,0.4844,-0.6,20.59,8,11,6
RandomPlacer,30,411,True,1.9056,-1,1,1.4844,-0.7,22.29,8,13,7
RandomPlacer,30,412,True,1.8424,-1,2,0.4898,-0.2571,16.76,7,5,14
RandomPlacer,30,413,True,1.75,-1,4,1.0,0.4,21.1,8,8,9
RandomPlacer,30,414,True,1.9056,-1,2,0.8594,-0.3,21.84,8,9,7
RandomPlacer,30,415,True,1.5,-1,2,1.4844,-0.7,21.54,8,11,10
RandomPlacer,30,416,True,1.3788,-1,1,0.8163,0.0,15.91,7,11,2
RandomPlacer,30,417,True,1.6645,-1,2,1.102,0.6,19.24,7,10,7
RandomPlacer,30,418,True,1.5488,-1,1,0.9844,0.1,21.31,8,11,10
RandomPlacer,30,419,True,1.3788,-1,1,0.5714,-0.4,16.21,7,7,8
RandomPlacer,30,420,True,1.9056,-1,2,0.7344,0.3,18.68,8,13,9
RandomPlacer,30,421,True,1.8424,-1,2,0.9796,-1.0,17.64,7,13,7
RandomPlacer,30,422,True,1.9056,-1,2,0.3594,0.5,20.82,8,7,5
RandomPlacer,30,423,True,1.8113,-1,0,0.4375,-0.1,20.58,8,6,9
RandomPlacer,30,424,True,1.3788,-1,3,1.0612,-0.4,16.65,7,12,8
RandomPlacer,30,425,True,1.75,-1,3,1.4844,0.6,20.66,8,13,8
RandomPlacer,30,426,True,1.8113,-1,0,0.9844,0.4,20.18,8,13,6
RandomPlacer,30,427,True,1.9056,-1,1,0.75,-0.4,19.62,8,12,8
RandomPlacer,30,428,True,1.8424,-1,2,0.2041,0.5,16.35,7,5,7
RandomPlacer,30,429,True,1.4488,-1,3,1.2653,-0.5,17.68,7,6,7
RandomPlacer,30,430,True,1.8424,-1,1,0.9796,0.4,16.47,7,8,7
RandomPlacer,30,431,True,1.8424,-1,3,0.9796,0.5,17.41,7,6,7
RandomPlacer,30,432,True,1.2988,-1,3,0.9844,0.4,20.8,8,13,9
RandomPlacer,30,433,True,1.8113,-1,0,0.7344,0.6571,21.16,8,13,11
RandomPlacer,30,434,True,1.75,-1,0,1.1875,0.4,21.42,8,10,6
RandomPlacer,30,435,True,1.75,-1,2,1.1094,0.5,21.93,8,7,5
RandomPlacer,30,436,True,1.2988,-1,0,1.0,0.0,20.62,8,12,4
RandomPlacer,30,437,True,1.8424,-1,0,0.2041,0.8,18.54,7,5,7
RandomPlacer,30,438,True,1.5567,-1,2,0.4082,-1.0,19.65,7,13,8
RandomPlacer,30,439,True,1.8113,-1,3,1.2344,0.0714,21.61,8,11,11
RandomPlacer,30,440,True,1.2988,-1,3,0.8594,-1.0,20.18,8,9,7
RandomPlacer,30,441,True,1.5613,-1,4,0.75,-0.5,22.2,8,12,5
RandomPlacer,30,442,True,1.75,-1,0,1.25,0.8857,22.17,8,16,10
RandomPlacer,30,443,True,1.8424,-1,1,1.1429,0.0,18.61,7,7,4
RandomPlacer,30,444,True,1.9056,-1,2,0.6094,-0.8,21.75,8,9,8
RandomPlacer,30,445,True,1.9056,-1,3,0.9375,-0.2,20.64,8,10,9
RandomPlacer,30,446,True,1.9056,-1,3,1.1875,0.9,19.69,8,14,6
RandomPlacer,30,447,True,1.9502,-1,2,1.9592,0.7714,16.69,7,11,12
RandomPlacer,30,448,True,1.5,-1,2,1.0,0.3,21.72,8,8,10
RandomPlacer,30,449,True,1.5613,-1,3,1.6094,0.0,21.08,8,9,10
RandomPlacer,30,450,True,1.75,-1,1,0.5,0.0,17.3,8,12,1
RandomPlacer,30,451,True,1.5,-1,3,1.7344,-0.8,19.87,8,13,10
RandomPlacer,30,452,True,2.0,-1,3,0.6094,0.5,20.45,8,17,6
RandomPlacer,30,453,True,1.9056,-1,2,1.0,-0.4,20.55,8,8,9
RandomPlacer,30,454,True,1.5613,-1,5,1.4375,-0.75,22.26,8,10,12
RandomPlacer,30,455,True,1.5,-1,2,1.7344,0.4,20.7,8,11,8
RandomPlacer,30,456,True,1.4056,-1,2,1.0,0.2,20.57,8,8,10
RandomPlacer,30,457,True,1.0613,-1,2,1.2344,-0.3,21.39,8,11,11
RandomPlacer,30,458,True,0.9852,-1,3,1.102,-1.0,16.51,7,10,4
RandomPlacer,30,459,True,1.9056,-1,5,1.6875,0.4,21.14,8,10,10
RandomPlacer,30,460,True,1.5488,-1,0,1.25,-0.1,21.34,8,8,8
RandomPlacer,30,461,True,1.3788,-1,3,1.102,0.5,19.08,7,10,6
RandomPlacer,30,462,True,1.4056,-1,3,0.6094,0.0,18.37,8,7,1
RandomPlacer,30,463,True,1.8113,-1,0,0.9375,-0.2,18.38,8,10,11
RandomPlacer,30,464,True,1.2988,-1,2,1.0,-0.5,20.97,8,12,7
RandomPlacer,30,465,True,1.5613,-1,2,0.9375,0.4,20.48,8,10,7
RandomPlacer,30,466,True,1.8113,-1,0,0.6875,-0.2,19.25,8,10,6
RandomPlacer,30,467,True,1.4056,-1,3,1.1094,0.2857,21.18,8,9,10
RandomPlacer,30,468,True,1.75,-1,0,1.1094,0.4286,21.15,8,9,10
RandomPlacer,30,469,True,1.75,-1,3,1.1875,-0.5,20.85,8,6,10
RandomPlacer,30,470,True,1.75,-1,2,1.6094,0.7,21.73,8,9,7
RandomPlacer,30,471,True,1.5567,-1,2,0.9796,0.0,18.57,7,8,3
RandomPlacer,30,472,True,1.5613,-1,2,1.6875,0.4857,22.21,8,6,11
RandomPlacer,30,473,True,1.5567,-1,2,0.8163,0.4,18.23,7,10,6
RandomPlacer,30,474,True,1.75,-1,2,0.1875,-0.8,21.04,8,2,4
RandomPlacer,30,475,True,1.5567,-1,2,1.8367,-0.5,16.81,7,8,11
RandomPlacer,30,476,True,1.5613,-1,3,0.6875,-0.8,20.5,8,14,6
RandomPlacer,30,477,True,1.5613,-1,3,0.75,-0.5,20.59,8,12,4
RandomPlacer,30,478,True,1.3788,-1,1,1.0612,-0.3,19.37,7,5,10
RandomPlacer,30,479,True,1.2988,-1,1,0.6094,-0.2,22.14,8,7,9
RandomPlacer,30,480,True,1.5488,-1,4,0.9375,-0.5,22.37,8,14,5
RandomPlacer,30,481,True,1.0613,-1,2,0.7344,0.0,22.14,8,13,3
RandomPlacer,30,482,True,1.8113,-1,4,1.2344,1.0,21.04,8,13,4
RandomPlacer,30,483,True,1.8424,-1,2,0.5714,-0.5,18.92,7,7,5
RandomPlacer,30,484,True,1.5613,-1,2,0.8594,-0.1,20.72,8,7,10
RandomPlacer,30,485,True,1.5613,-1,2,0.8594,0.5,19.87,8,15,4
RandomPlacer,30,486,True,1.5,-1,3,1.4375,-0.4,20.83,8,10,6
RandomPlacer,30,487,True,1.5567,-1,2,0.8571,0.4,14.74,7,7,6
RandomPlacer,30,488,True,1.8113,-1,3,0.6875,-1.0,22.58,8,18,4
RandomPlacer,30,489,True,1.2988,-1,3,1.4375,-0.2571,21.2,8,14,11
RandomPlacer,30,490,True,1.8113,-1,2,0.6875,0.1,19.02,8,10,9
RandomPlacer,30,491,True,1.2988,-1,3,0.9375,0.2,20.46,8,10,7
RandomPlacer,30,492,True,1.9056,-1,1,0.3594,-0.2,20.72,8,7,7
RandomPlacer,30,493,True,1.5488,-1,2,1.75,-0.8,19.46,8,12,9
RandomPlacer,30,494,True,1.8424,-1,3,1.9592,-0.5,17.78,7,10,6
RandomPlacer,30,495,True,1.75,-1,3,0.9375,1.0,18.7,8,10,7
RandomPlacer,30,496,True,1.9056,-1,3,0.9844,0.6571,21.33,8,13,11
RandomPlacer,30,497,True,1.8113,-1,2,1.1094,-0.2,21.53,8,9,8
RandomPlacer,30,498,True,1.8424,-1,3,1.102,0.5,17.53,7,10,6
RandomPlacer,30,499,True,1.75,-1,3,0.3594,-0.0857,20.63,8,9,13
RandomPlacer,30,500,True,1.5,-1,2,0.8594,-0.4,20.37,8,15,9
RandomPlacer,30,501,True,1.4056,-1,1,1.2344,1.0,20.17,8,11,3
RandomPlacer,30,502,True,1.5613,-1,2,0.25,0.5,20.48,8,4,3
RandomPlacer,30,503,True,1.9056,-1,2,1.1094,-0.3,20.1,8,9,9
RandomPlacer,30,504,True,1.9502,-1,3,0.6939,-0.2,19.02,7,8,13
RandomPlacer,30,505,True,1.8113,-1,1,1.4375,0.4,19.1,8,14,9
RandomPlacer,30,506,True,1.9056,-1,1,0.9375,-0.5,20.55,8,14,8
RandomPlacer,30,507,True,1.9056,-1,2,0.9375,0.4286,20.87,8,10,10
RandomPlacer,30,508,True,1.5613,-1,5,1.2344,-0.8,20.05,8,13,8
RandomPlacer,30,509,True,1.5,-1,2,1.25,0.0714,21.14,8,12,15
RandomPlacer,30,510,True,1.3788,-1,1,1.3469,0.6,17.96,7,12,8
RandomPlacer,30,511,True,1.8424,-1,4,1.0612,0.4,17.56,7,9,7
RandomPlacer,30,512,True,2.0,-1,3,0.6875,1.0,21.27,8,10,8
RandomPlacer,30,513,True,1.9502,-1,3,1.4286,-0.1429,18.79,7,7,11
RandomPlacer,30,514,True,1.75,-1,3,0.9844,0.5,21.35,8,5,6
RandomPlacer,30,515,True,1.75,-1,2,1.6094,0.5,21.73,8,9,5
RandomPlacer,30,516,True,2.0,-1,2,0.8594,-0.8,22.17,8,7,7
RandomPlacer,30,517,True,1.5613,-1,4,0.8594,0.8,21.08,8,9,6
RandomPlacer,30,518,True,2.0,-1,4,1.0,0.4286,21.97,8,12,10
RandomPlacer,30,519,True,1.4056,-1,1,0.9375,0.5,20.54,8,6,3
RandomPlacer,30,520,True,1.4056,-1,2,1.2344,-0.0238,18.93,8,11,9
RandomPlacer,30,521,True,1.8113,-1,4,1.4844,-0.6,21.04,8,13,7
RandomPlacer,30,522,True,1.9056,-1,1,0.7344,0.3714,19.21,8,13,8
RandomPlacer,30,523,True,1.8113,-1,3,0.6094,0.0,21.14,8,7,4
RandomPlacer,30,524,True,1.4488,-1,2,1.0612,0.0,17.8,7,9,2
RandomPlacer,30,525,True,1.75,-1,1,1.1094,-0.2,19.72,8,7,7
RandomPlacer,30,526,True,1.75,-1,1,1.5,-0.3,22.32,8,12,10
RandomPlacer,30,527,True,1.5,-1,2,0.4375,-0.8,21.99,8,14,9
RandomPlacer,30,528,True,1.3788,-1,1,0.5714,0.6,16.74,7,14,10
RandomPlacer,30,529,True,1.5613,-1,2,1.3594,-0.4857,21.23,8,17,11
RandomPlacer,30,530,True,1.8424,-1,2,0.7755,0.5,18.49,7,12,7
RandomPlacer,30,531,True,1.0613,-1,1,0.75,-0.1,20.33,8,8,7
RandomPlacer,30,532,True,1.3788,-1,3,0.2041,0.0857,18.35,7,5,9
RandomPlacer,30,533,True,1.0613,-1,2,0.5,0.0,20.6,8,16,5
RandomPlacer,30,534,True,1.8113,-1,2,1.0,-0.5,21.81,8,12,5
RandomPlacer,30,535,True,1.75,-1,3,0.9375,0.1429,20.74,8,10,8
RandomPlacer,30,536,True,1.5567,-1,2,0.5714,-1.0,19.09,7,7,6
RandomPlacer,30,537,True,1.2988,-1,1,1.4375,-0.9429,20.41,8,10,10
RandomPlacer,30,538,True,1.8113,-1,4,1.1094,0.1429,22.84,8,15,11
RandomPlacer,30,539,True,1.8113,-1,1,1.6875,0.0,19.63,8,14,2
RandomPlacer,30,540,True,1.9056,-1,2,0.4375,0.2,18.99,8,6,6
RandomPlacer,30,541,True,1.75,-1,1,0.6875,-0.5,20.25,8,10,5
RandomPlacer,30,542,True,1.4056,-1,1,1.0,0.4,21.91,8,12,7
RandomPlacer,30,543,True,1.3788,-1,3,1.0612,-0.6,16.81,7,9,12
RandomPlacer,30,544,True,1.4056,-1,3,0.2344,-0.2,20.91,8,3,10
RandomPlacer,30,545,True,1.75,-1,1,0.9375,-0.8,22.07,8,6,5
RandomPlacer,30,546,True,1.4056,-1,1,1.1094,-0.2143,21.35,8,7,12
RandomPlacer,30,547,True,1.9056,-1,5,0.5,0.8857,20.63,8,12,13
RandomPlacer,30,548,True,0.9852,-1,2,1.2653,0.4,16.43,7,8,9
RandomPlacer,30,549,True,1.9056,-1,1,0.9375,-0.8,21.69,8,14,10
RandomPlacer,30,550,True,1.75,-1,2,1.0,0.4,22.36,8,8,6
RandomPlacer,30,551,True,1.5613,-1,2,1.9375,0.5714,20.59,8,10,12
RandomPlacer,30,552,True,1.8424,-1,3,0.8571,-1.0,17.68,7,7,6
RandomPlacer,30,553,True,1.2988,-1,1,1.25,-0.5,21.47,8,8,4
RandomPlacer,30,554,True,1.9056,-1,1,1.25,-0.0286,18.16,8,12,13
RandomPlacer,30,555,True,1.75,-1,0,0.6094,-0.6,21.62,8,7,6
RandomPlacer,30,556,True,1.9056,-1,1,0.4844,-0.2,21.23,8,11,5
RandomPlacer,30,557,True,1.3788,-1,2,0.7755,-0.2,18.01,7,12,12
RandomPlacer,30,558,True,1.2988,-1,3,0.9375,0.2,23.16,8,6,9
RandomPlacer,30,559,True,1.75,-1,1,1.6875,-0.3571,19.19,8,14,15
RandomPlacer,30,560,True,1.9056,-1,1,1.7344,0.0,19.78,8,11,3
RandomPlacer,30,561,True,1.5613,-1,4,1.4375,0.3,19.72,8,10,8
RandomPlacer,30,562,True,1.8424,-1,2,1.0612,0.0,18.7,7,9,6
RandomPlacer,30,563,True,1.5,-1,2,1.0,0.1,20.47,8,8,10
RandomPlacer,30,564,True,1.5613,-1,2,1.6875,0.4857,20.27,8,10,16
RandomPlacer,30,565,True,1.2988,-1,3,0.4375,0.6,21.58,8,10,9
RandomPlacer,30,566,True,1.9056,-1,1,0.9844,0.0,20.66,8,13,3
RandomPlacer,30,567,True,1.9056,-1,4,0.9844,0.4857,20.31,8,11,15
RandomPlacer,30,568,True,1.75,-1,0,0.5,0.0,21.88,8,4,10
RandomPlacer,30,569,True,1.4056,-1,1,0.4375,-0.3143,19.35,8,6,8
RandomPlacer,30,570,True,1.9056,-1,4,0.9844,0.2,22.03,8,5,9
RandomPlacer,30,571,True,1.9502,-1,1,1.9592,-0.6,18.37,7,10,11
RandomPlacer,30,572,True,1.4056,-1,2,0.9375,0.0,22.63,8,10,3
RandomPlacer,30,573,True,1.2988,-1,1,0.6094,0.4,21.26,8,9,7
RandomPlacer,30,574,True,1.8113,-1,0,1.75,0.5,20.25,8,8,10
RandomPlacer,30,575,True,1.2988,-1,1,0.4375,0.5,21.75,8,6,5
RandomPlacer,30,576,True,1.9056,-1,1,1.0,-0.1,20.17,8,12,7
RandomPlacer,30,577,True,1.75,-1,3,0.75,0.0,21.83,8,16,3
RandomPlacer,30,578,True,1.5613,-1,2,0.75,0.9,19.22,8,12,6
RandomPlacer,30,579,True,1.9056,-1,1,1.4375,0.5,19.24,8,14,6
RandomPlacer,30,580,True,2.0,-1,3,1.75,-0.3,20.55,8,12,7
RandomPlacer,30,581,True,1.8113,-1,3,1.1094,-0.5,22.4,8,7,5
RandomPlacer,30,582,True,1.2988,-1,3,1.4375,-0.8,20.07,8,14,8
RandomPlacer,30,583,True,0.5436,-1,2,1.0,1.0,19.81,8,12,5
RandomPlacer,30,584,True,1.9056,-1,2,1.3594,0.3714,21.63,8,9,10
RandomPlacer,30,585,True,1.4056,-1,2,1.2344,1.0,21.29,8,11,9
RandomPlacer,30,586,True,1.8424,-1,1,0.8571,-0.2571,17.97,7,14,13
RandomPlacer,30,587,True,1.9056,-1,1,1.1094,0.0,21.26,8,15,5
RandomPlacer,30,588,True,1.2988,-1,1,1.4375,0.4857,19.7,8,10,13
RandomPlacer,30,589,True,1.2988,-1,1,0.5,0.7143,21.32,8,8,10
RandomPlacer,30,590,True,1.3788,-1,2,0.7755,-0.2,17.12,7,16,7
RandomPlacer,30,591,True,1.5488,-1,1,1.7344,0.4286,19.22,8,13,12
RandomPlacer,30,592,True,1.8113,-1,2,0.6094,-0.3214,21.42,8,7,9
RandomPlacer,30,593,True,1.9056,-1,3,1.6875,-0.8,22.24,8,10,9
RandomPlacer,30,594,True,1.5488,-1,1,1.2344,0.4,21.33,8,13,8
RandomPlacer,30,595,True,1.5488,-1,1,1.75,0.5429,19.32,8,12,12
RandomPlacer,30,596,True,1.75,-1,3,1.1094,0.7,20.42,8,9,8
RandomPlacer,30,597,True,1.75,-1,1,1.75,0.2143,21.8,8,12,10
RandomPlacer,30,598,True,1.5613,-1,2,1.0,-0.5,20.7,8,8,9
RandomPlacer,30,599,True,1.75,-1,2,0.9375,0.6071,21.05,8,10,11
RandomPlacer,30,600,True,1.8113,-1,1,1.0,-0.2,21.96,8,8,6
RandomPlacer,30,601,True,1.9056,-1,4,1.0,-0.0857,21.9,8,4,9
RandomPlacer,30,602,True,1.75,-1,2,1.1094,0.8,20.65,8,7,4
RandomPlacer,30,603,True,0.5917,-1,2,1.102,-0.4,19.2,7,11,6
RandomPlacer,30,604,True,1.4056,-1,4,1.1094,0.2,21.7,8,7,8
RandomPlacer,30,605,True,1.4056,-1,1,0.6875,-0.2571,19.83,8,6,11
RandomPlacer,30,606,True,1.9056,-1,3,1.1875,-0.5,21.28,8,14,5
RandomPlacer,30,607,True,0.5917,-1,2,1.102,-0.5,17.32,7,10,7
RandomPlacer,30,608,True,1.9056,-1,4,1.2344,0.0,20.26,8,11,4
RandomPlacer,30,609,True,1.5,-1,2,1.4375,-0.4,21.14,8,10,10
RandomPlacer,30,610,True,1.5613,-1,2,0.4844,-1.0,22.74,8,5,8
RandomPlacer,30,611,True,0.5436,-1,2,0.7344,-0.5,21.55,8,13,7
RandomPlacer,30,612,True,1.9056,-1,1,0.6875,0.5,22.02,8,6,6
RandomPlacer,30,613,True,1.8424,-1,1,1.1429,-0.4857,17.42,7,7,10
RandomPlacer,30,614,True,0.9852,-1,2,0.4898,0.0,16.5,7,5,5
RandomPlacer,30,615,True,1.9056,-1,1,1.1094,0.9429,21.55,8,7,10
RandomPlacer,30,616,True,1.9056,-1,1,0.8594,-0.5,18.29,8,15,4
RandomPlacer,30,617,True,1.75,-1,2,0.75,-1.0,22.35,8,12,5
RandomPlacer,30,618,True,1.5613,-1,2,0.7344,-0.5,18.98,8,11,5
RandomPlacer,30,619,True,1.5567,-1,2,1.2653,0.8,16.74,7,6,6
RandomPlacer,30,620,True,1.75,-1,1,1.1094,-0.8,21.89,8,9,7
RandomPlacer,30,621,True,1.3788,-1,1,1.6327,0.8286,16.61,7,9,8
RandomPlacer,30,622,True,1.9056,-1,2,1.0,0.8,21.47,8,8,7
RandomPlacer,30,623,True,1.5,-1,2,0.6094,-0.5,21.52,8,9,4
RandomPlacer,30,624,True,1.9056,-1,1,1.2344,0.3714,21.12,8,11,11
RandomPlacer,30,625,True,1.75,-1,2,1.4375,0.4857,21.0,8,14,12
RandomPlacer,30,626,True,1.2988,-1,3,1.4844,-0.2571,20.18,8,13,12
RandomPlacer,30,627,True,1.2988,-1,1,1.2344,-0.1,21.03,8,11,6
RandomPlacer,30,628,True,1.8424,-1,3,1.102,0.9,17.84,7,10,9
RandomPlacer,30,629,True,1.9056,-1,1,1.1875,0.5,25.64,8,10,13
RandomPlacer,30,630,True,1.3788,-1,2,1.3469,0.6,18.45,7,12,12
RandomPlacer,30,631,True,1.2988,-1,2,0.7344,0.3,22.32,8,11,7
RandomPlacer,30,632,True,1.8424,-1,2,0.5306,-0.2,18.66,7,4,7
RandomPlacer,30,633,True,1.5,-1,6,1.7344,-0.2,19.81,8,11,6
RandomPlacer,30,634,True,1.3788,-1,2,1.0612,-0.4,19.07,7,9,6
RandomPlacer,30,635,True,1.8424,-1,1,1.6327,0.4,18.11,7,9,10
RandomPlacer,30,636,True,1.9056,-1,1,1.2344,0.0,20.9,8,11,3
RandomPlacer,30,637,True,0.5436,-1,2,1.0,-1.0,23.22,8,12,7
RandomPlacer,30,638,True,1.2988,-1,1,0.3594,0.6,21.08,8,9,8
RandomPlacer,30,639,True,1.0613,-1,2,0.75,0.1,22.0,8,12,7
RandomPlacer,30,640,True,1.5613,-1,4,1.5,0.2571,21.6,8,8,10
RandomPlacer,30,641,True,1.3788,-1,1,0.8571,0.0,15.8,7,7,3
RandomPlacer,30,642,True,1.9056,-1,1,1.4844,0.5,21.53,8,11,9
RandomPlacer,30,643,True,1.8113,-1,1,0.1875,0.3571,21.6,8,2,15
RandomPlacer,30,644,True,1.8113,-1,0,0.4844,-0.2,21.68,8,5,8
RandomPlacer,30,645,True,1.75,-1,1,1.0,-0.4,21.86,8,8,6
RandomPlacer,30,646,True,1.2988,-1,1,1.6875,-0.4,20.83,8,14,9
RandomPlacer,30,647,True,1.4488,-1,1,1.6735,0.0,18.71,7,10,3
RandomPlacer,30,648,True,1.5488,-1,2,1.6875,-0.1,22.44,8,10,10
RandomPlacer,30,649,True,1.75,-1,3,1.4375,-0.0714,22.08,8,10,13
RandomPlacer,30,650,True,1.5613,-1,2,1.3594,0.0,22.34,8,9,3
RandomPlacer,30,651,True,1.5567,-1,2,0.7755,-0.3,16.08,7,5,10
RandomPlacer,30,652,True,1.8424,-1,0,0.6939,0.5,18.74,7,8,4
RandomPlacer,30,653,True,1.5,-1,2,1.0,-0.4,19.55,8,12,8
RandomPlacer,30,654,True,1.9056,-1,1,1.1094,-0.8,21.96,8,7,5
RandomPlacer,30,655,True,1.5613,-1,2,0.8594,0.3,21.68,8,7,8
RandomPlacer,30,656,True,1.5488,-1,1,1.2344,-0.4,21.28,8,11,8
RandomPlacer,30,657,True,1.2988,-1,1,0.75,0.4,22.02,8,12,9
RandomPlacer,30,658,True,1.9502,-1,1,0.8163,0.8,16.22,7,10,11
RandomPlacer,30,659,True,1.2988,-1,1,1.6875,0.6,21.07,8,10,8
RandomPlacer,30,660,True,0.5917,-1,2,1.2653,-0.6,16.98,7,8,9
RandomPlacer,30,661,True,1.8113,-1,0,0.6094,0.2,22.85,8,7,6
RandomPlacer,30,662,True,1.0613,-1,2,0.6094,0.3,16.07,8,9,6
RandomPlacer,30,663,True,1.4056,-1,1,0.9375,0.0,21.52,8,10,2
RandomPlacer,30,664,True,1.8113,-1,2,1.0,0.3095,21.5,8,12,10
RandomPlacer,30,665,True,1.75,-1,2,1.4844,0.6,21.34,8,13,9
RandomPlacer,30,666,True,1.2988,-1,1,0.9375,-0.5,21.88,8,6,9
RandomPlacer,30,667,True,1.8113,-1,4,0.6094,-0.2,21.84,8,7,10
RandomPlacer,30,668,True,1.8113,-1,0,1.6094,-0.7714,19.3,8,9,13
RandomPlacer,30,669,True,1.4056,-1,1,1.25,0.5,20.3,8,12,10
RandomPlacer,30,670,True,1.9056,-1,2,1.75,0.9,21.18,8,12,12
RandomPlacer,30,671,True,1.9056,-1,3,1.4375,-0.4286,19.16,8,10,14
RandomPlacer,30,672,True,1.9056,-1,1,1.0,-1.0,16.95,8,8,7
RandomPlacer,30,673,True,1.75,-1,1,1.1094,0.4,22.26,8,7,8
RandomPlacer,30,674,True,1.6645,-1,4,1.6327,-0.6,18.17,7,9,8
RandomPlacer,30,675,True,1.9056,-1,5,1.1094,-0.3214,21.74,8,9,9
RandomPlacer,30,676,True,1.9056,-1,2,0.7344,-0.1,19.79,8,19,8
RandomPlacer,30,677,True,1.9056,-1,4,0.8594,-1.0,20.69,8,7,4
RandomPlacer,30,678,True,1.9056,-1,2,0.9844,0.4286,20.24,8,5,11
RandomPlacer,30,679,True,1.1488,-1,2,0.6939,0.3,15.76,7,8,8
RandomPlacer,30,680,True,1.2988,-1,1,0.8594,0.8214,19.54,8,15,13
RandomPlacer,30,681,True,1.9056,-1,1,1.75,-0.9,20.86,8,12,7
RandomPlacer,30,682,True,1.5488,-1,2,1.3594,0.4,19.39,8,9,7
RandomPlacer,30,683,True,1.75,-1,1,0.7344,0.4,21.83,8,11,8
RandomPlacer,30,684,True,1.75,-1,1,0.6875,-0.0857,21.58,8,10,9
RandomPlacer,30,685,True,1.9056,-1,2,0.6094,1.0,20.12,8,7,4
RandomPlacer,30,686,True,1.4056,-1,3,0.6875,0.6786,20.58,8,10,12
RandomPlacer,30,687,True,1.8424,-1,1,1.6327,0.4,15.73,7,9,10
RandomPlacer,30,688,True,1.5,-1,2,1.2344,-1.0,22.21,8,11,9
RandomPlacer,30,689,True,1.5613,-1,2,0.4844,0.7714,21.82,8,11,11
RandomPlacer,30,690,True,1.9056,-1,0,0.6094,0.1,23.45,8,15,8
RandomPlacer,30,691,True,1.6645,-1,1,0.4898,0.8,18.51,7,12,8
RandomPlacer,30,692,True,1.8424,-1,0,0.9796,-0.2571,17.47,7,15,9
RandomPlacer,30,693,True,1.5613,-1,2,0.8594,-0.3929,20.25,8,9,10
RandomPlacer,30,694,True,1.5,-1,2,0.5,-0.2,20.63,8,8,9
RandomPlacer,30,695,True,1.75,-1,0,1.4375,0.1,20.29,8,14,7
RandomPlacer,30,696,True,1.75,-1,0,1.4844,0.4,21.01,8,11,8
RandomPlacer,30,697,True,1.2988,-1,1,1.25,0.6,22.8,8,12,9
RandomPlacer,30,698,True,1.4056,-1,3,1.25,0.3,21.4,8,12,7
RandomPlacer,30,699,True,1.8424,-1,2,0.9796,0.0,19.28,7,8,3
RandomPlacer,30,700,True,1.0613,-1,2,1.0,0.0,19.81,8,16,6
RandomPlacer,30,701,True,1.5613,-1,2,0.7344,0.4,21.37,8,11,9
RandomPlacer,30,702,True,1.6645,-1,2,1.3878,0.5,16.57,7,11,5
RandomPlacer,30,703,True,1.4056,-1,1,1.1094,-1.0,19.0,8,15,4
RandomPlacer,30,704,True,1.4056,-1,2,1.1094,-0.9,19.6,8,7,12
RandomPlacer,30,705,True,1.75,-1,1,1.25,0.3,19.49,8,8,10
RandomPlacer,30,706,True,1.5488,-1,1,0.8594,0.4,21.03,8,9,6
RandomPlacer,30,707,True,1.3788,-1,2,1.3878,-0.5,19.09,7,11,5
RandomPlacer,30,708,True,1.9056,-1,3,0.6094,-0.5,21.71,8,9,6
RandomPlacer,30,709,True,1.75,-1,0,1.4844,-0.1429,21.43,8,13,12
RandomPlacer,30,710,True,1.8424,-1,3,0.5306,0.5,17.47,7,3,5
RandomPlacer,30,711,True,1.2988,-1,2,0.6875,-0.7,20.62,8,18,9
RandomPlacer,30,712,True,2.0,-1,2,1.1094,0.5,21.5,8,9,9
RandomPlacer,30,713,True,1.75,-1,2,0.9844,-0.8,22.17,8,13,7
RandomPlacer,30,714,True,1.4056,-1,2,1.25,-0.2,20.15,8,8,6
RandomPlacer,30,715,True,1.8113,-1,3,0.9844,-0.2571,21.35,8,11,12
RandomPlacer,30,716,True,1.5,-1,2,0.6875,-0.4,19.55,8,14,5
RandomPlacer,30,717,True,1.3788,-1,1,1.1429,0.8857,19.87,7,7,13
RandomPlacer,30,718,True,1.9502,-1,2,0.7755,0.0,18.59,7,9,3
RandomPlacer,30,719,True,1.75,-1,0,0.8594,0.6571,20.89,8,9,12
RandomPlacer,30,720,True,1.8424,-1,1,1.6735,0.9,18.37,7,10,10
RandomPlacer,30,721,True,1.2988,-1,1,1.2344,0.6,19.85,8,13,11
RandomPlacer,30,722,True,2.0,-1,2,1.0,0.4286,20.22,8,8,10
RandomPlacer,30,723,True,1.9056,-1,1,1.0,-0.0286,19.67,8,4,14
RandomPlacer,30,724,True,1.4056,-1,2,0.4375,-0.2571,21.81,8,6,8
RandomPlacer,30,725,True,1.3788,-1,1,1.1429,-0.4643,16.85,7,7,12
RandomPlacer,30,726,True,1.75,-1,1,0.5,0.3,20.52,8,4,10
RandomPlacer,30,727,True,1.75,-1,3,0.9375,0.0,21.83,8,14,1
RandomPlacer,30,728,True,1.4056,-1,1,0.9375,0.6,22.06,8,10,5
RandomPlacer,30,729,True,1.4056,-1,3,1.2344,0.9286,20.64,8,11,14
RandomPlacer,30,730,True,1.8113,-1,3,1.1094,0.2,21.13,8,7,8
RandomPlacer,30,731,True,1.8113,-1,2,0.6875,0.1429,21.14,8,10,10
RandomPlacer,30,732,True,1.5613,-1,2,0.6094,1.0,20.74,8,7,6
RandomPlacer,30,733,True,1.8424,-1,3,1.102,0.0,18.36,7,10,3
RandomPlacer,30,734,True,1.4056,-1,1,0.9375,0.0,21.75,8,10,2
RandomPlacer,30,735,True,1.4488,-1,1,0.8163,-0.8,16.04,7,10,10
RandomPlacer,30,736,True,1.4488,-1,3,1.8367,0.3,18.11,7,8,8
RandomPlacer,30,737,True,1.5,-1,3,0.9375,0.0857,21.97,8,10,8
RandomPlacer,30,738,True,1.8113,-1,0,1.1094,-0.6,20.48,8,9,6
RandomPlacer,30,739,True,1.5613,-1,4,1.2344,0.7,20.11,8,13,8
RandomPlacer,30,740,True,1.8113,-1,3,1.1094,0.6,18.45,8,15,6
RandomPlacer,30,741,True,1.3788,-1,1,1.0612,0.4,17.71,7,12,10
RandomPlacer,30,742,True,1.9056,-1,1,0.6094,-0.3,21.42,8,7,7
RandomPlacer,30,743,True,1.9056,-1,2,1.2344,0.5,20.73,8,13,9
RandomPlacer,30,744,True,1.9056,-1,2,1.4844,0.8,19.89,8,11,9
RandomPlacer,30,745,True,1.4488,-1,6,0.9796,-1.0,18.9,7,15,7
RandomPlacer,30,746,True,1.8113,-1,4,1.0,-0.1667,20.14,8,12,12
RandomPlacer,30,747,True,1.3788,-1,3,0.8163,0.0,17.78,7,11,3
RandomPlacer,30,748,True,1.75,-1,0,0.9844,0.0,20.11,8,11,4
RandomPlacer,30,749,True,1.75,-1,4,1.5,-0.5,20.38,8,8,5
RandomPlacer,30,750,True,1.5613,-1,2,0.4375,0.1,17.45,8,6,10
RandomPlacer,30,751,True,1.4488,-1,3,0.2041,-0.1429,17.44,7,2,14
RandomPlacer,30,752,True,1.5,-1,2,1.2344,0.0,21.15,8,11,7
RandomPlacer,30,753,True,1.75,-1,2,1.1094,-0.5,20.12,8,9,8
RandomPlacer,30,754,True,1.4056,-1,1,0.8594,0.1,21.82,8,9,10
RandomPlacer,30,755,True,1.9056,-1,1,0.9844,0.5429,22.2,8,11,10
RandomPlacer,30,756,True,1.9056,-1,2,1.1875,0.2,21.06,8,10,8
RandomPlacer,30,757,True,1.5488,-1,0,0.9375,0.2,21.9,8,14,8
RandomPlacer,30,758,True,1.3788,-1,1,1.2653,-0.3,16.99,7,13,12
RandomPlacer,30,759,True,1.3788,-1,3,0.1224,-0.0286,18.39,7,6,12
RandomPlacer,30,760,True,1.5613,-1,2,1.1094,-0.6,22.19,8,17,9
RandomPlacer,30,761,True,1.9056,-1,1,1.1875,-0.8,22.18,8,14,7
RandomPlacer,30,762,True,1.2988,-1,3,0.4844,-0.5,19.69,8,5,6
RandomPlacer,30,763,True,1.5488,-1,2,0.9375,0.5,22.29,8,6,10
RandomPlacer,30,764,True,1.5,-1,3,1.4844,-0.3714,21.4,8,13,9
RandomPlacer,30,765,True,1.75,-1,2,1.1094,0.4,18.11,8,7,6
RandomPlacer,30,766,True,1.2988,-1,1,1.2344,-0.2,21.44,8,11,8
RandomPlacer,30,767,True,1.5567,-1,2,1.3878,-0.4,17.55,7,11,13
RandomPlacer,30,768,True,1.9056,-1,2,0.7344,0.3143,22.17,8,5,8
RandomPlacer,30,769,True,1.3788,-1,1,0.4082,0.7,19.07,7,13,8
RandomPlacer,30,770,True,2.0,-1,3,1.25,0.0,17.17,8,8,5
RandomPlacer,30,771,True,1.4056,-1,3,1.1094,-0.3714,20.67,8,9,13
RandomPlacer,30,772,True,1.2988,-1,3,1.0,0.0,18.51,8,16,6
RandomPlacer,30,773,True,1.4056,-1,5,0.6094,1.0,21.49,8,9,9
RandomPlacer,30,774,True,1.6645,-1,2,1.1429,0.0286,17.04,7,14,8
RandomPlacer,30,775,True,1.5613,-1,3,0.4844,-0.6,20.98,8,5,11
RandomPlacer,30,776,True,1.3788,-1,1,1.551,-0.4,17.54,7,8,10
RandomPlacer,30,777,True,1.5613,-1,2,1.25,0.0857,21.25,8,8,8
RandomPlacer,30,778,True,1.8113,-1,1,1.0,-0.9,23.84,8,8,10
RandomPlacer,30,779,True,1.5613,-1,3,0.9375,0.4,21.11,8,14,8
RandomPlacer,30,780,True,1.5,-1,2,0.75,-0.4643,20.88,8,8,15
RandomPlacer,30,781,True,1.5613,-1,2,1.1875,0.2,22.02,8,14,7
RandomPlacer,30,782,True,1.9056,-1,1,0.9844,0.4286,21.16,8,13,8
RandomPlacer,30,783,True,1.75,-1,0,1.4844,0.5,20.46,8,13,7
RandomPlacer,30,784,True,1.9056,-1,1,1.4844,-0.5,20.71,8,11,4
RandomPlacer,30,785,True,1.75,-1,1,1.1094,-0.6,19.91,8,7,9
RandomPlacer,30,786,True,1.9056,-1,2,1.25,-0.2,20.1,8,12,8
RandomPlacer,30,787,True,1.9056,-1,4,1.0,0.0,20.79,8,12,3
RandomPlacer,30,788,True,1.8113,-1,2,0.2344,0.8,21.96,8,3,5
RandomPlacer,30,789,True,1.2988,-1,3,0.6875,0.2,20.72,8,6,8
RandomPlacer,30,790,True,1.2988,-1,1,0.5,-0.3,21.83,8,4,6
RandomPlacer,30,791,True,1.9502,-1,3,0.4082,0.3,18.61,7,6,7
RandomPlacer,30,792,True,1.9056,-1,2,0.8594,-0.3,21.14,8,7,8
RandomPlacer,30,793,True,1.5613,-1,2,0.9375,-0.6429,20.37,8,10,12
RandomPlacer,30,794,True,1.8424,-1,3,0.7755,-0.5,17.39,7,5,8
RandomPlacer,30,795,True,1.75,-1,2,0.6875,-0.6,20.45,8,10,9
RandomPlacer,30,796,True,1.0,-1,3,0.8594,0.0,20.72,8,9,8
RandomPlacer,30,797,True,1.5613,-1,2,0.4844,-0.2143,22.55,8,11,12
RandomPlacer,30,798,True,1.9056,-1,2,0.75,-0.0286,21.55,8,12,12
RandomPlacer,30,799,True,1.6645,-1,2,1.551,-0.8,17.27,7,13,6
RandomPlacer,30,800,True,1.8424,-1,0,1.0612,-0.5,18.08,7,9,5
RandomPlacer,30,801,True,1.5488,-1,2,1.7344,0.0286,20.24,8,11,12
RandomPlacer,30,802,True,1.5613,-1,2,0.5,-0.4857,20.98,8,8,11
RandomPlacer,30,803,True,1.8113,-1,2,0.6875,0.0,19.47,8,6,6
RandomPlacer,30,804,True,1.5613,-1,2,0.8594,0.3929,20.81,8,9,11
RandomPlacer,30,805,True,1.9056,-1,1,1.5,-0.7,20.88,8,12,7
RandomPlacer,30,806,True,1.4488,-1,3,1.3878,-1.0,18.86,7,11,4
RandomPlacer,30,807,True,1.4056,-1,2,0.25,0.3,18.1,8,8,10
RandomPlacer,30,808,True,1.5,-1,2,0.7344,0.5,18.37,8,13,4
RandomPlacer,30,809,True,1.75,-1,0,0.6094,0.1,21.15,8,9,10
RandomPlacer,30,810,True,1.4056,-1,2,0.6094,0.4,21.77,8,15,6
RandomPlacer,30,811,True,1.3788,-1,1,1.2653,-0.0857,18.33,7,13,12
RandomPlacer,30,812,True,1.75,-1,0,0.6875,0.5,21.34,8,10,3
RandomPlacer,30,813,True,1.8424,-1,2,1.551,0.2,14.21,7,8,10
RandomPlacer,30,814,True,1.5488,-1,1,0.4375,0.0,22.18,8,6,7
RandomPlacer,30,815,True,1.9056,-1,2,1.0,0.0,21.14,8,12,3
RandomPlacer,30,816,True,1.5,-1,2,1.0,-0.5,19.3,8,12,6
RandomPlacer,30,817,True,1.75,-1,1,1.4375,0.0,21.91,8,10,5
RandomPlacer,30,818,True,2.0,-1,2,1.0,0.0857,22.3,8,12,12
RandomPlacer,30,819,True,1.75,-1,0,1.0,0.4,20.76,8,12,10
RandomPlacer,30,820,True,1.6645,-1,2,1.551,0.0286,17.49,7,13,12
RandomPlacer,30,821,True,1.8113,-1,3,0.1875,-0.5,20.66,8,14,7
RandomPlacer,30,822,True,1.75,-1,3,0.5,0.8,20.93,8,8,8
RandomPlacer,30,823,True,1.9056,-1,3,0.75,0.5,21.98,8,12,6
RandomPlacer,30,824,True,1.8424,-1,3,0.9796,-0.5,16.64,7,13,4
RandomPlacer,30,825,True,1.4056,-1,1,0.9844,-0.2,19.67,8,11,8
RandomPlacer,30,826,True,1.3788,-1,3,0.5306,0.5,18.76,7,11,6
RandomPlacer,30,827,True,1.5,-1,2,1.1094,0.3,19.34,8,9,8
RandomPlacer,30,828,True,1.2988,-1,2,1.1094,-0.2,20.98,8,7,6
RandomPlacer,30,829,True,1.5,-1,2,1.25,-0.1,21.61,8,12,10
RandomPlacer,30,830,True,1.4056,-1,1,1.6094,0.5,20.79,8,9,5
RandomPlacer,30,831,True,1.9056,-1,2,0.6094,0.1,21.57,8,9,9
RandomPlacer,30,832,True,1.5613,-1,4,0.9844,0.6571,20.8,8,11,9
RandomPlacer,30,833,True,1.5,-1,2,0.4375,0.2,21.29,8,10,7
RandomPlacer,30,834,True,1.9056,-1,4,1.2344,0.0,20.48,8,13,10
RandomPlacer,30,835,True,1.2988,-1,1,0.4375,-0.1,21.28,8,6,6
RandomPlacer,30,836,True,1.9502,-1,1,0.7755,0.0,18.41,7,9,5
RandomPlacer,30,837,True,1.5488,-1,1,1.3594,0.3,21.8,8,9,7
RandomPlacer,30,838,True,1.5,-1,2,0.75,0.6,19.67,8,16,9
RandomPlacer,30,839,True,1.9056,-1,5,0.9844,0.8,21.45,8,11,7
RandomPlacer,30,840,True,1.4056,-1,3,1.1875,-0.1,21.27,8,10,8
RandomPlacer,30,841,True,1.75,-1,2,0.7344,0.0,21.65,8,11,4
RandomPlacer,30,842,True,1.0613,-1,2,1.1875,0.0,20.33,8,6,3
RandomPlacer,30,843,True,1.1488,-1,2,1.9592,0.3143,17.23,7,10,8
RandomPlacer,30,844,True,1.5567,-1,2,0.5714,-0.6,18.21,7,14,8
RandomPlacer,30,845,True,1.4488,-1,1,1.1429,1.0,18.15,7,7,5
RandomPlacer,30,846,True,1.9056,-1,1,1.25,0.7714,21.48,8,12,14
RandomPlacer,30,847,True,1.4056,-1,3,1.0,-0.1,20.36,8,12,9
RandomPlacer,30,848,True,1.0613,-1,2,0.7344,0.2,19.35,8,11,7
RandomPlacer,30,849,True,1.4056,-1,2,0.9375,-0.8,19.6,8,10,6
RandomPlacer,30,850,True,1.9056,-1,2,0.25,1.0,22.19,8,8,4
RandomPlacer,30,851,True,1.9056,-1,2,1.7344,0.2571,21.22,8,13,11
RandomPlacer,30,852,True,1.0,-1,3,1.0,0.5,20.69,8,12,5
RandomPlacer,30,853,True,1.2988,-1,2,1.1094,-0.3714,18.58,8,7,12
RandomPlacer,30,854,True,1.8113,-1,5,1.2344,-0.0714,20.46,8,13,11
RandomPlacer,30,855,True,1.75,-1,0,1.0,0.4,21.47,8,8,7
RandomPlacer,30,856,True,1.5613,-1,2,1.1094,0.1071,20.67,8,7,13
RandomPlacer,30,857,True,1.5613,-1,2,1.0,-0.5,22.85,8,20,6
RandomPlacer,30,858,True,1.9056,-1,2,0.6875,-0.4,21.73,8,10,9
RandomPlacer,30,859,True,1.2988,-1,3,1.1875,-0.4857,21.83,8,14,15
RandomPlacer,30,860,True,1.3788,-1,1,1.0612,0.5,17.42,7,9,6
RandomPlacer,30,861,True,1.5,-1,2,1.0,-0.2,21.81,8,8,6
RandomPlacer,30,862,True,1.9056,-1,1,0.3594,-0.8,20.78,8,9,11
RandomPlacer,30,863,True,1.2988,-1,1,0.5,-0.5,20.48,8,16,8
RandomPlacer,30,864,True,1.5,-1,2,0.4844,-0.0286,21.96,8,5,8
RandomPlacer,30,865,True,1.75,-1,1,1.0,-1.0,20.09,8,12,4
RandomPlacer,30,866,True,1.5,-1,2,1.6094,1.0,20.35,8,15,9
RandomPlacer,30,867,True,1.8424,-1,1,0.9796,0.4,18.1,7,13,6
RandomPlacer,30,868,True,1.0613,-1,1,0.8594,0.6,21.19,8,9,9
RandomPlacer,30,869,True,1.9056,-1,4,1.0,0.8,19.67,8,16,6
RandomPlacer,30,870,True,1.75,-1,0,1.6875,-0.5,21.11,8,14,5
RandomPlacer,30,871,True,1.5488,-1,1,1.5,-0.5,21.14,8,12,5
RandomPlacer,30,872,True,1.5,-1,2,1.7344,-0.3714,22.2,8,11,9
RandomPlacer,30,873,True,1.3788,-1,1,1.6327,-0.4,16.82,7,9,7
RandomPlacer,30,874,True,1.5613,-1,2,0.6875,-0.5,21.54,8,14,7
RandomPlacer,30,875,True,1.9056,-1,2,1.6094,0.0,22.2,8,9,2
RandomPlacer,30,876,True,1.4056,-1,2,1.1875,0.6,22.23,8,10,9
RandomPlacer,30,877,True,1.8113,-1,3,1.3594,0.3,20.32,8,9,8
RandomPlacer,30,878,True,1.8113,-1,0,0.8594,0.6,19.79,8,9,8
RandomPlacer,30,879,True,1.4056,-1,2,0.6094,0.1,19.6,8,9,9
RandomPlacer,30,880,True,0.5436,-1,2,0.9844,0.5,21.95,8,5,5
RandomPlacer,30,881,True,1.8113,-1,0,0.4844,0.0,21.78,8,5,5
RandomPlacer,30,882,True,1.8424,-1,0,1.102,0.5,17.03,7,10,5
RandomPlacer,30,883,True,1.5,-1,2,0.9375,0.0,20.29,8,14,2
RandomPlacer,30,884,True,1.75,-1,3,1.1875,1.0,21.15,8,14,5
RandomPlacer,30,885,True,1.75,-1,2,0.4844,0.4,22.03,8,5,9
RandomPlacer,30,886,True,1.9056,-1,2,0.6875,0.2,20.1,8,6,4
RandomPlacer,30,887,True,1.4056,-1,4,0.4375,0.2,21.82,8,14,8
RandomPlacer,30,888,True,1.2988,-1,3,0.6875,0.8857,20.08,8,14,10
RandomPlacer,30,889,True,1.9056,-1,2,1.1094,-0.1,19.98,8,9,8
RandomPlacer,30,890,True,1.9056,-1,0,0.6094,0.8,21.16,8,9,7
RandomPlacer,30,891,True,1.5,-1,2,0.9375,0.6,22.16,8,10,9
RandomPlacer,30,892,True,1.75,-1,3,0.8594,-1.0,21.82,8,7,7
RandomPlacer,30,893,True,1.0613,-1,1,1.25,-0.1429,21.96,8,16,10
RandomPlacer,30,894,True,1.9056,-1,2,1.4375,0.4,21.66,8,14,8
RandomPlacer,30,895,True,1.4056,-1,1,0.8594,0.2,22.07,8,9,9
RandomPlacer,30,896,True,1.9056,-1,1,1.1094,0.5,20.79,8,7,3
RandomPlacer,30,897,True,1.9056,-1,0,1.0,-0.6,20.94,8,12,9
RandomPlacer,30,898,True,1.9056,-1,2,1.1094,-1.0,21.75,8,9,4
RandomPlacer,30,899,True,1.9502,-1,3,1.6735,-0.1,17.62,7,10,7
RandomPlacer,30,900,True,1.2988,-1,1,0.6094,0.0,21.47,8,9,5
RandomPlacer,30,901,True,1.9056,-1,3,1.4375,0.0,19.87,8,14,5
RandomPlacer,30,902,True,1.8424,-1,2,0.9796,-0.5,15.81,7,8,5
RandomPlacer,30,903,True,1.9056,-1,2,0.6875,0.4,17.0,8,10,5
RandomPlacer,30,904,True,1.3788,-1,1,1.0612,0.4286,16.14,7,5,9
RandomPlacer,30,905,True,1.5,-1,2,0.7344,-0.5,22.07,8,5,5
RandomPlacer,30,906,True,1.75,-1,0,0.5,0.0286,22.59,8,4,10
RandomPlacer,30,907,True,1.8424,-1,0,0.6939,-0.8,17.63,7,8,6
RandomPlacer,30,908,True,1.8113,-1,2,0.9844,0.4857,21.01,8,11,13
RandomPlacer,30,909,True,1.75,-1,1,1.1875,-0.1429,19.36,8,14,11
RandomPlacer,30,910,True,1.5488,-1,1,0.8594,0.3,20.37,8,9,7
RandomPlacer,30,911,True,1.5613,-1,2,0.7344,-0.1,21.09,8,11,10
RandomPlacer,30,912,True,1.5,-1,2,0.4844,1.0,22.49,8,3,5
RandomPlacer,30,913,True,1.2988,-1,3,1.1094,-0.6,21.03,8,7,14
RandomPlacer,30,914,True,1.8424,-1,3,0.7755,-0.2,18.89,7,9,8
RandomPlacer,30,915,True,1.75,-1,3,1.6875,0.0357,21.51,8,10,13
RandomPlacer,30,916,True,1.5613,-1,2,1.3594,0.4,21.29,8,7,5
RandomPlacer,30,917,True,1.9502,-1,1,1.2653,0.1,19.27,7,13,8
RandomPlacer,30,918,True,1.4056,-1,3,1.7344,0.4,21.14,8,13,9
RandomPlacer,30,919,True,1.4056,-1,4,0.6094,-0.1429,22.38,8,7,9
RandomPlacer,30,920,True,1.8113,-1,3,0.9375,1.0,20.73,8,6,9
RandomPlacer,30,921,True,1.9056,-1,0,1.0,0.8,21.56,8,8,10
RandomPlacer,30,922,True,1.9056,-1,1,0.3594,0.8,21.99,8,9,6
RandomPlacer,30,923,True,1.4488,-1,1,0.5306,0.0,18.64,7,10,4
RandomPlacer,30,924,True,1.2988,-1,2,0.7344,-1.0,21.37,8,19,6
RandomPlacer,30,925,True,1.1488,-1,2,0.7755,-0.0857,17.65,7,5,15
RandomPlacer,30,926,True,1.3788,-1,1,0.6939,-0.3,16.52,7,8,9
RandomPlacer,30,927,True,1.5567,-1,2,0.4082,-1.0,17.07,7,6,7
RandomPlacer,30,928,True,1.8113,-1,2,1.0,0.4857,20.74,8,8,12
RandomPlacer,30,929,True,1.75,-1,3,1.4375,-0.6786,19.6,8,14,13
RandomPlacer,30,930,True,1.2988,-1,1,1.0,-0.6,21.01,8,12,8
RandomPlacer,30,931,True,1.75,-1,1,1.3594,0.4286,20.15,8,9,10
RandomPlacer,30,932,True,1.9502,-1,2,1.102,0.5,19.11,7,17,8
RandomPlacer,30,933,True,1.9056,-1,0,1.2344,-0.2,21.38,8,11,9
RandomPlacer,30,934,True,1.8424,-1,2,0.2041,-0.5,16.3,7,5,4
RandomPlacer,30,935,True,1.9056,-1,1,1.2344,0.4286,21.17,8,13,11
RandomPlacer,30,936,True,1.9056,-1,3,1.4844,-0.5,21.97,8,13,7
RandomPlacer,30,937,True,0.8631,-1,2,0.2857,0.0,18.69,7,7,3
RandomPlacer,30,938,True,1.4056,-1,1,0.6875,0.4,21.83,8,6,5
RandomPlacer,30,939,True,1.4056,-1,1,0.6875,0.8,22.15,8,10,9
RandomPlacer,30,940,True,1.4056,-1,3,0.6094,0.5,19.41,8,7,8
RandomPlacer,30,941,True,1.5613,-1,2,1.1094,0.4,20.88,8,7,5
RandomPlacer,30,942,True,1.2988,-1,6,0.5,0.5,20.86,8,12,6
RandomPlacer,30,943,True,1.5,-1,2,0.5,1.0,20.24,8,16,10
RandomPlacer,30,944,True,1.8424,-1,2,0.7755,0.5,17.76,7,9,6
RandomPlacer,30,945,True,1.8113,-1,2,1.0,0.8,21.2,8,8,7
RandomPlacer,30,946,True,1.8424,-1,1,0.6939,0.2,16.04,7,8,7
RandomPlacer,30,947,True,1.8113,-1,2,1.1875,0.2571,19.75,8,10,9
RandomPlacer,30,948,True,1.6645,-1,1,0.5306,0.8,18.29,7,4,8
RandomPlacer,30,949,True,1.5613,-1,2,1.4844,0.2,20.22,8,13,8
RandomPlacer,30,950,True,1.8113,-1,0,0.7344,-0.0857,20.96,8,13,11
RandomPlacer,30,951,True,1.75,-1,1,1.25,0.2,21.03,8,12,5
RandomPlacer,30,952,True,1.9056,-1,3,0.4844,-0.2,18.59,8,5,8
RandomPlacer,30,953,True,1.75,-1,0,0.6875,0.5,19.75,8,14,7
RandomPlacer,30,954,True,1.4056,-1,1,0.8594,-0.2,20.21,8,9,7
RandomPlacer,30,955,True,1.75,-1,3,1.2344,-0.2,22.72,8,13,11
RandomPlacer,30,956,True,1.5,-1,2,1.0,0.5,19.74,8,12,5
RandomPlacer,30,957,True,1.9056,-1,2,1.3594,0.0857,22.06,8,15,11
RandomPlacer,30,958,True,1.6645,-1,1,0.2449,-0.6,17.86,7,10,10
RandomPlacer,30,959,True,1.8424,-1,3,1.551,0.8,17.24,7,8,6
RandomPlacer,30,960,True,1.75,-1,1,1.2344,0.3,18.93,8,13,10
RandomPlacer,30,961,True,1.75,-1,1,1.4844,-0.1071,21.01,8,11,13
RandomPlacer,30,962,True,2.0,-1,3,0.3594,-0.6,21.04,8,7,11
RandomPlacer,30,963,True,1.5,-1,2,0.9844,0.6571,21.12,8,11,9
RandomPlacer,30,964,True,1.5567,-1,2,0.4082,-0.5,16.09,7,15,7
RandomPlacer,30,965,True,1.75,-1,3,0.6875,0.0,21.1,8,10,2
RandomPlacer,30,966,True,1.5567,-1,3,0.2041,-0.1,18.53,7,9,10
RandomPlacer,30,967,True,1.75,-1,3,0.7344,-0.6,20.03,8,11,6
RandomPlacer,30,968,True,1.8113,-1,0,1.2344,0.2571,21.08,8,5,14
RandomPlacer,30,969,True,0.8631,-1,3,0.8163,-0.5,18.89,7,11,11
RandomPlacer,30,970,True,1.9502,-1,1,0.5714,0.8,18.11,7,7,9
RandomPlacer,30,971,True,1.9056,-1,1,0.8594,0.3714,21.13,8,9,10
RandomPlacer,30,972,True,1.3788,-1,1,0.7755,-0.7,18.28,7,16,10
RandomPlacer,30,973,True,1.9056,-1,1,1.5,-0.2,20.22,8,12,10
RandomPlacer,30,974,True,1.5,-1,2,0.7344,-0.2,19.98,8,13,7
RandomPlacer,30,975,True,0.8631,-1,3,0.1224,0.5,20.2,7,8,5
RandomPlacer,30,976,True,1.9056,-1,1,0.9844,0.2571,20.75,8,13,15
RandomPlacer,30,977,True,1.4488,-1,3,1.2653,1.0,16.94,7,8,5
RandomPlacer,30,978,True,0.8631,-1,3,1.1429,-0.2,16.37,7,14,8
RandomPlacer,30,979,True,1.2988,-1,3,0.8594,-0.1429,20.56,8,7,10
RandomPlacer,30,980,True,1.8113,-1,0,1.2344,0.6,18.24,8,11,10
RandomPlacer,30,981,True,1.3788,-1,3,0.7755,-0.2,18.36,7,12,10
RandomPlacer,30,982,True,1.8113,-1,4,0.9844,0.0,19.46,8,11,5
RandomPlacer,30,983,True,1.3788,-1,3,0.4898,-0.5,18.29,7,5,9
RandomPlacer,30,984,True,1.8113,-1,3,1.0,0.1,21.43,8,8,7
RandomPlacer,30,985,True,1.9056,-1,4,0.6094,0.0,21.98,8,7,3
RandomPlacer,30,986,True,1.0613,-1,2,0.4844,-1.0,21.59,8,5,7
RandomPlacer,30,987,True,1.5567,-1,2,0.9796,-0.4286,17.73,7,6,7
RandomPlacer,30,988,True,1.8424,-1,1,0.9796,0.4,18.57,7,8,7
RandomPlacer,30,989,True,1.9056,-1,1,1.7344,0.6,22.02,8,13,12
RandomPlacer,30,990,True,1.4056,-1,1,0.9844,1.0,20.89,8,11,5
RandomPlacer,30,991,True,1.9056,-1,1,0.4844,-0.8,19.91,8,11,8
RandomPlacer,30,992,True,1.5,-1,2,2.1094,0.0,21.39,8,9,8
RandomPlacer,30,993,True,1.9502,-1,3,1.3469,0.4857,16.75,7,9,7
RandomPlacer,30,994,True,1.5567,-1,2,1.3878,-0.1,18.66,7,11,7
RandomPlacer,30,995,True,1.9056,-1,2,0.6875,0.7714,22.02,8,6,11
RandomPlacer,30,996,True,1.8113,-1,2,0.9375,-1.0,21.84,8,6,6
RandomPlacer,30,997,True,1.9056,-1,2,1.3594,0.4,21.38,8,9,6
RandomPlacer,30,998,True,1.8424,-1,3,1.2653,-0.8,13.84,7,8,9
RandomPlacer,30,999,True,1.8424,-1,2,1.2653,0.2857,18.77,7,6,11
RandomPlacer,40,0,True,1.9713,-1,4,0.9375,0.3455,125.17,24,30,16
RandomPlacer,40,1,True,1.766,-1,3,1.2475,-0.1182,107.0,20,29,17
RandomPlacer,40,2,True,1.8129,-1,2,1.2188,-0.3818,102.8,19,23,20
RandomPlacer,40,3,True,1.8744,-1,4,0.9984,0.2396,135.07,25,26,19
RandomPlacer,40,4,True,1.9363,-1,5,0.8182,-0.1253,115.11,22,22,27
RandomPlacer,40,5,True,1.667,-1,2,0.88,0.3532,140.0,25,30,36
RandomPlacer,40,6,True,1.9347,-1,5,1.3605,-0.0374,113.62,21,24,24
RandomPlacer,40,7,True,1.8129,-1,5,1.0582,-0.3667,92.94,19,25,12
RandomPlacer,40,8,True,1.7201,-1,2,1.0321,0.2857,120.35,23,34,12
RandomPlacer,40,9,True,1.6474,-1,2,0.7936,-0.5,132.17,25,23,9
RandomPlacer,40,10,True,1.7621,-1,1,0.9528,-0.0699,154.0,28,39,20
RandomPlacer,40,11,True,1.6497,-1,1,1.0269,0.1909,122.88,22,25,20
RandomPlacer,40,12,True,1.7179,-1,2,0.8542,0.0636,127.21,24,30,19
RandomPlacer,40,13,True,1.5794,-1,2,0.983,0.4676,115.63,23,26,27
RandomPlacer,40,14,True,1.7274,-1,1,0.9796,0.3516,151.38,28,24,18
RandomPlacer,40,15,True,1.8097,-1,3,1.2741,-0.0629,114.78,23,27,20
RandomPlacer,40,16,True,1.9419,-1,5,1.0336,-0.1154,134.98,25,23,24
RandomPlacer,40,17,True,1.75,-1,1,1.1389,0.1818,133.06,24,28,20
RandomPlacer,40,18,True,1.708,-1,2,0.7041,0.2333,151.75,28,36,34
RandomPlacer,40,19,True,1.9259,-1,5,0.8891,0.1471,144.74,26,19,23
RandomPlacer,40,20,True,1.6409,-1,1,1.2071,-0.4455,143.27,26,30,16
RandomPlacer,40,21,True,1.8451,-1,3,1.2559,0.2867,142.6,26,29,17
RandomPlacer,40,22,True,1.7057,-1,2,1.2971,-0.0667,111.93,21,31,20
RandomPlacer,40,23,True,1.6068,-1,1,0.759,-0.3571,89.22,19,26,14
RandomPlacer,40,24,True,1.8221,-1,3,0.8844,-0.3364,111.89,21,24,15
RandomPlacer,40,25,True,1.8474,-1,4,0.5319,0.3667,94.6,19,13,14
RandomPlacer,40,26,True,1.7549,-1,3,0.5518,0.1121,129.63,26,15,25
RandomPlacer,40,27,True,1.7153,-1,2,1.1744,-0.3497,134.16,25,29,21
RandomPlacer,40,28,True,1.3946,-1,2,1.2252,0.4667,111.0,22,23,12
RandomPlacer,40,29,True,1.5138,-1,3,1.1221,0.098,142.94,27,37,29
RandomPlacer,40,30,True,1.9329,-1,2,0.9931,-0.1912,117.44,24,22,25
RandomPlacer,40,31,True,1.7863,-1,2,0.9917,0.2619,118.48,22,24,15
RandomPlacer,40,32,True,1.7179,-1,1,0.6927,-0.021,123.02,24,21,18
RandomPlacer,40,33,True,1.7852,-1,1,0.8258,0.3275,145.26,27,17,19
RandomPlacer,40,34,True,1.5455,-1,1,1.0579,-0.0545,110.18,22,26,18
RandomPlacer,40,35,True,1.9259,-1,2,1.3328,0.1273,134.4,26,29,22
RandomPlacer,40,36,True,1.8911,-1,2,1.1488,-0.4167,116.48,22,26,16
RandomPlacer,40,37,True,1.8955,-1,3,0.9091,0.2536,115.11,22,22,30
RandomPlacer,40,38,True,1.6436,-1,2,0.6276,-0.1667,117.68,23,29,14
RandomPlacer,40,39,True,1.9329,-1,5,0.8594,-0.0964,132.51,24,21,25
RandomPlacer,40,40,True,1.9401,-1,3,0.6302,-0.1538,118.16,22,27,20
RandomPlacer,40,41,True,1.8467,-1,6,1.28,-0.0727,131.13,25,25,16
RandomPlacer,40,42,True,1.6815,-1,5,1.0875,0.0167,102.7,20,25,15
RandomPlacer,40,43,True,1.6922,-1,2,0.8316,-0.8818,129.71,24,19,17
RandomPlacer,40,44,True,1.8292,-1,3,1.2708,0.3022,132.44,24,30,17
RandomPlacer,40,45,True,1.8116,-1,2,0.8367,0.0636,153.3,28,24,27
RandomPlacer,40,46,True,1.8016,-1,2,1.16,-0.0989,108.41,20,24,25
RandomPlacer,40,47,True,1.6136,-1,1,1.2576,0.6727,135.42,25,33,17
RandomPlacer,40,48,True,1.9387,-1,3,0.8844,0.3545,111.73,21,18,18
RandomPlacer,40,49,True,1.7842,-1,4,1.2899,0.5636,131.46,24,25,18
RandomPlacer,40,50,True,1.8199,-1,3,1.2071,0.4333,144.19,26,30,12
RandomPlacer,40,51,True,1.8922,-1,1,1.1327,-0.2381,152.84,28,36,16
RandomPlacer,40,52,True,1.4905,-1,1,0.99,0.2363,107.36,20,18,21
RandomPlacer,40,53,True,1.8474,-1,2,0.7424,0.0833,100.23,19,13,13
RandomPlacer,40,54,True,1.7499,-1,1,1.25,0.1648,113.09,22,33,24
RandomPlacer,40,55,True,1.8474,-1,1,0.5873,-0.1167,99.39,19,15,13
RandomPlacer,40,56,True,1.8411,-1,4,0.8587,0.2364,149.11,27,34,14
RandomPlacer,40,57,True,1.9054,-1,4,0.9575,0.3099,149.29,27,25,22
RandomPlacer,40,58,True,1.7132,-1,2,1.3367,-0.1121,152.88,28,32,26
RandomPlacer,40,59,True,1.6021,-1,2,0.2893,0.0545,113.4,22,16,16
RandomPlacer,40,60,True,1.945,-1,3,1.1094,0.0559,127.76,24,21,20
RandomPlacer,40,61,True,1.5531,-1,1,0.963,0.3273,149.1,28,27,16
RandomPlacer,40,62,True,1.9332,-1,5,0.9172,0.1091,140.29,26,28,17
RandomPlacer,40,63,True,1.3709,-1,2,1.1834,0.0833,119.55,23,31,13
RandomPlacer,40,64,True,1.8878,-1,3,1.051,0.0055,151.51,28,24,17
RandomPlacer,40,65,True,1.922,-1,3,0.6405,0.3407,142.57,26,29,24
RandomPlacer,40,66,True,1.8231,-1,3,0.9669,-0.2308,113.74,22,26,22
RandomPlacer,40,67,True,1.9259,-1,4,1.0725,0.2364,140.96,26,35,16
RandomPlacer,40,68,True,1.839,-1,2,1.1756,-0.1119,111.41,22,27,21
RandomPlacer,40,69,True,1.9258,-1,5,1.1834,-0.2879,116.02,23,31,21
RandomPlacer,40,70,True,1.7639,-1,1,1.0336,0.478,135.44,25,27,26
RandomPlacer,40,71,True,1.8648,-1,2,0.7899,-0.3273,126.17,24,31,14
RandomPlacer,40,72,True,1.8107,-1,3,0.7456,0.3697,133.36,25,28,19
RandomPlacer,40,73,True,1.6914,-1,1,0.9298,-0.6485,160.95,29,30,17
RandomPlacer,40,74,True,1.7925,-1,2,0.96,0.0179,130.05,25,25,28
RandomPlacer,40,75,True,1.8337,-1,3,0.8395,0.2381,146.56,27,33,13
RandomPlacer,40,76,True,1.815,-1,4,1.1,0.1636,104.48,20,20,15
RandomPlacer,40,77,True,1.8132,-1,1,1.0359,-0.0659,119.9,23,25,26
RandomPlacer,40,78,True,1.994,-1,3,1.5041,0.0979,120.78,22,30,20
RandomPlacer,40,79,True,1.8962,-1,5,0.7586,-0.175,155.74,29,29,29
RandomPlacer,40,80,True,1.9127,-1,5,1.071,-0.1319,140.61,26,24,18
RandomPlacer,40,81,True,1.9494,-1,4,0.6694,0.0545,146.67,27,32,18
RandomPlacer,40,82,True,1.9056,-1,5,0.8316,0.2242,133.23,24,29,20
RandomPlacer,40,83,True,1.8048,-1,1,1.1338,-0.1099,108.91,21,26,22
RandomPlacer,40,84,True,1.6751,-1,1,1.19,0.2867,106.26,20,22,21
RandomPlacer,40,85,True,1.7209,-1,2,1.0624,0.0667,124.44,23,29,15
RandomPlacer,40,86,True,1.7899,-1,2,0.9029,-0.1273,116.67,22,27,15
RandomPlacer,40,87,True,1.8503,-1,2,0.8015,0.0374,122.49,23,29,25
RandomPlacer,40,88,True,1.7885,-1,6,0.852,0.2441,149.3,28,30,21
RandomPlacer,40,89,True,1.8861,-1,3,0.8402,-0.2118,139.9,26,28,22
RandomPlacer,40,90,True,1.9035,-1,6,1.4195,-0.1736,112.72,21,19,21
RandomPlacer,40,91,True,1.8956,-1,5,1.0556,0.0545,132.98,24,32,21
RandomPlacer,40,92,True,1.8956,-1,5,1.4149,0.0495,131.67,24,29,27
RandomPlacer,40,93,True,1.6529,-1,1,0.9931,-0.3022,128.85,24,26,20
RandomPlacer,40,94,True,1.9505,-1,5,1.2078,0.4121,95.24,19,20,27
RandomPlacer,40,95,True,1.5196,-1,2,0.776,0.6235,129.88,24,21,22
RandomPlacer,40,96,True,1.8248,-1,2,0.9363,-0.4788,100.28,19,17,13
RandomPlacer,40,97,True,1.5196,-1,1,0.6875,-0.2606,127.15,24,18,14
RandomPlacer,40,98,True,1.8148,-1,1,1.157,0.1538,112.29,22,34,16
RandomPlacer,40,99,True,1.7272,-1,5,1.1198,-0.4333,140.53,26,33,12
RandomPlacer,40,100,True,1.8608,-1,1,1.093,0.1152,111.61,21,29,14
RandomPlacer,40,101,True,1.3868,-1,2,0.9167,-0.1429,127.27,24,24,10
RandomPlacer,40,102,True,1.8922,-1,6,0.963,0.1992,155.12,28,29,25
RandomPlacer,40,103,True,1.6922,-1,1,0.8316,-0.4524,128.82,24,29,11
RandomPlacer,40,104,True,1.8395,-1,2,0.89,-0.1429,104.11,20,22,11
RandomPlacer,40,105,True,1.889,-1,2,0.9856,0.1329,134.96,25,28,15
RandomPlacer,40,106,True,1.9291,-1,3,1.2479,-0.2121,117.89,22,32,13
RandomPlacer,40,107,True,1.6804,-1,1,1.1021,0.225,134.81,26,29,29
RandomPlacer,40,108,True,1.9219,-1,2,1.11,-0.8,112.92,20,26,8
RandomPlacer,40,109,True,1.7887,-1,5,1.0969,0.3,155.56,28,34,15
RandomPlacer,40,110,True,1.953,-1,2,0.9246,-0.6485,144.92,27,26,14
RandomPlacer,40,111,True,1.9322,-1,7,1.1584,-0.049,135.65,25,26,19
RandomPlacer,40,112,True,1.7231,-1,1,1.0297,0.2473,149.88,29,31,20
RandomPlacer,40,113,True,1.6574,-1,2,1.1801,0.1394,95.82,19,26,16
RandomPlacer,40,114,True,1.7599,-1,2,1.1267,-0.2264,126.13,23,28,19
RandomPlacer,40,115,True,1.8516,-1,2,0.8994,-0.2464,138.95,26,30,25
RandomPlacer,40,116,True,1.9031,-1,5,0.9722,0.0667,129.61,24,28,14
RandomPlacer,40,117,True,1.7617,-1,2,1.2544,0.0321,134.05,25,29,26
RandomPlacer,40,118,True,1.9491,-1,4,0.6389,-0.3297,124.75,24,16,14
RandomPlacer,40,119,True,1.802,-1,1,0.716,0.05,139.16,26,20,13
RandomPlacer,40,120,True,1.9329,-1,3,1.0764,-0.033,126.26,24,22,19
RandomPlacer,40,121,True,1.8834,-1,1,1.4275,0.2,104.61,20,27,13
RandomPlacer,40,122,True,1.8788,-1,4,0.9943,0.1,122.49,23,30,8
RandomPlacer,40,123,True,1.8568,-1,3,0.9275,0.1545,108.21,20,23,16
RandomPlacer,40,124,True,1.9111,-1,5,0.963,0.2242,150.5,27,36,15
RandomPlacer,40,125,True,1.837,-1,2,1.2136,0.5143,121.89,23,28,23
RandomPlacer,40,126,True,1.8618,-1,1,0.9575,0.5273,158.15,27,29,18
RandomPlacer,40,127,True,1.5713,-1,1,0.9696,0.2273,136.59,25,38,18
RandomPlacer,40,128,True,1.7639,-1,2,0.776,-0.6545,120.86,24,27,18
RandomPlacer,40,129,True,1.8779,-1,3,0.8099,-0.0636,120.73,22,20,17
RandomPlacer,40,130,True,1.7843,-1,2,1.1927,0.0273,133.66,24,27,22
RandomPlacer,40,131,True,1.9766,-1,8,0.3724,0.0629,154.1,28,18,17
RandomPlacer,40,132,True,1.987,-1,6,1.1136,-0.0659,134.28,25,23,17
RandomPlacer,40,133,True,1.6329,-1,1,1.2736,-0.2679,132.82,25,27,25
RandomPlacer,40,134,True,1.889,-1,3,0.9344,0.503,134.04,25,29,16
RandomPlacer,40,135,True,1.9242,-1,5,0.6467,0.1165,150.92,28,19,22
RandomPlacer,40,136,True,1.9612,-1,4,0.7692,-0.2485,136.7,26,26,18
RandomPlacer,40,137,True,1.8674,-1,3,1.0969,0.0316,148.3,28,34,32
RandomPlacer,40,138,True,1.7421,-1,1,1.6295,0.1515,121.66,23,32,18
RandomPlacer,40,139,True,1.9878,-1,9,0.8402,-0.3545,141.26,26,28,19
RandomPlacer,40,140,True,1.9855,-1,7,1.6275,-0.0681,108.22,20,27,26
RandomPlacer,40,141,True,1.8475,-1,3,1.0359,0.3214,122.02,23,25,11
RandomPlacer,40,142,True,1.8928,-1,3,1.2099,-0.2833,146.09,27,33,18
RandomPlacer,40,143,True,1.944,-1,3,1.3961,0.0549,92.57,19,22,23
RandomPlacer,40,144,True,1.8842,-1,1,1.3923,-0.2143,115.22,21,31,13
RandomPlacer,40,145,True,1.8765,-1,3,0.9231,0.2098,141.68,26,26,20
RandomPlacer,40,146,True,1.6851,-1,2,1.172,0.0286,123.17,23,22,26
RandomPlacer,40,147,True,1.8742,-1,4,1.0964,0.2363,123.56,23,31,21
RandomPlacer,40,148,True,1.9386,-1,3,0.9246,-0.0964,151.22,27,26,25
RandomPlacer,40,149,True,1.926,-1,4,1.0617,-0.0385,151.35,27,24,16
RandomPlacer,40,150,True,1.8955,-1,2,0.812,-0.15,114.08,22,27,14
RandomPlacer,40,151,True,1.7822,-1,3,1.06,0.119,106.42,20,24,12
RandomPlacer,40,152,True,1.6981,-1,2,1.1161,-0.4011,153.54,28,35,20
RandomPlacer,40,153,True,1.9313,-1,6,1.1136,0.5245,96.64,19,23,23
RandomPlacer,40,154,True,1.4227,-1,2,0.8182,0.0,119.74,22,22,15
RandomPlacer,40,155,True,1.8454,-1,1,0.9029,0.1516,111.31,22,27,23
RandomPlacer,40,156,True,1.7608,-1,3,0.9433,-0.2727,106.67,21,26,14
RandomPlacer,40,157,True,1.3673,-1,2,0.963,-0.3901,154.07,28,29,21
RandomPlacer,40,158,True,1.6842,-1,4,0.8875,-0.1259,107.97,20,15,20
RandomPlacer,40,159,True,1.8647,-1,4,0.96,0.3776,160.35,30,36,16
RandomPlacer,40,160,True,1.8644,-1,3,0.949,0.2182,123.82,23,25,17
RandomPlacer,40,161,True,1.9926,-1,6,1.1939,0.0462,153.57,28,32,22
RandomPlacer,40,162,True,1.994,-1,4,0.9752,-0.0979,115.46,22,32,19
RandomPlacer,40,163,True,1.839,-1,4,0.8099,0.0061,111.78,22,24,17
RandomPlacer,40,164,True,1.9035,-1,2,1.229,-0.3273,108.9,21,26,15
RandomPlacer,40,165,True,1.0763,-1,3,0.8475,0.0061,109.13,20,21,15
RandomPlacer,40,166,True,1.8453,-1,4,0.7776,-0.0333,159.05,29,39,15
RandomPlacer,40,167,True,1.8503,-1,3,1.2817,-0.5714,121.58,23,37,14
RandomPlacer,40,168,True,1.8451,-1,2,0.6524,-0.4048,142.32,26,25,17
RandomPlacer,40,169,True,1.8683,-1,4,0.6989,0.3566,159.46,30,29,15
RandomPlacer,40,170,True,1.7475,-1,4,0.8099,0.2727,117.81,22,20,17
RandomPlacer,40,171,True,1.966,-1,3,1.2099,0.2703,149.54,27,30,19
RandomPlacer,40,172,True,1.7863,-1,3,1.4483,-0.2448,115.18,22,27,16
RandomPlacer,40,173,True,1.7179,-1,2,0.6233,0.0788,127.31,24,23,16
RandomPlacer,40,174,True,1.6661,-1,4,1.0208,-0.4667,124.57,24,30,17
RandomPlacer,40,175,True,1.7647,-1,2,0.9669,0.3929,112.17,22,26,12
RandomPlacer,40,176,True,1.0682,-1,0,0.716,-0.1978,136.3,26,20,24
RandomPlacer,40,177,True,1.9108,-1,5,0.9566,-0.033,123.14,24,25,23
RandomPlacer,40,178,True,1.8955,-1,5,1.1756,0.3818,119.39,22,27,20
RandomPlacer,40,179,True,1.8956,-1,2,1.0208,0.2182,129.83,24,18,16
RandomPlacer,40,180,True,1.6412,-1,2,0.712,0.6,113.62,21,22,17
RandomPlacer,40,181,True,1.839,-1,5,1.1591,-0.3214,113.31,22,33,25
RandomPlacer,40,182,True,1.6064,-1,1,1.1056,0.3697,139.18,27,25,12
RandomPlacer,40,183,True,1.7617,-1,3,1.2,0.2485,128.8,25,30,17
RandomPlacer,40,184,True,1.9218,-1,4,1.0399,0.119,128.87,24,31,16
RandomPlacer,40,185,True,1.5546,-1,7,1.026,0.3566,130.09,24,27,17
RandomPlacer,40,186,True,1.8513,-1,4,0.7424,0.2587,138.28,25,19,20
RandomPlacer,40,187,True,1.1982,-1,2,0.8121,-0.6909,137.95,26,33,18
RandomPlacer,40,188,True,1.7427,-1,2,1.2275,0.007,102.64,20,23,19
RandomPlacer,40,189,True,1.75,-1,1,0.7066,-0.2,126.62,24,17,13
RandomPlacer,40,190,True,1.9127,-1,2,0.9467,-0.1912,131.89,26,32,22
RandomPlacer,40,191,True,1.7813,-1,3,0.7744,-0.1374,137.98,25,29,21
RandomPlacer,40,192,True,1.7631,-1,2,1.1598,-0.1,136.62,26,36,21
RandomPlacer,40,193,True,1.8779,-1,2,0.9029,0.2571,126.02,22,27,8
RandomPlacer,40,194,True,1.8375,-1,3,1.1066,0.014,112.94,21,25,19
RandomPlacer,40,195,True,1.8221,-1,3,1.102,0.5105,110.92,21,33,21
RandomPlacer,40,196,True,1.7209,-1,4,0.983,-0.25,124.11,23,26,16
RandomPlacer,40,197,True,1.5738,-1,1,1.3019,0.4374,92.98,19,29,22
RandomPlacer,40,198,True,1.4847,-1,2,1.1361,0.3182,143.93,26,34,16
RandomPlacer,40,199,True,1.7201,-1,2,1.3422,-0.3497,124.56,23,30,21
RandomPlacer,40,200,True,1.6073,-1,1,0.7692,-0.0909,134.61,26,26,16
RandomPlacer,40,201,True,1.688,-1,1,0.7692,-0.3132,140.63,26,26,23
RandomPlacer,40,202,True,1.5539,-1,3,0.8469,0.1516,151.67,28,20,21
RandomPlacer,40,203,True,1.8736,-1,2,0.3401,0.6667,101.04,21,9,16
RandomPlacer,40,204,True,1.9561,-1,5,0.9025,-0.1429,108.66,21,22,29
RandomPlacer,40,205,True,1.7286,-1,2,1.0533,-0.1667,141.96,26,30,17
RandomPlacer,40,206,True,1.8338,-1,3,0.9375,-0.0242,125.6,24,18,20
RandomPlacer,40,207,True,1.7843,-1,3,1.1649,-0.2364,128.99,24,29,16
RandomPlacer,40,208,True,1.825,-1,2,1.2483,0.1818,130.03,24,35,16
RandomPlacer,40,209,True,1.7417,-1,2,0.9525,-0.3273,121.03,22,21,17
RandomPlacer,40,210,True,1.6788,-1,1,1.0816,0.4909,132.23,24,29,13
RandomPlacer,40,211,True,1.8881,-1,5,0.6784,0.2118,137.63,25,24,26
RandomPlacer,40,212,True,1.4153,-1,2,1.1111,0.25,96.45,18,18,14
RandomPlacer,40,213,True,1.7302,-1,2,0.8062,0.1399,143.76,26,27,20
RandomPlacer,40,214,True,1.8497,-1,6,1.0989,0.3497,224.11,30,31,20
RandomPlacer,40,215,True,1.842,-1,5,1.3574,0.1,133.16,22,27,18
RandomPlacer,40,216,True,1.7421,-1,2,0.6087,0.0364,120.81,23,23,16
RandomPlacer,40,217,True,1.839,-1,4,1.0579,-0.5667,118.49,22,26,14
RandomPlacer,40,218,True,1.6751,-1,2,1.41,-0.2,97.0,20,26,19
RandomPlacer,40,219,True,1.5651,-1,2,1.0624,-0.3431,135.13,25,31,24
RandomPlacer,40,220,True,1.7158,-1,3,0.6927,0.4396,130.36,24,21,20
RandomPlacer,40,221,True,1.2927,-1,2,0.686,-0.0667,115.98,22,36,15
RandomPlacer,40,222,True,1.8703,-1,2,1.1538,-0.0647,144.1,26,26,26
RandomPlacer,40,223,True,1.7358,-1,1,0.5816,-0.0455,133.87,24,19,20
RandomPlacer,40,224,True,1.7927,-1,3,1.037,0.2265,153.01,27,27,25
RandomPlacer,40,225,True,1.8674,-1,2,1.0038,0.5165,155.7,28,33,22
RandomPlacer,40,226,True,1.631,-1,3,0.8242,0.0636,127.15,23,24,16
RandomPlacer,40,227,True,1.8238,-1,2,1.1413,0.2448,95.77,19,24,23
RandomPlacer,40,228,True,1.75,-1,4,1.1875,0.4755,130.06,24,30,20
RandomPlacer,40,229,True,1.6743,-1,1,0.8616,-0.3451,109.95,22,21,27
RandomPlacer,40,230,True,1.8049,-1,1,0.6957,0.1209,136.83,23,23,24
RandomPlacer,40,231,True,1.2678,-1,2,0.4354,0.0022,108.2,21,12,17
RandomPlacer,40,232,True,1.497,-1,2,1.126,0.1868,120.12,22,29,21
RandomPlacer,40,233,True,1.987,-1,4,1.2,0.6434,136.97,25,30,14
RandomPlacer,40,234,True,1.601,-1,2,0.96,0.4545,101.33,20,24,18
RandomPlacer,40,235,True,1.922,-1,4,1.1479,-0.5529,138.71,26,28,24
RandomPlacer,40,236,True,1.5469,-1,1,0.9375,0.2029,131.18,24,30,25
RandomPlacer,40,237,True,1.3517,-1,2,1.0826,0.0857,129.35,22,24,8
RandomPlacer,40,238,True,1.3223,-1,2,0.9977,0.2727,148.09,21,22,19
RandomPlacer,40,239,True,1.7647,-1,4,1.1074,-0.1515,152.83,22,28,17
RandomPlacer,40,240,True,1.7427,-1,4,1.2475,-0.3,122.14,20,19,17
RandomPlacer,40,241,True,1.8292,-1,3,1.1389,0.0091,127.06,24,32,17
RandomPlacer,40,242,True,1.6349,-1,4,0.9856,-0.2429,174.29,25,28,23
RandomPlacer,40,243,True,1.8671,-1,4,0.8505,0.5912,176.04,27,28,19
RandomPlacer,40,244,True,1.4885,-1,4,1.0725,-0.2182,140.94,26,35,23
RandomPlacer,40,245,True,1.8956,-1,5,0.8056,0.4126,127.3,24,28,18
RandomPlacer,40,246,True,1.8727,-1,2,0.6233,0.1429,125.51,24,25,13
RandomPlacer,40,247,True,1.9134,-1,1,0.8844,0.2517,98.06,21,18,20
RandomPlacer,40,248,True,1.889,-1,3,0.9184,-0.1484,138.79,25,26,18
RandomPlacer,40,249,True,1.8097,-1,3,1.1947,-0.7832,120.82,23,32,20
RandomPlacer,40,250,True,1.9911,-1,6,0.5062,-0.3909,91.97,18,14,17
RandomPlacer,40,251,True,1.9086,-1,6,1.1006,-0.1394,146.08,26,32,15
RandomPlacer,40,252,True,1.6692,-1,2,0.719,0.1703,117.05,22,24,21
RandomPlacer,40,253,True,1.8506,-1,3,1.0556,0.2937,130.65,24,28,15
RandomPlacer,40,254,True,1.6349,-1,1,1.1852,-0.1636,147.38,27,27,21
RandomPlacer,40,255,True,1.8671,-1,4,0.9877,-0.1119,146.7,27,33,20
RandomPlacer,40,256,True,1.6433,-1,1,1.1289,-0.0659,156.71,30,28,21
RandomPlacer,40,257,True,1.4942,-1,2,0.8844,0.1429,112.27,21,18,11
RandomPlacer,40,258,True,1.9363,-1,7,0.6364,-0.0667,112.87,22,22,19
RandomPlacer,40,259,True,1.9495,-1,5,1.5806,0.0879,117.2,22,37,23
RandomPlacer,40,260,True,1.6692,-1,4,0.9029,-0.297,119.94,22,27,13
RandomPlacer,40,261,True,1.8779,-1,2,0.6364,0.3776,110.3,22,22,19
RandomPlacer,40,262,True,1.7283,-1,5,1.2041,0.2647,151.25,28,36,26
RandomPlacer,40,263,True,1.7647,-1,1,1.1736,-0.014,121.02,22,24,18
RandomPlacer,40,264,True,1.8703,-1,2,0.8402,-0.3333,141.71,26,28,14
RandomPlacer,40,265,True,1.7475,-1,3,1.0909,-0.3007,119.2,22,22,23
RandomPlacer,40,266,True,1.9657,-1,6,0.9344,-0.3363,135.51,25,21,26
RandomPlacer,40,267,True,1.9134,-1,7,1.0385,0.0636,107.27,21,26,15
RandomPlacer,40,268,True,1.8288,-1,4,1.0663,-0.5,156.82,28,26,13
RandomPlacer,40,269,True,1.7004,-1,3,0.9161,-0.4176,113.23,21,17,23
RandomPlacer,40,270,True,1.9329,-1,8,0.9149,0.0455,128.79,24,29,16
RandomPlacer,40,271,True,1.8479,-1,1,1.3264,0.5033,129.92,24,26,25
RandomPlacer,40,272,True,1.6707,-1,2,0.8469,0.2527,122.2,23,32,28
RandomPlacer,40,273,True,1.9,-1,3,1.2899,0.3147,131.26,24,31,21
RandomPlacer,40,274,True,1.9749,-1,5,0.9988,0.0258,156.86,29,30,24
RandomPlacer,40,275,True,1.9132,-1,3,0.6881,0.3352,122.09,23,25,27
RandomPlacer,40,276,True,1.9457,-1,6,1.2417,-0.3516,121.51,22,31,22
RandomPlacer,40,277,True,1.8779,-1,5,1.0826,-0.2242,122.76,22,20,17
RandomPlacer,40,278,True,1.5284,-1,3,0.9566,-0.0286,128.61,24,23,22
RandomPlacer,40,279,True,1.6922,-1,2,1.1649,-0.3776,127.36,24,29,22
RandomPlacer,40,280,True,1.7605,-1,4,1.0251,0.3618,147.55,26,23,27
RandomPlacer,40,281,True,1.6424,-1,1,1.5145,0.4643,118.74,22,35,10
RandomPlacer,40,282,True,1.5129,-1,2,1.26,-0.0357,105.77,20,24,14
RandomPlacer,40,283,True,1.9387,-1,1,1.1066,-0.0979,114.37,21,31,22
RandomPlacer,40,284,True,1.7158,-1,3,0.8916,-0.3626,154.33,28,29,19
RandomPlacer,40,285,True,1.8073,-1,3,1.3032,-0.007,162.86,29,37,17
RandomPlacer,40,286,True,1.4266,-1,2,0.8505,-0.4286,151.94,27,26,9
RandomPlacer,40,287,True,1.7599,-1,2,0.896,-0.5594,123.06,23,26,21
RandomPlacer,40,288,True,1.7861,-1,3,1.2431,0.2484,133.14,24,38,24
RandomPlacer,40,289,True,1.6922,-1,2,0.7483,-0.0424,123.51,24,19,16
RandomPlacer,40,290,True,1.8516,-1,6,1.037,0.1879,146.89,26,27,19
RandomPlacer,40,291,True,1.8286,-1,3,0.9824,-0.1648,139.27,25,19,20
RandomPlacer,40,292,True,1.6634,-1,1,0.96,-0.1119,134.52,25,35,21
RandomPlacer,40,293,True,1.9814,-1,5,1.3243,-0.035,112.85,21,23,21
RandomPlacer,40,294,True,1.7686,-1,2,0.7764,0.2587,148.95,27,26,20
RandomPlacer,40,295,True,1.9103,-1,3,0.7936,-0.049,138.5,25,23,19
RandomPlacer,40,296,True,1.3788,-1,2,0.9433,0.5714,113.39,21,19,12
RandomPlacer,40,297,True,1.9749,-1,8,0.8999,0.0909,145.88,27,37,19
RandomPlacer,40,298,True,1.8451,-1,2,0.9482,-0.076,144.45,26,23,28
RandomPlacer,40,299,True,1.8423,-1,3,0.9504,-0.3818,132.72,25,34,22
RandomPlacer,40,300,True,1.8049,-1,1,0.8696,0.3357,124.65,23,23,18
RandomPlacer,40,301,True,1.6611,-1,1,0.876,0.3333,117.16,22,26,13
RandomPlacer,40,302,True,1.8727,-1,3,1.1875,0.4406,132.53,24,30,20
RandomPlacer,40,303,True,1.6474,-1,4,0.88,-0.0364,134.73,25,25,16
RandomPlacer,40,304,True,1.7887,-1,3,1.1059,0.0879,154.61,28,27,16
RandomPlacer,40,305,True,1.6342,-1,1,0.9246,-0.3857,141.15,26,31,22
RandomPlacer,40,306,True,1.6543,-1,1,1.2099,0.5879,151.27,27,33,16
RandomPlacer,40,307,True,1.7508,-1,2,1.172,-0.3437,127.37,23,24,28
RandomPlacer,40,308,True,1.7901,-1,1,0.8469,0.0286,127.87,23,32,7
RandomPlacer,40,309,True,1.529,-1,1,0.876,-0.2,96.96,22,18,9
RandomPlacer,40,310,True,1.926,-1,4,0.7023,0.0681,144.94,27,26,19
RandomPlacer,40,311,True,1.863,-1,3,1.1493,0.0273,124.38,23,29,14
RandomPlacer,40,312,True,1.9494,-1,5,0.9246,0.6905,154.08,27,28,15
RandomPlacer,40,313,True,1.6981,-1,1,0.7385,0.1648,151.47,28,31,20
RandomPlacer,40,314,True,1.9589,-1,4,1.0875,-0.3182,110.44,20,25,15
RandomPlacer,40,315,True,1.7925,-1,2,0.72,-0.1978,135.58,25,25,20
RandomPlacer,40,316,True,1.8148,-1,1,1.0579,-0.2179,116.1,22,18,25
RandomPlacer,40,317,True,1.6192,-1,4,1.1,-0.0667,105.18,20,20,15
RandomPlacer,40,318,True,1.842,-1,4,1.0826,-0.0714,119.34,22,20,21
RandomPlacer,40,319,True,1.944,-1,2,0.9972,0.0,99.26,19,20,13
RandomPlacer,40,320,True,1.8506,-1,1,1.2483,-0.4066,130.91,24,29,22
RandomPlacer,40,321,True,1.8474,-1,5,1.2465,0.2242,99.56,19,24,17
RandomPlacer,40,322,True,1.8834,-1,3,0.9,0.1209,109.87,20,20,23
RandomPlacer,40,323,True,1.6023,-1,4,0.7433,0.2706,163.53,30,21,25
RandomPlacer,40,324,True,1.8956,-1,3,1.2066,0.2,135.24,24,31,20
RandomPlacer,40,325,True,1.7697,-1,2,0.7273,0.489,110.79,22,22,21
RandomPlacer,40,326,True,1.5319,-1,1,1.1233,-0.05,133.02,24,23,21
RandomPlacer,40,327,True,1.9495,-1,2,1.1736,0.25,117.64,22,20,13
RandomPlacer,40,328,True,1.6319,-1,3,0.8916,-0.0629,157.52,28,27,18
RandomPlacer,40,329,True,1.6942,-1,2,1.2342,-0.0769,158.48,29,37,19
RandomPlacer,40,330,True,1.8788,-1,2,1.2817,-0.0393,121.94,23,32,23
RandomPlacer,40,331,True,1.6926,-1,2,1.0909,0.1099,121.62,22,22,23
RandomPlacer,40,332,True,1.8618,-1,6,1.1632,0.2363,149.23,27,31,23
RandomPlacer,40,333,True,1.8609,-1,1,1.0533,-0.2429,141.36,26,30,25
RandomPlacer,40,334,True,1.9438,-1,4,0.9235,-0.1,155.07,28,30,11
RandomPlacer,40,335,True,1.7793,-1,3,0.9423,0.6593,137.34,26,39,26
RandomPlacer,40,336,True,1.8349,-1,3,1.321,0.1455,144.2,26,37,18
RandomPlacer,40,337,True,1.842,-1,1,0.7541,0.7091,115.03,22,25,21
RandomPlacer,40,338,True,1.8218,-1,3,0.4966,-0.0769,154.9,27,23,16
RandomPlacer,40,339,True,1.8608,-1,2,1.1338,0.033,107.59,21,23,23
RandomPlacer,40,340,True,1.6692,-1,1,1.2087,0.1152,114.52,22,25,21
RandomPlacer,40,341,True,1.9337,-1,1,1.0699,0.3471,123.89,23,20,27
RandomPlacer,40,342,True,1.7136,-1,3,1.0851,-0.2667,124.03,23,24,12
RandomPlacer,40,343,True,1.835,-1,3,0.6684,-0.2273,156.18,28,22,14
RandomPlacer,40,344,True,1.6393,-1,2,0.7424,-0.2,104.48,19,13,22
RandomPlacer,40,345,True,1.9363,-1,3,0.7541,0.75,115.84,22,19,16
RandomPlacer,40,346,True,1.8648,-1,3,0.6597,0.033,137.4,24,14,22
RandomPlacer,40,347,True,1.7927,-1,2,0.8834,0.4909,148.62,27,25,15
RandomPlacer,40,348,True,1.9506,-1,6,0.9949,0.1049,153.37,28,26,18
RandomPlacer,40,349,True,1.7599,-1,2,0.949,-0.5273,117.67,23,25,23
RandomPlacer,40,350,True,1.9495,-1,6,1.0599,0.4909,105.89,22,31,20
RandomPlacer,40,351,True,1.7339,-1,2,0.9986,0.0294,148.24,27,26,29
RandomPlacer,40,352,True,1.6842,-1,4,1.2698,-0.4167,112.49,21,28,21
RandomPlacer,40,353,True,1.8567,-1,1,1.126,-0.3022,116.42,22,29,24
RandomPlacer,40,354,True,1.6021,-1,3,1.2087,-0.3818,117.83,22,25,15
RandomPlacer,40,355,True,1.7566,-1,1,0.8,-0.0031,133.92,25,20,32
RandomPlacer,40,356,True,1.7913,-1,1,0.7776,0.0333,135.97,25,33,15
RandomPlacer,40,357,True,1.7421,-1,2,0.6881,-0.0357,125.86,23,21,11
RandomPlacer,40,358,True,1.8703,-1,4,1.3314,0.1473,142.02,26,32,24
RandomPlacer,40,359,True,1.8783,-1,2,0.6327,-0.125,155.19,28,20,26
RandomPlacer,40,360,True,1.6802,-1,3,1.2066,0.1607,134.75,24,17,28
RandomPlacer,40,361,True,1.7822,-1,2,0.74,0.0909,103.92,20,28,26
RandomPlacer,40,362,True,1.8765,-1,4,1.1479,-0.1259,145.39,26,28,18
RandomPlacer,40,363,True,1.7475,-1,2,0.7211,-0.1469,118.11,22,17,17
RandomPlacer,40,364,True,1.7812,-1,3,1.1267,-0.0714,120.69,23,28,26
RandomPlacer,40,365,True,1.871,-1,5,1.0275,-0.1049,100.43,20,33,25
RandomPlacer,40,366,True,1.6625,-1,1,0.8316,-0.1608,128.64,24,19,25
RandomPlacer,40,367,True,1.7958,-1,5,1.2181,-0.035,144.92,28,33,23
RandomPlacer,40,368,True,1.737,-1,1,0.9984,0.1515,126.76,25,26,16
RandomPlacer,40,369,True,1.9701,-1,3,1.2181,0.2333,154.53,28,37,15
RandomPlacer,40,370,True,1.8375,-1,2,0.9433,0.0824,118.62,21,16,24
RandomPlacer,40,371,True,1.9386,-1,2,0.7654,-0.5476,149.1,27,39,14
RandomPlacer,40,372,True,1.7763,-1,1,1.3787,0.2679,118.82,21,22,26
RandomPlacer,40,373,True,1.9401,-1,3,0.9256,-0.1,119.31,22,16,15
RandomPlacer,40,374,True,1.839,-1,1,0.845,-0.1818,121.23,22,19,18
RandomPlacer,40,375,True,1.9218,-1,1,0.8264,-0.4593,135.41,24,26,25
RandomPlacer,40,376,True,1.8262,-1,2,1.0237,0.3364,136.96,26,32,16
RandomPlacer,40,377,True,1.6482,-1,1,0.5624,-0.3333,106.06,21,19,10
RandomPlacer,40,378,True,1.7177,-1,1,1.0661,-0.45,118.55,22,34,20
RandomPlacer,40,379,True,1.8046,-1,2,0.8056,0.1469,133.07,24,28,19
RandomPlacer,40,380,True,1.7631,-1,2,1.3092,-0.6167,140.87,26,31,13
RandomPlacer,40,381,True,1.9726,-1,4,0.6881,0.3077,124.99,23,21,19
RandomPlacer,40,382,True,1.6153,-1,1,1.1338,-0.1429,113.98,21,23,16
RandomPlacer,40,383,True,1.3381,-1,2,1.0663,-0.2214,151.33,28,30,22
RandomPlacer,40,384,True,1.6992,-1,2,0.9696,0.4364,136.24,25,37,20
RandomPlacer,40,385,True,1.5724,-1,1,0.966,0.5636,113.34,21,27,14
RandomPlacer,40,386,True,1.7549,-1,2,0.7825,-0.6,134.8,26,37,23
RandomPlacer,40,387,True,1.7884,-1,1,0.76,-0.3,103.05,20,16,17
RandomPlacer,40,388,True,1.7274,-1,2,0.9018,0.244,153.36,28,35,22
RandomPlacer,40,389,True,1.8688,-1,2,0.8916,-0.0286,158.41,28,29,23
RandomPlacer,40,390,True,1.601,-1,4,1.35,-0.2619,109.18,20,30,15
RandomPlacer,40,391,True,1.7196,-1,3,0.9751,-0.2143,95.73,19,22,13
RandomPlacer,40,392,True,1.8674,-1,2,1.1671,0.0464,149.58,28,31,21
RandomPlacer,40,393,True,1.6388,-1,3,1.16,0.5315,107.45,20,24,18
RandomPlacer,40,394,True,1.7179,-1,1,0.9931,0.3901,131.68,24,38,23
RandomPlacer,40,395,True,1.871,-1,2,0.8753,0.3091,100.1,19,27,17
RandomPlacer,40,396,True,1.8467,-1,2,0.96,-0.2,142.37,25,35,21
RandomPlacer,40,397,True,1.7506,-1,1,1.0255,-0.0549,151.54,28,34,20
RandomPlacer,40,398,True,1.7059,-1,2,0.941,0.0727,152.12,27,23,17
RandomPlacer,40,399,True,1.6605,-1,1,1.04,0.0147,137.91,25,25,26
RandomPlacer,40,400,True,1.7132,-1,6,1.1479,0.3,141.41,26,24,26
RandomPlacer,40,401,True,1.8503,-1,1,0.8469,0.5643,130.51,23,14,21
RandomPlacer,40,402,True,1.9037,-1,4,0.9275,-0.3697,101.02,20,27,19
RandomPlacer,40,403,True,1.6842,-1,1,1.2517,0.4667,112.6,21,27,18
RandomPlacer,40,404,True,1.8788,-1,4,0.8393,0.2545,124.78,23,19,19
RandomPlacer,40,405,True,1.8779,-1,3,1.2417,-0.9,117.0,22,35,9
RandomPlacer,40,406,True,1.5546,-1,2,0.8667,-0.1455,165.13,30,30,19
RandomPlacer,40,407,True,1.7647,-1,2,1.2893,-0.478,115.57,22,38,30
RandomPlacer,40,408,True,1.9785,-1,4,1.0251,-0.1429,144.44,26,29,19
RandomPlacer,40,409,True,1.766,-1,1,0.9235,-0.6835,153.61,28,30,26
RandomPlacer,40,410,True,1.4618,-1,2,1.2078,0.0,104.4,19,20,13
RandomPlacer,40,411,True,1.9322,-1,6,1.2704,0.3287,132.44,25,34,23
RandomPlacer,40,412,True,1.8567,-1,4,1.1488,-0.3167,121.54,22,26,19
RandomPlacer,40,413,True,1.7773,-1,2,0.9149,0.2527,133.22,24,19,23
RandomPlacer,40,414,True,1.7726,-1,2,1.0624,-0.5364,125.0,23,29,18
RandomPlacer,40,415,True,1.9494,-1,6,0.4966,-0.0989,148.05,27,31,23
RandomPlacer,40,416,True,1.8371,-1,2,0.7541,0.7333,120.19,22,19,17
RandomPlacer,40,417,True,1.5734,-1,3,0.6686,0.1,142.68,26,30,12
RandomPlacer,40,418,True,1.9589,-1,3,0.89,-0.5,107.71,20,22,15
RandomPlacer,40,419,True,1.4891,-1,1,0.6176,0.4451,138.37,25,17,17
RandomPlacer,40,420,True,1.8164,-1,5,0.8889,-0.1765,143.7,27,27,25
RandomPlacer,40,421,True,1.9419,-1,3,0.9664,-0.0604,139.95,25,36,25
RandomPlacer,40,422,True,1.3411,-1,2,0.9669,0.3714,118.52,22,26,12
RandomPlacer,40,423,True,1.8423,-1,2,0.7936,-0.2308,137.5,25,23,22
RandomPlacer,40,424,True,1.7849,-1,4,0.9977,0.2,112.65,21,20,14
RandomPlacer,40,425,True,1.6212,-1,1,0.9984,0.5394,131.36,25,26,15
RandomPlacer,40,426,True,1.6707,-1,3,1.1682,-0.0725,124.94,23,30,24
RandomPlacer,40,427,True,1.842,-1,3,0.936,-0.3212,124.25,22,25,18
RandomPlacer,40,428,True,1.5438,-1,2,0.9,-0.3455,103.54,20,20,18
RandomPlacer,40,429,True,1.9037,-1,8,0.8,-0.1294,106.64,20,20,32
RandomPlacer,40,430,True,1.8577,-1,5,0.69,-0.6429,104.5,20,22,13
RandomPlacer,40,431,True,1.8255,-1,4,0.9344,0.2587,135.73,25,21,17
RandomPlacer,40,432,True,1.8744,-1,1,1.04,0.3333,141.51,25,25,17
RandomPlacer,40,433,True,1.7812,-1,3,1.0813,-0.0545,127.32,23,30,17
RandomPlacer,40,434,True,1.9281,-1,2,1.2747,0.1727,152.27,29,30,12
RandomPlacer,40,435,True,1.8475,-1,3,0.6654,0.1071,121.72,23,19,10
RandomPlacer,40,436,True,1.802,-1,1,0.8994,0.3636,129.97,26,30,21
RandomPlacer,40,437,True,1.8909,-1,4,1.2971,0.0659,111.33,21,25,22
RandomPlacer,40,438,True,1.8064,-1,3,1.0242,0.3818,153.06,28,45,18
RandomPlacer,40,439,True,1.8881,-1,4,0.8,-0.2967,133.66,25,35,19
RandomPlacer,40,440,True,1.7508,-1,4,0.8242,0.2637,128.39,23,24,23
RandomPlacer,40,441,True,1.6726,-1,1,0.8736,0.2,138.28,25,23,13
RandomPlacer,40,442,True,1.8648,-1,3,0.6597,0.4545,129.91,24,22,19
RandomPlacer,40,443,True,1.8608,-1,2,0.8481,0.1364,114.04,21,19,17
RandomPlacer,40,444,True,1.9589,-1,4,1.0475,0.3167,110.28,20,21,10
RandomPlacer,40,445,True,1.9591,-1,3,0.8316,-0.5315,131.0,24,29,18
RandomPlacer,40,446,True,1.7666,-1,2,0.9941,0.2364,143.59,26,28,14
RandomPlacer,40,447,True,1.9035,-1,4,1.2834,-0.55,110.62,21,29,13
RandomPlacer,40,448,True,1.8231,-1,3,1.2665,0.007,122.16,22,27,20
RandomPlacer,40,449,True,1.864,-1,2,0.8889,-0.4725,143.32,27,27,22
RandomPlacer,40,450,True,1.8628,-1,3,0.712,0.5357,110.23,21,20,14
RandomPlacer,40,451,True,1.7492,-1,2,0.9938,0.4,117.52,22,27,10
RandomPlacer,40,452,True,1.6611,-1,1,0.5806,0.6429,120.29,22,37,12
RandomPlacer,40,453,True,1.4964,-1,4,0.7539,0.1727,158.63,29,31,20
RandomPlacer,40,454,True,1.9031,-1,2,1.1389,-0.1,134.71,24,28,15
RandomPlacer,40,455,True,1.8729,-1,2,1.1616,0.3095,140.01,25,32,12
RandomPlacer,40,456,True,1.5535,-1,2,1.0476,0.3929,98.48,21,21,10
RandomPlacer,40,457,True,1.8905,-1,3,1.3905,-0.5253,140.2,26,42,28
RandomPlacer,40,458,True,1.9242,-1,5,0.7895,0.3186,154.45,28,33,25
RandomPlacer,40,459,True,1.9535,-1,6,0.9984,-0.2448,140.21,25,26,15
RandomPlacer,40,460,True,1.8503,-1,4,0.8242,-0.0476,121.79,23,24,18
RandomPlacer,40,461,True,1.8473,-1,3,0.8402,0.0945,145.51,26,28,25
RandomPlacer,40,462,True,1.7697,-1,1,0.6033,-0.0714,110.8,22,18,23
RandomPlacer,40,463,True,1.7758,-1,2,0.8367,0.011,154.58,28,32,22
RandomPlacer,40,464,True,1.9678,-1,3,0.6927,-0.2088,125.84,24,21,23
RandomPlacer,40,465,True,1.9799,-1,7,0.9931,0.2536,133.4,24,22,25
RandomPlacer,40,466,True,1.5243,-1,2,0.7424,0.1273,101.15,19,25,22
RandomPlacer,40,467,True,1.8788,-1,3,0.7221,0.456,129.44,23,20,26
RandomPlacer,40,468,True,1.631,-1,1,1.0208,0.3495,127.26,23,32,24
RandomPlacer,40,469,True,1.7621,-1,2,0.8367,0.0273,152.94,28,24,19
RandomPlacer,40,470,True,1.9535,-1,6,0.6624,-0.125,141.01,25,19,26
RandomPlacer,40,471,True,1.5829,-1,2,0.9442,-0.0393,119.47,22,15,23
RandomPlacer,40,472,True,1.7492,-1,2,1.0909,0.1515,112.77,22,22,16
RandomPlacer,40,473,True,1.6388,-1,3,0.7,0.7212,104.43,20,20,17
RandomPlacer,40,474,True,1.5204,-1,2,1.5198,-0.0364,122.97,23,22,17
RandomPlacer,40,475,True,1.805,-1,3,1.0,-0.0952,77.99,16,24,14
RandomPlacer,40,476,True,1.9569,-1,4,0.6897,0.4176,162.24,29,29,22
RandomPlacer,40,477,True,1.9698,-1,5,0.9917,0.3357,117.48,22,24,18
RandomPlacer,40,478,True,1.8122,-1,3,0.8347,-0.2636,120.11,22,28,20
RandomPlacer,40,479,True,1.9132,-1,2,0.9981,0.4231,122.14,23,24,18
RandomPlacer,40,480,True,1.9261,-1,3,1.31,0.0714,105.46,20,26,10
RandomPlacer,40,481,True,1.5618,-1,1,1.3905,-0.4121,114.74,22,41,23
RandomPlacer,40,482,True,1.9,-1,6,1.5816,0.3846,128.47,24,35,24
RandomPlacer,40,483,True,1.8742,-1,6,0.6049,0.3242,128.69,23,18,19
RandomPlacer,40,484,True,1.864,-1,2,0.6283,0.5165,154.84,27,26,22
RandomPlacer,40,485,True,1.9329,-1,4,1.0556,0.0945,134.86,24,32,22
RandomPlacer,40,486,True,1.9153,-1,2,1.1056,-0.3333,149.91,27,29,14
RandomPlacer,40,487,True,1.8031,-1,4,0.936,0.3007,119.76,22,25,22
RandomPlacer,40,488,True,1.93,-1,3,1.69,0.4,125.66,23,30,19
RandomPlacer,40,489,True,1.8486,-1,6,0.8918,-0.011,164.1,29,31,18
RandomPlacer,40,490,True,1.8451,-1,3,0.9482,0.2912,143.24,26,29,31
RandomPlacer,40,491,True,1.7935,-1,1,0.7456,0.2857,139.49,25,28,10
RandomPlacer,40,492,True,1.958,-1,4,0.8225,0.222,145.24,26,22,21
RandomPlacer,40,493,True,1.9698,-1,4,1.0,0.2643,118.03,22,22,21
RandomPlacer,40,494,True,1.8371,-1,1,1.2996,-0.4341,123.82,22,25,21
RandomPlacer,40,495,True,1.9401,-1,2,0.8099,0.0839,123.31,22,24,16
RandomPlacer,40,496,True,1.6894,-1,3,0.8814,-0.1824,159.53,28,31,22
RandomPlacer,40,497,True,1.9799,-1,7,0.8333,0.1667,126.82,24,24,15
RandomPlacer,40,498,True,1.6203,-1,2,1.1879,-0.5385,145.72,27,32,21
RandomPlacer,40,499,True,1.601,-1,2,1.1233,0.3212,133.61,24,25,17
RandomPlacer,40,500,True,1.7136,-1,1,0.9263,0.7133,128.48,23,27,18
RandomPlacer,40,501,True,1.8064,-1,1,1.4018,0.033,154.1,28,35,22
RandomPlacer,40,502,True,1.7059,-1,2,1.4678,-0.5818,139.6,27,35,15
RandomPlacer,40,503,True,1.8113,-1,2,0.6597,-0.1259,136.4,24,22,19
RandomPlacer,40,504,True,1.9419,-1,5,1.1296,-0.3846,133.5,25,37,21
RandomPlacer,40,505,True,1.7899,-1,1,0.9525,0.4,118.98,22,21,18
RandomPlacer,40,506,True,1.8956,-1,4,0.7899,0.1429,121.85,24,25,15
RandomPlacer,40,507,True,1.5193,-1,3,1.4624,0.3182,139.91,25,31,18
RandomPlacer,40,508,True,1.6515,-1,1,0.9763,0.0613,141.56,26,30,30
RandomPlacer,40,509,True,1.7474,-1,3,0.903,-0.1473,88.16,19,23,21
RandomPlacer,40,510,True,1.7321,-1,2,1.2044,-0.533,151.16,27,38,24
RandomPlacer,40,511,True,1.7721,-1,1,0.9414,0.3091,97.79,18,17,18
RandomPlacer,40,512,True,1.8505,-1,6,0.7654,0.3576,151.99,27,21,16
RandomPlacer,40,513,True,1.871,-1,1,0.7978,-0.4,104.18,19,23,8
RandomPlacer,40,514,True,1.7653,-1,3,0.5753,0.5524,160.87,28,19,17
RandomPlacer,40,515,True,1.9713,-1,7,1.3495,-0.4048,85.02,17,18,11
RandomPlacer,40,516,True,1.9363,-1,3,1.3802,0.4056,117.62,22,28,20
RandomPlacer,40,517,True,1.778,-1,1,1.1211,0.6071,83.38,17,21,8
RandomPlacer,40,518,True,1.839,-1,2,0.9917,0.5412,121.35,22,24,26
RandomPlacer,40,519,True,1.7474,-1,2,0.6814,0.0303,94.82,19,18,19
RandomPlacer,40,520,True,1.8148,-1,1,1.2479,-0.022,117.84,22,32,22
RandomPlacer,40,521,True,1.8742,-1,3,0.9074,0.0412,123.4,23,39,26
RandomPlacer,40,522,True,1.9259,-1,2,0.8713,-0.0964,142.29,26,29,25
RandomPlacer,40,523,True,1.9808,-1,3,0.8347,0.0813,115.49,22,28,29
RandomPlacer,40,524,True,1.6172,-1,2,0.6281,0.1333,118.44,22,20,17
RandomPlacer,40,525,True,1.2679,-1,3,1.2087,-0.7381,113.87,22,25,14
RandomPlacer,40,526,True,1.7773,-1,2,1.2222,0.15,126.29,24,28,29
RandomPlacer,40,527,True,1.8221,-1,2,0.7256,0.0667,113.26,21,31,18
RandomPlacer,40,528,True,1.7814,-1,2,1.0068,0.3429,113.87,21,33,20
RandomPlacer,40,529,True,1.6851,-1,1,1.0813,-0.5,123.87,23,30,17
RandomPlacer,40,530,True,1.7899,-1,4,1.2169,-0.3571,116.08,22,37,16
RandomPlacer,40,531,True,1.9108,-1,3,1.0764,0.2818,127.28,24,34,19
RandomPlacer,40,532,True,1.882,-1,5,1.1947,-0.5594,119.93,23,32,17
RandomPlacer,40,533,True,1.7296,-1,2,1.1389,0.3714,128.09,24,28,29
RandomPlacer,40,534,True,1.969,-1,5,0.6944,0.5524,128.49,25,21,19
RandomPlacer,40,535,True,1.9242,-1,5,0.9796,0.375,156.79,28,24,23
RandomPlacer,40,536,True,1.6347,-1,4,1.1139,0.0536,138.92,26,27,29
RandomPlacer,40,537,True,1.7994,-1,1,0.8062,-0.1765,141.62,26,27,27
RandomPlacer,40,538,True,1.9037,-1,3,0.8475,-0.2182,101.31,20,21,19
RandomPlacer,40,539,True,1.766,-1,2,1.1059,0.3132,150.98,28,27,17
RandomPlacer,40,540,True,1.6994,-1,1,0.8831,-0.1154,135.8,26,25,26
RandomPlacer,40,541,True,1.5257,-1,1,1.0753,0.3727,154.13,28,33,15
RandomPlacer,40,542,True,1.5469,-1,1,0.4844,0.2455,130.3,24,15,16
RandomPlacer,40,543,True,1.9134,-1,2,0.7891,0.1394,110.75,21,24,17
RandomPlacer,40,544,True,1.4412,-1,2,1.1429,0.3636,115.37,21,21,17
RandomPlacer,40,545,True,1.7812,-1,2,1.2968,0.1818,126.58,23,25,18
RandomPlacer,40,546,True,1.8506,-1,1,1.3594,0.5273,122.49,24,27,18
RandomPlacer,40,547,True,1.5204,-1,2,0.8733,0.2857,129.67,24,23,26
RandomPlacer,40,548,True,1.9561,-1,7,1.2834,0.2797,111.2,21,29,23
RandomPlacer,40,549,True,1.8618,-1,3,1.4074,0.0,143.14,27,36,16
RandomPlacer,40,550,True,1.9367,-1,5,0.7435,0.0167,149.86,27,32,14
RandomPlacer,40,551,True,1.6153,-1,2,1.229,-0.2857,110.52,21,23,8
RandomPlacer,40,552,True,1.9035,-1,4,1.5238,0.2364,109.41,21,21,20
RandomPlacer,40,553,True,1.6136,-1,3,0.88,-0.3681,137.52,25,20,25
RandomPlacer,40,554,True,1.5509,-1,1,0.8885,0.2273,113.17,23,29,16
RandomPlacer,40,555,True,1.9958,-1,5,0.6503,-0.5152,121.43,23,24,19
RandomPlacer,40,556,True,1.7773,-1,3,0.6233,0.2091,135.78,24,23,16
RandomPlacer,40,557,True,1.899,-1,2,1.0416,-0.4,100.93,19,17,7
RandomPlacer,40,558,True,1.8727,-1,3,0.9965,-0.2619,87.69,17,16,16
RandomPlacer,40,559,True,1.8779,-1,4,0.876,-0.2455,118.26,22,26,19
RandomPlacer,40,560,True,1.7427,-1,6,0.5275,-0.3333,113.05,20,17,11
RandomPlacer,40,561,True,1.9713,-1,6,1.2899,0.4303,134.46,24,25,12
RandomPlacer,40,562,True,1.8424,-1,2,1.093,-0.2182,111.88,21,29,18
RandomPlacer,40,563,True,1.8834,-1,1,1.26,0.044,98.35,20,24,21
RandomPlacer,40,564,True,1.8861,-1,3,0.8891,-0.0727,133.66,26,33,22
RandomPlacer,40,565,True,1.9068,-1,4,0.7653,0.3077,156.59,28,24,14
RandomPlacer,40,566,True,1.8064,-1,1,0.9592,0.0769,153.15,28,40,23
RandomPlacer,40,567,True,1.9535,-1,4,1.0336,0.3333,142.46,25,27,14
RandomPlacer,40,568,True,1.7965,-1,3,1.051,0.5714,156.33,28,32,13
RandomPlacer,40,569,True,1.6751,-1,0,1.1475,0.297,110.04,20,19,15
RandomPlacer,40,570,True,1.9337,-1,6,1.0624,-0.5238,125.03,23,29,15
RandomPlacer,40,571,True,1.971,-1,2,1.21,0.0182,110.74,20,26,21
RandomPlacer,40,572,True,1.7596,-1,3,1.36,-0.0059,141.66,25,30,22
RandomPlacer,40,573,True,1.6982,-1,1,0.8916,-0.2088,151.0,27,32,24
RandomPlacer,40,574,True,1.6424,-1,0,1.2665,-0.3182,122.32,22,27,19
RandomPlacer,40,575,True,1.815,-1,3,0.76,0.4909,99.38,20,16,18
RandomPlacer,40,576,True,1.9785,-1,3,0.8809,-0.3273,98.78,19,29,17
RandomPlacer,40,577,True,1.7994,-1,3,0.9941,-0.15,142.18,26,24,26
RandomPlacer,40,578,True,1.9197,-1,2,1.1983,-0.6571,112.83,22,28,9
RandomPlacer,40,579,True,1.9111,-1,5,0.9136,-0.1678,151.11,27,30,17
RandomPlacer,40,580,True,1.8727,-1,4,0.6597,-0.8095,127.73,24,22,15
RandomPlacer,40,581,True,1.7103,-1,2,0.7584,-0.0061,138.86,25,26,14
RandomPlacer,40,582,True,1.678,-1,1,1.1413,0.3214,102.2,19,24,12
RandomPlacer,40,583,True,1.9785,-1,3,1.1634,0.1662,98.82,19,32,30
RandomPlacer,40,584,True,1.9491,-1,3,0.9566,0.1905,131.15,24,25,12
RandomPlacer,40,585,True,1.7965,-1,2,0.9018,-0.0029,155.5,28,35,32
RandomPlacer,40,586,True,1.8475,-1,4,1.4745,-0.1265,124.98,23,28,28
RandomPlacer,40,587,True,1.75,-1,2,1.0764,0.1888,131.18,24,26,16
RandomPlacer,40,588,True,1.497,-1,2,0.9917,-0.1643,115.87,22,24,20
RandomPlacer,40,589,True,1.8775,-1,2,1.0989,0.578,169.51,30,31,19
RandomPlacer,40,590,True,1.5574,-1,2,1.0914,0.4524,93.66,19,28,14
RandomPlacer,40,591,True,1.7773,-1,5,1.0399,-0.011,130.45,24,25,25
RandomPlacer,40,592,True,1.7652,-1,5,1.1265,0.1429,97.68,18,25,12
RandomPlacer,40,593,True,1.6692,-1,2,1.0769,0.6264,139.62,26,26,22
RandomPlacer,40,594,True,1.9532,-1,6,1.0624,0.0,124.48,23,29,15
RandomPlacer,40,595,True,1.8218,-1,3,0.8916,-0.2618,143.36,27,32,23
RandomPlacer,40,596,True,1.5129,-1,2,0.99,-0.578,108.69,20,18,20
RandomPlacer,40,597,True,1.9077,-1,5,1.1508,-0.0769,119.96,22,31,18
RandomPlacer,40,598,True,1.9035,-1,3,0.9433,-0.2143,117.63,21,26,16
RandomPlacer,40,599,True,1.8503,-1,3,1.0132,0.2429,121.57,23,27,26
RandomPlacer,40,600,True,1.8288,-1,3,1.2385,0.2615,157.36,28,31,18
RandomPlacer,40,601,True,1.8656,-1,3,0.7456,-0.4036,141.88,26,22,27
RandomPlacer,40,602,True,1.8473,-1,3,0.9053,0.103,137.27,26,34,13
RandomPlacer,40,603,True,1.7738,-1,2,1.0725,0.6648,141.83,26,35,24
RandomPlacer,40,604,True,1.7081,-1,2,0.8099,-0.3187,120.36,22,24,22
RandomPlacer,40,605,True,1.9431,-1,6,0.8639,0.7011,136.45,26,38,20
RandomPlacer,40,606,True,1.9698,-1,4,1.1488,-0.0545,118.7,22,26,17
RandomPlacer,40,607,True,1.9574,-1,3,1.0784,-0.021,136.14,25,24,16
RandomPlacer,40,608,True,1.9406,-1,5,1.1875,-0.1273,105.17,20,25,15
RandomPlacer,40,609,True,1.6125,-1,2,1.1649,-0.2333,134.08,24,19,15
RandomPlacer,40,610,True,1.8255,-1,2,1.0464,-0.4505,138.47,25,36,20
RandomPlacer,40,611,True,1.766,-1,3,1.26,0.4182,106.87,20,24,19
RandomPlacer,40,612,True,1.8554,-1,3,0.651,0.4364,120.73,24,15,17
RandomPlacer,40,613,True,1.7631,-1,3,0.4556,0.049,135.42,26,24,18
RandomPlacer,40,614,True,1.7132,-1,2,1.1361,-0.021,145.33,26,34,20
RandomPlacer,40,615,True,1.9363,-1,7,1.1818,0.044,119.54,22,22,21
RandomPlacer,40,616,True,1.5955,-1,1,0.9986,-0.2333,151.28,27,26,11
RandomPlacer,40,617,True,1.8861,-1,3,1.3254,0.2396,141.11,26,38,15
RandomPlacer,40,618,True,1.861,-1,2,0.5475,0.4833,109.15,20,21,17
RandomPlacer,40,619,True,1.7822,-1,1,1.1,0.5357,110.21,20,20,9
RandomPlacer,40,620,True,1.6825,-1,2,0.9822,-0.0495,148.93,27,38,18
RandomPlacer,40,621,True,1.9259,-1,5,1.071,-0.0424,135.36,26,24,19
RandomPlacer,40,622,True,1.7492,-1,1,1.0909,0.0667,119.48,22,22,14
RandomPlacer,40,623,True,1.8292,-1,1,0.9931,0.2667,132.4,24,26,20
RandomPlacer,40,624,True,1.6127,-1,1,0.9752,0.1469,118.96,22,32,19
RandomPlacer,40,625,True,1.5247,-1,2,0.8622,-0.3055,166.54,30,32,24
RandomPlacer,40,626,True,1.9505,-1,4,0.7645,-0.1727,100.76,19,16,20
RandomPlacer,40,627,True,1.8875,-1,2,0.8713,0.1833,145.32,26,29,19
RandomPlacer,40,628,True,1.8955,-1,2,1.11,-0.0462,107.51,20,26,26
RandomPlacer,40,629,True,1.8349,-1,1,1.1553,0.103,137.65,26,31,20
RandomPlacer,40,630,True,1.8395,-1,1,1.34,-0.15,105.61,20,28,15
RandomPlacer,40,631,True,1.6926,-1,1,1.1074,-0.1,109.48,22,28,16
RandomPlacer,40,632,True,1.7143,-1,2,0.4709,-0.0952,99.55,19,18,13
RandomPlacer,40,633,True,1.4003,-1,1,1.0526,0.8424,103.85,19,19,16
RandomPlacer,40,634,True,1.8908,-1,5,0.5242,-0.2,158.17,28,25,19
RandomPlacer,40,635,True,1.6981,-1,1,1.1059,0.2857,153.79,28,29,14
RandomPlacer,40,636,True,1.6645,-1,0,0.9025,0.4643,114.62,21,20,15
RandomPlacer,40,637,True,1.7822,-1,2,0.8275,0.119,111.14,20,17,10
RandomPlacer,40,638,True,1.9345,-1,5,0.7755,-0.1,157.23,28,20,17
RandomPlacer,40,639,True,1.8041,-1,4,0.5984,-0.3143,138.87,25,24,25
RandomPlacer,40,640,True,1.7666,-1,3,0.7944,-0.3464,141.44,26,29,22
RandomPlacer,40,641,True,1.7057,-1,4,0.8073,0.021,108.13,21,20,20
RandomPlacer,40,642,True,1.8132,-1,2,0.8544,0.4755,128.24,23,33,25
RandomPlacer,40,643,True,1.7899,-1,1,0.8347,0.5476,111.41,22,28,13
RandomPlacer,40,644,True,1.9258,-1,7,0.862,0.2308,126.4,23,25,17
RandomPlacer,40,645,True,1.9814,-1,6,1.0068,0.0,111.25,21,30,20
RandomPlacer,40,646,True,1.5955,-1,1,0.8834,0.3273,148.59,27,29,19
RandomPlacer,40,647,True,1.9003,-1,6,0.8395,-0.2786,152.36,27,21,24
RandomPlacer,40,648,True,1.858,-1,4,0.8916,0.2636,153.92,28,29,17
RandomPlacer,40,649,True,1.8338,-1,3,0.5816,-0.3167,124.26,24,29,20
RandomPlacer,40,650,True,1.7909,-1,3,1.0816,-0.3214,134.66,24,19,23
RandomPlacer,40,651,True,1.9698,-1,7,0.9091,-0.4286,124.16,22,22,13
RandomPlacer,40,652,True,1.9561,-1,4,0.966,0.6273,111.71,21,27,22
RandomPlacer,40,653,True,1.7913,-1,1,1.0656,0.1607,139.02,25,28,27
RandomPlacer,40,654,True,1.9899,-1,7,1.2222,-0.4545,137.29,24,32,16
RandomPlacer,40,655,True,1.4447,-1,1,0.9981,-0.8333,122.03,23,22,18
RandomPlacer,40,656,True,1.8503,-1,3,0.9754,-0.05,125.35,23,29,16
RandomPlacer,40,657,True,1.9127,-1,5,0.9246,0.1515,137.72,26,31,16
RandomPlacer,40,658,True,1.723,-1,2,0.9751,-0.0909,90.78,19,22,22
RandomPlacer,40,659,True,1.6153,-1,2,0.7528,0.1394,114.69,21,26,16
RandomPlacer,40,660,True,1.8046,-1,2,0.8056,0.2455,133.74,24,20,19
RandomPlacer,40,661,True,1.9251,-1,4,1.0895,0.0833,96.91,18,23,16
RandomPlacer,40,662,True,1.723,-1,2,0.6814,-0.2727,101.01,19,20,12
RandomPlacer,40,663,True,1.8609,-1,2,0.8831,-0.2802,142.28,26,25,19
RandomPlacer,40,664,True,1.994,-1,5,1.0269,0.4833,116.75,22,25,15
RandomPlacer,40,665,True,1.7885,-1,1,1.0969,0.1235,145.89,28,34,24
RandomPlacer,40,666,True,1.7417,-1,2,0.9256,-0.3939,118.34,22,28,16
RandomPlacer,40,667,True,1.5328,-1,2,1.1879,-0.0441,150.98,27,32,22
RandomPlacer,40,668,True,1.8078,-1,2,1.7578,0.5,79.01,17,28,15
RandomPlacer,40,669,True,1.7022,-1,1,1.0316,0.1818,147.31,27,29,15
RandomPlacer,40,670,True,1.861,-1,1,1.4875,0.2833,112.17,20,25,14
RandomPlacer,40,671,True,1.9542,-1,2,1.0311,0.0545,84.33,17,29,16
RandomPlacer,40,672,True,1.6205,-1,1,0.8966,0.0882,156.66,29,29,29
RandomPlacer,40,673,True,1.8765,-1,2,1.0251,0.3132,131.83,26,29,22
RandomPlacer,40,674,True,1.9698,-1,5,0.9917,-0.2703,115.55,22,24,20
RandomPlacer,40,675,True,1.8114,-1,2,0.8393,0.5659,126.75,23,27,24
RandomPlacer,40,676,True,1.8375,-1,3,1.1746,0.3275,103.48,21,35,28
RandomPlacer,40,677,True,1.8973,-1,2,1.1267,-0.2848,118.42,23,18,15
RandomPlacer,40,678,True,1.6383,-1,2,0.6925,0.5394,104.95,19,15,18
RandomPlacer,40,679,True,1.7629,-1,2,0.6612,-0.2,150.38,27,29,22
RandomPlacer,40,680,True,1.7763,-1,2,0.9433,-0.2182,111.19,21,23,19
RandomPlacer,40,681,True,1.9103,-1,4,1.2,0.0,137.99,25,25,17
RandomPlacer,40,682,True,1.889,-1,3,0.7584,-0.1905,138.08,25,24,14
RandomPlacer,40,683,True,1.5227,-1,2,1.1153,0.103,127.54,23,36,13
RandomPlacer,40,684,True,1.7339,-1,4,0.963,-0.1818,151.46,27,27,17
RandomPlacer,40,685,True,1.6842,-1,0,0.8275,0.3714,95.78,20,23,10
RandomPlacer,40,686,True,1.9419,-1,2,0.6016,0.4901,136.31,25,18,21
RandomPlacer,40,687,True,1.5466,-1,2,1.0895,0.1,88.73,18,13,15
RandomPlacer,40,688,True,1.8016,-1,2,0.6275,0.1189,110.31,20,23,20
RandomPlacer,40,689,True,1.871,-1,1,0.6648,0.3,96.01,19,30,14
RandomPlacer,40,690,True,1.7349,-1,2,0.8582,0.2143,120.66,23,35,13
RandomPlacer,40,691,True,1.4911,-1,1,0.7769,0.1364,122.77,22,30,24
RandomPlacer,40,692,True,1.4041,-1,2,1.0624,-0.1545,134.69,25,31,19
RandomPlacer,40,693,True,1.8739,-1,4,1.0489,0.1545,169.99,30,26,14
RandomPlacer,40,694,True,1.8788,-1,4,1.0699,-0.1049,134.75,23,26,19
RandomPlacer,40,695,True,1.802,-1,2,1.1494,-0.0299,166.69,26,35,32
RandomPlacer,40,696,True,1.4708,-1,2,1.051,0.1821,156.25,28,32,24
RandomPlacer,40,697,True,1.7196,-1,1,1.1025,-0.1692,105.06,19,20,25
RandomPlacer,40,698,True,1.8973,-1,2,1.1153,0.1091,124.62,23,33,18
RandomPlacer,40,699,True,1.7642,-1,4,0.9043,-0.0699,91.74,18,25,18
RandomPlacer,40,700,True,1.7848,-1,2,0.8587,-0.5455,143.66,27,20,17
RandomPlacer,40,701,True,1.5944,-1,2,1.1597,0.3077,133.45,24,26,25
RandomPlacer,40,702,True,1.8911,-1,6,0.3409,0.5952,123.04,22,11,10
RandomPlacer,40,703,True,1.7424,-1,2,0.8481,0.3462,113.03,21,23,24
RandomPlacer,40,704,True,1.8632,-1,3,0.9845,0.0091,163.83,29,39,23
RandomPlacer,40,705,True,1.72,-1,2,0.6875,-0.0476,96.63,20,15,14
RandomPlacer,40,706,True,1.944,-1,3,1.1911,-0.4,101.38,19,27,21
RandomPlacer,40,707,True,1.4568,-1,1,1.2252,-0.1636,114.06,22,23,17
RandomPlacer,40,708,True,1.5288,-1,0,0.8753,-0.6319,91.76,19,30,26
RandomPlacer,40,709,True,1.842,-1,4,1.3161,-0.3934,121.91,22,23,22
RandomPlacer,40,710,True,1.8989,-1,3,0.8537,-0.028,166.9,29,23,19
RandomPlacer,40,711,True,1.7773,-1,3,0.9375,-0.2168,129.78,24,30,19
RandomPlacer,40,712,True,1.858,-1,3,1.4528,0.1036,153.27,28,39,25
RandomPlacer,40,713,True,1.8973,-1,3,0.9112,0.1167,128.69,23,22,18
RandomPlacer,40,714,True,1.6815,-1,1,1.46,0.0333,100.71,20,24,14
RandomPlacer,40,715,True,1.6855,-1,2,0.8275,0.042,110.13,20,23,17
RandomPlacer,40,716,True,1.9387,-1,6,0.9796,-0.3451,116.32,21,24,18
RandomPlacer,40,717,True,1.5683,-1,1,0.8673,-0.0714,91.98,18,23,13
RandomPlacer,40,718,True,1.6692,-1,2,1.0826,-0.0476,113.46,22,24,11
RandomPlacer,40,719,True,1.8556,-1,4,0.8722,-0.4667,163.65,30,35,16
RandomPlacer,40,720,True,1.7652,-1,3,1.6451,-0.6429,98.42,18,23,15
RandomPlacer,40,721,True,1.7153,-1,4,0.9796,-0.25,160.49,28,24,26
RandomPlacer,40,722,True,1.819,-1,2,0.4082,-0.381,119.48,21,18,9
RandomPlacer,40,723,True,1.9108,-1,4,0.8594,0.4681,143.78,24,27,22
RandomPlacer,40,724,True,1.6347,-1,1,0.9763,-0.1538,148.33,26,30,17
RandomPlacer,40,725,True,1.6497,-1,0,0.9525,0.1455,118.85,22,23,15
RandomPlacer,40,726,True,1.7913,-1,1,0.5536,0.1333,147.77,25,27,12
RandomPlacer,40,727,True,1.9547,-1,6,0.9414,-0.1429,98.3,18,19,9
RandomPlacer,40,728,True,1.7153,-1,2,0.72,-0.0706,142.23,25,20,21
RandomPlacer,40,729,True,1.7901,-1,2,0.6654,-0.0727,137.02,23,19,17
RandomPlacer,40,730,True,1.8729,-1,4,0.9664,-0.1964,138.84,25,39,26
RandomPlacer,40,731,True,1.864,-1,5,0.7344,-0.2182,134.48,24,33,18
RandomPlacer,40,732,True,1.6388,-1,4,0.7275,0.3022,109.32,20,23,24
RandomPlacer,40,733,True,1.7339,-1,3,0.941,0.4303,189.23,27,31,15
RandomPlacer,40,734,True,1.729,-1,1,0.8831,-0.0559,171.85,26,25,19
RandomPlacer,40,735,True,1.319,-1,0,0.76,-0.2364,112.63,20,16,21
RandomPlacer,40,736,True,1.842,-1,4,1.0434,0.2821,113.59,22,21,30
RandomPlacer,40,737,True,1.7381,-1,3,1.071,-0.3,142.43,26,28,18
RandomPlacer,40,738,True,1.819,-1,3,0.7755,0.1,116.99,21,27,15
RandomPlacer,40,739,True,1.8411,-1,4,0.7654,-0.2964,146.11,27,24,26
RandomPlacer,40,740,True,1.8413,-1,4,0.8673,0.1879,84.68,18,23,18
RandomPlacer,40,741,True,1.6172,-1,2,0.7895,0.2,159.5,28,23,12
RandomPlacer,40,742,True,1.8727,-1,2,0.9931,0.1429,128.89,24,22,13
RandomPlacer,40,743,True,1.8423,-1,2,0.8384,-0.1857,141.44,25,24,24
RandomPlacer,40,744,True,1.9031,-1,5,1.026,0.3022,129.94,24,27,19
RandomPlacer,40,745,True,1.9788,-1,5,1.0969,-0.2821,155.28,28,34,25
RandomPlacer,40,746,True,1.8199,-1,3,0.6583,-0.4545,140.17,26,33,16
RandomPlacer,40,747,True,1.9218,-1,2,0.7483,0.55,135.95,24,29,29
RandomPlacer,40,748,True,1.7863,-1,4,0.5372,-0.619,114.87,22,24,12
RandomPlacer,40,749,True,1.8788,-1,5,0.9565,-0.1455,127.35,23,23,16
RandomPlacer,40,750,True,1.6692,-1,3,1.6116,0.1121,117.9,22,34,20
RandomPlacer,40,751,True,1.906,-1,1,1.0816,-0.4825,133.87,25,32,14
RandomPlacer,40,752,True,1.8742,-1,2,1.0624,0.3462,113.45,23,29,25
RandomPlacer,40,753,True,1.206,-1,2,1.3243,0.3636,119.46,21,26,18
RandomPlacer,40,754,True,1.7901,-1,2,1.1002,0.2,120.05,23,27,14
RandomPlacer,40,755,True,1.8149,-1,1,0.6389,-0.2132,131.76,24,32,29
RandomPlacer,40,756,True,1.9463,-1,4,0.7846,0.0727,151.28,27,34,19
RandomPlacer,40,757,True,1.835,-1,5,0.7653,0.5209,152.26,28,24,23
RandomPlacer,40,758,True,1.7196,-1,4,1.6898,-0.1182,101.74,19,25,17
RandomPlacer,40,759,True,1.8286,-1,3,0.9184,0.0303,141.29,25,24,21
RandomPlacer,40,760,True,1.7394,-1,3,0.9875,0.8273,108.02,20,25,22
RandomPlacer,40,761,True,1.6319,-1,2,1.2296,-0.1473,152.41,28,38,17
RandomPlacer,40,762,True,1.8171,-1,1,0.7424,-0.0385,134.26,25,19,19
RandomPlacer,40,763,True,1.7502,-1,2,0.9025,-0.511,112.12,21,20,24
RandomPlacer,40,764,True,1.6707,-1,4,1.0359,0.6667,127.11,23,25,15
RandomPlacer,40,765,True,1.693,-1,1,0.7751,-0.3538,140.51,26,36,23
RandomPlacer,40,766,True,1.8875,-1,2,1.1139,-0.5297,145.63,26,25,23
RandomPlacer,40,767,True,1.9839,-1,8,0.96,-0.4336,165.98,30,36,20
RandomPlacer,40,768,True,1.7759,-1,2,0.8225,0.2108,136.42,26,22,34
RandomPlacer,40,769,True,1.7749,-1,1,1.0535,0.2033,158.77,29,39,21
RandomPlacer,40,770,True,1.8129,-1,2,1.1579,0.0176,98.6,19,19,26
RandomPlacer,40,771,True,1.7057,-1,2,1.0385,-0.4341,114.07,21,19,19
RandomPlacer,40,772,True,1.9406,-1,1,0.89,-0.1273,106.13,20,18,18
RandomPlacer,40,773,True,1.6494,-1,1,1.3006,0.0604,126.08,23,28,25
RandomPlacer,40,774,True,1.819,-1,2,0.9025,-0.6727,112.72,21,34,14
RandomPlacer,40,775,True,1.815,-1,3,0.5475,-0.3182,107.9,20,19,20
RandomPlacer,40,776,True,1.7925,-1,3,1.2989,-0.1071,164.96,30,31,22
RandomPlacer,40,777,True,1.9127,-1,3,0.9763,-0.5245,140.6,26,30,21
RandomPlacer,40,778,True,1.7855,-1,3,0.89,-0.6667,106.6,20,22,16
RandomPlacer,40,779,True,1.8505,-1,3,1.1303,-0.1441,149.53,27,38,24
RandomPlacer,40,780,True,1.8618,-1,2,0.6529,0.3576,149.34,27,19,14
RandomPlacer,40,781,True,1.8742,-1,2,0.9112,0.0424,125.42,23,22,14
RandomPlacer,40,782,True,1.849,-1,3,0.9566,-0.0714,133.99,24,25,23
RandomPlacer,40,783,True,1.8779,-1,3,0.8182,0.4524,117.34,22,22,15
RandomPlacer,40,784,True,1.4179,-1,0,0.8099,-0.3091,116.0,22,24,13
RandomPlacer,40,785,True,1.778,-1,3,0.7958,0.2242,86.08,17,12,15
RandomPlacer,40,786,True,1.717,-1,3,1.2971,-0.0545,106.21,21,31,18
RandomPlacer,40,787,True,1.8671,-1,3,1.284,-0.1273,143.06,27,30,16
RandomPlacer,40,788,True,1.342,-1,2,1.0909,-0.4636,120.85,22,22,19
RandomPlacer,40,789,True,1.9031,-1,4,0.7708,-0.0455,134.81,24,30,19
RandomPlacer,40,790,True,1.842,-1,5,0.719,-0.5385,123.08,22,24,30
RandomPlacer,40,791,True,1.7475,-1,2,1.1074,0.5545,110.53,22,28,21
RandomPlacer,40,792,True,1.8609,-1,3,0.9986,0.1879,150.81,27,28,15
RandomPlacer,40,793,True,1.9215,-1,2,0.72,-0.3364,140.57,25,40,20
RandomPlacer,40,794,True,1.7153,-1,2,1.1936,0.4451,135.14,25,23,22
RandomPlacer,40,795,True,1.6158,-1,1,1.0233,-0.0455,149.38,27,35,14
RandomPlacer,40,796,True,1.8348,-1,3,1.1789,0.1516,166.78,30,43,21
RandomPlacer,40,797,True,1.4574,-1,1,1.0083,-0.2,105.52,19,23,14
RandomPlacer,40,798,True,1.8956,-1,3,0.9931,-0.2727,136.11,24,22,19
RandomPlacer,40,799,True,1.983,-1,5,1.3574,-0.6786,119.89,22,17,10
RandomPlacer,40,800,True,1.7763,-1,2,1.0794,0.2044,108.58,21,28,26
RandomPlacer,40,801,True,1.5838,-1,1,0.8696,-0.011,121.46,23,23,21
RandomPlacer,40,802,True,1.8753,-1,2,0.8889,0.3187,153.19,27,27,18
RandomPlacer,40,803,True,1.6415,-1,1,1.2652,-0.5,163.99,29,32,9
RandomPlacer,40,804,True,1.8608,-1,2,0.8073,-0.381,111.75,21,22,14
RandomPlacer,40,805,True,1.7081,-1,3,0.6798,-0.0265,120.19,22,21,28
RandomPlacer,40,806,True,1.7608,-1,1,0.9161,-0.3833,116.69,21,32,17
RandomPlacer,40,807,True,1.6805,-1,1,0.9275,0.1678,100.41,20,23,19
RandomPlacer,40,808,True,1.8648,-1,4,0.9427,0.4,129.74,24,27,20
RandomPlacer,40,809,True,1.6661,-1,1,1.0556,-0.0952,128.11,24,28,11
RandomPlacer,40,810,True,1.6482,-1,2,0.9172,0.1091,136.0,26,28,21
RandomPlacer,40,811,True,1.7394,-1,2,0.9,-0.2455,104.89,20,20,14
RandomPlacer,40,812,True,1.6474,-1,3,0.56,0.1,136.71,25,25,18
RandomPlacer,40,813,True,1.8464,-1,2,1.41,-0.4424,98.95,20,26,16
RandomPlacer,40,814,True,1.5829,-1,2,1.3802,-0.0945,122.03,22,28,29
RandomPlacer,40,815,True,1.7863,-1,3,1.2169,0.021,115.8,22,29,26
RandomPlacer,40,816,True,1.631,-1,2,1.2892,-0.5,124.4,23,33,13
RandomPlacer,40,817,True,1.682,-1,3,0.9136,-0.0879,147.73,27,30,15
RandomPlacer,40,818,True,1.1416,-1,1,1.179,0.0,137.96,26,23,21
RandomPlacer,40,819,True,1.8609,-1,4,0.8062,0.5711,146.74,26,27,24
RandomPlacer,40,820,True,1.9547,-1,5,0.6944,0.0945,88.96,18,21,22
RandomPlacer,40,821,True,1.7525,-1,2,1.0107,-0.0667,164.8,29,36,15
RandomPlacer,40,822,True,1.9726,-1,5,0.8658,-0.5238,122.58,23,28,12
RandomPlacer,40,823,True,1.7798,-1,3,0.9474,-0.1667,103.95,19,19,12
RandomPlacer,40,824,True,1.8779,-1,4,1.0847,0.1167,117.84,22,27,16
RandomPlacer,40,825,True,1.9535,-1,4,0.9856,0.0833,134.64,25,28,19
RandomPlacer,40,826,True,1.7863,-1,6,1.1074,-0.4476,124.25,22,28,20
RandomPlacer,40,827,True,1.737,-1,3,1.2576,-0.2582,138.31,25,33,20
RandomPlacer,40,828,True,1.7136,-1,2,0.9527,0.3916,124.11,23,28,21
RandomPlacer,40,829,True,1.8009,-1,3,0.8096,0.4286,162.21,25,37,15
RandomPlacer,40,830,True,1.7666,-1,1,1.0902,0.0,163.1,26,37,16
RandomPlacer,40,831,True,1.9928,-1,5,0.8235,-0.1189,88.43,17,17,24
RandomPlacer,40,832,True,1.9785,-1,5,0.6686,-0.4154,148.92,26,30,24
RandomPlacer,40,833,True,1.8097,-1,5,0.9981,0.0091,127.41,23,24,21
RandomPlacer,40,834,True,1.6661,-1,1,0.7431,0.028,133.12,24,22,18
RandomPlacer,40,835,True,1.8464,-1,1,0.7,-0.1909,105.01,20,20,22
RandomPlacer,40,836,True,1.7687,-1,2,0.9656,-0.2028,174.78,30,31,21
RandomPlacer,40,837,True,1.6412,-1,2,1.1882,0.0909,109.84,21,29,20
RandomPlacer,40,838,True,1.7925,-1,2,0.7136,0.1818,131.99,25,23,19
RandomPlacer,40,839,True,1.8727,-1,2,0.9965,-0.1333,81.7,17,18,16
RandomPlacer,40,840,True,1.9687,-1,8,1.2342,0.3242,162.84,29,37,23
RandomPlacer,40,841,True,1.7994,-1,1,1.4571,0.1,157.12,26,35,15
RandomPlacer,40,842,True,1.816,-1,8,0.8202,0.4835,155.63,28,27,21
RandomPlacer,40,843,True,1.8788,-1,3,0.8242,0.4455,127.41,23,22,17
RandomPlacer,40,844,True,1.7843,-1,3,1.2431,0.1818,137.2,24,34,20
RandomPlacer,40,845,True,1.8248,-1,1,0.8698,-0.0909,101.59,19,22,16
RandomPlacer,40,846,True,1.9133,-1,2,0.7424,0.2353,140.5,25,19,27
RandomPlacer,40,847,True,1.9561,-1,2,0.7891,-0.0273,110.98,21,24,14
RandomPlacer,40,848,True,1.8842,-1,4,0.4671,0.0,106.84,21,16,16
RandomPlacer,40,849,True,1.6388,-1,1,0.6475,0.5667,104.99,20,19,16
RandomPlacer,40,850,True,1.9322,-1,4,1.1584,-0.2706,136.68,25,24,27
RandomPlacer,40,851,True,1.7599,-1,2,0.9452,-0.1,127.88,23,34,16
RandomPlacer,40,852,True,1.7358,-1,2,1.4566,0.7273,133.2,24,31,19
RandomPlacer,40,853,True,1.9347,-1,7,0.6576,0.1,102.63,21,16,11
RandomPlacer,40,854,True,1.7739,-1,1,0.8544,0.1909,138.03,25,29,16
RandomPlacer,40,855,True,1.8779,-1,3,0.9256,-0.8,119.23,22,28,12
RandomPlacer,40,856,True,1.6909,-1,1,1.093,0.2,110.96,21,29,18
RandomPlacer,40,857,True,1.8703,-1,2,0.5917,0.5659,143.46,26,30,20
RandomPlacer,40,858,True,1.7464,-1,4,1.0385,0.119,113.09,21,37,11
RandomPlacer,40,859,True,1.7345,-1,1,1.4275,-0.3636,109.79,20,27,19
RandomPlacer,40,860,True,1.2072,-1,1,1.2087,0.1727,121.99,22,25,17
RandomPlacer,40,861,True,1.8973,-1,3,0.8885,-0.4056,125.56,23,29,24
RandomPlacer,40,862,True,1.7773,-1,5,0.9375,-0.021,123.82,24,30,25
RandomPlacer,40,863,True,1.9037,-1,4,1.09,-0.2833,107.34,20,22,16
RandomPlacer,40,864,True,1.7994,-1,3,0.5621,0.3363,147.08,26,20,26
RandomPlacer,40,865,True,1.7925,-1,1,0.8256,0.0,144.67,25,28,11
RandomPlacer,40,866,True,1.8262,-1,1,1.1908,0.0853,146.37,26,25,28
RandomPlacer,40,867,True,1.9007,-1,3,0.7929,-0.1107,144.9,26,32,29
RandomPlacer,40,868,True,1.8132,-1,3,1.0699,0.2273,113.38,23,26,17
RandomPlacer,40,869,True,1.8449,-1,5,0.9184,0.1273,137.21,25,26,19
RandomPlacer,40,870,True,1.889,-1,2,1.4176,-0.4286,142.39,25,33,22
RandomPlacer,40,871,True,1.8628,-1,1,1.0794,-0.0559,110.97,21,28,22
RandomPlacer,40,872,True,1.6212,-1,4,0.8256,0.3077,138.4,25,22,21
RandomPlacer,40,873,True,1.8506,-1,2,0.776,0.033,132.44,24,21,22
RandomPlacer,40,874,True,1.734,-1,2,1.0255,-0.3231,151.82,28,34,24
RandomPlacer,40,875,True,1.6529,-1,2,1.4844,-0.0385,135.5,24,33,20
RandomPlacer,40,876,True,1.9491,-1,2,0.7066,0.1273,135.4,24,25,19
RandomPlacer,40,877,True,1.5589,-1,2,0.7,0.2273,110.13,20,20,20
RandomPlacer,40,878,True,1.8324,-1,3,0.8476,-0.0629,139.61,26,31,23
RandomPlacer,40,879,True,1.8851,-1,1,0.9136,-0.1118,149.61,27,30,26
RandomPlacer,40,880,True,1.7899,-1,2,0.6281,0.9286,120.94,22,20,15
RandomPlacer,40,881,True,1.6986,-1,2,0.9763,0.3516,148.69,26,22,20
RandomPlacer,40,882,True,1.926,-1,3,0.9246,0.2571,152.01,27,28,23
RandomPlacer,40,883,True,1.8613,-1,3,0.9184,0.007,129.87,25,26,20
RandomPlacer,40,884,True,1.9698,-1,4,1.0826,-0.0769,112.44,22,20,19
RandomPlacer,40,885,True,1.9593,-1,5,0.9972,-0.4286,105.85,19,20,9
RandomPlacer,40,886,True,1.5275,-1,2,0.6564,0.2727,161.22,29,41,18
RandomPlacer,40,887,True,1.8613,-1,2,0.9856,0.1319,137.27,25,22,21
RandomPlacer,40,888,True,1.5355,-1,1,1.0976,-0.1888,135.36,25,33,24
RandomPlacer,40,889,True,1.3788,-1,2,0.7755,-0.0659,105.34,21,15,15
RandomPlacer,40,890,True,1.7901,-1,3,0.8204,0.5714,127.9,23,30,19
RandomPlacer,40,891,True,1.3275,-1,1,1.3875,-0.2657,127.88,23,28,20
RandomPlacer,40,892,True,1.8339,-1,4,0.7707,-0.0536,141.56,26,21,20
RandomPlacer,40,893,True,1.7098,-1,2,0.9763,0.8167,146.85,26,30,11
RandomPlacer,40,894,True,1.9506,-1,7,0.8367,-0.2643,156.22,28,24,25
RandomPlacer,40,895,True,1.9037,-1,3,1.09,0.0909,104.3,20,18,18
RandomPlacer,40,896,True,1.9313,-1,2,0.554,-0.1167,96.72,19,16,17
RandomPlacer,40,897,True,1.815,-1,3,0.8875,0.0714,103.01,20,25,10
RandomPlacer,40,898,True,1.5492,-1,2,0.4399,-0.1818,112.0,21,17,20
RandomPlacer,40,899,True,1.8129,-1,2,0.7978,0.5,102.83,19,23,13
RandomPlacer,40,900,True,1.7283,-1,2,0.861,0.014,154.44,28,23,20
RandomPlacer,40,901,True,1.7703,-1,4,0.9938,-0.2667,122.41,22,27,15
RandomPlacer,40,902,True,1.864,-1,5,0.9136,-0.222,156.27,27,30,19
RandomPlacer,40,903,True,1.5645,-1,2,0.7826,-0.3636,130.56,23,23,19
RandomPlacer,40,904,True,1.9261,-1,4,1.3275,0.3818,103.13,20,27,15
RandomPlacer,40,905,True,1.8973,-1,2,0.8658,-0.6727,119.37,23,28,20
RandomPlacer,40,906,True,1.6749,-1,2,1.3278,0.1608,152.9,27,25,19
RandomPlacer,40,907,True,1.8221,-1,2,1.2834,-0.1259,115.44,21,22,20
RandomPlacer,40,908,True,1.7899,-1,1,1.0579,-0.381,112.82,22,26,13
RandomPlacer,40,909,True,1.7793,-1,3,0.8062,-0.6429,145.6,26,25,13
RandomPlacer,40,910,True,1.9463,-1,4,0.8505,0.4788,155.01,27,28,15
RandomPlacer,40,911,True,1.8924,-1,5,0.7424,-0.3939,99.89,19,25,20
RandomPlacer,40,912,True,1.8736,-1,4,1.0068,-0.1636,115.71,21,33,16
RandomPlacer,40,913,True,1.9218,-1,1,0.9149,-0.0659,123.98,24,35,20
RandomPlacer,40,914,True,1.766,-1,9,0.7275,-0.2253,102.06,20,23,22
RandomPlacer,40,915,True,1.8148,-1,1,0.9669,-0.3091,123.01,22,26,20
RandomPlacer,40,916,True,1.8329,-1,5,0.9161,-0.103,102.53,21,17,18
RandomPlacer,40,917,True,1.8449,-1,4,1.0784,0.2797,135.91,25,26,16
RandomPlacer,40,918,True,1.8449,-1,3,1.12,-0.1648,138.27,25,30,22
RandomPlacer,40,919,True,1.825,-1,4,0.8542,0.3667,134.72,24,30,13
RandomPlacer,40,920,True,1.5275,-1,2,0.4423,-0.0559,165.37,29,18,26
RandomPlacer,40,921,True,1.7274,-1,1,1.0753,-0.1909,154.13,28,37,15
RandomPlacer,40,922,True,1.678,-1,1,1.0748,0.4182,100.68,19,31,16
RandomPlacer,40,923,True,1.9401,-1,2,1.1983,0.0424,122.28,22,28,16
RandomPlacer,40,924,True,1.4732,-1,0,0.7385,0.0165,155.53,28,25,17
RandomPlacer,40,925,True,1.723,-1,1,0.892,0.5,104.28,19,18,14
RandomPlacer,40,926,True,1.7822,-1,2,1.5275,-0.2909,101.83,20,27,16
RandomPlacer,40,927,True,1.8129,-1,1,1.0416,-0.4056,97.9,19,17,21
RandomPlacer,40,928,True,1.7492,-1,1,0.9256,0.1748,120.17,22,28,24
RandomPlacer,40,929,True,1.8911,-1,5,1.1488,0.3912,119.74,22,26,24
RandomPlacer,40,930,True,1.6968,-1,1,0.8733,0.5,133.07,24,31,17
RandomPlacer,40,931,True,1.8227,-1,3,1.0606,0.45,160.39,29,35,28
RandomPlacer,40,932,True,1.2516,-1,2,1.0988,0.3212,90.93,18,20,22
RandomPlacer,40,933,True,1.8875,-1,5,0.9941,-0.2182,148.31,26,24,13
RandomPlacer,40,934,True,1.6692,-1,2,1.0579,-0.0857,120.55,22,26,11
RandomPlacer,40,935,True,1.9713,-1,3,0.7222,0.2692,123.46,24,20,24
RandomPlacer,40,936,True,1.7814,-1,2,0.8073,-0.0167,112.37,21,13,19
RandomPlacer,40,937,True,1.839,-1,2,0.9525,0.4794,108.63,22,23,24
RandomPlacer,40,938,True,1.9387,-1,6,0.8209,-0.2,117.55,21,25,18
RandomPlacer,40,939,True,1.8375,-1,2,1.0068,0.5714,114.86,21,30,17
RandomPlacer,40,940,True,1.578,-1,2,1.0083,-0.1333,96.16,19,23,13
RandomPlacer,40,941,True,1.7756,-1,2,0.8609,0.1357,167.38,29,30,22
RandomPlacer,40,942,True,1.819,-1,2,1.4195,-0.2909,115.09,21,26,16
RandomPlacer,40,943,True,1.9153,-1,3,0.8395,0.1077,149.31,27,30,26
RandomPlacer,40,944,True,1.6645,-1,2,1.4603,-0.467,110.81,21,28,23
RandomPlacer,40,945,True,1.3748,-1,2,0.852,-0.1964,151.28,28,26,26
RandomPlacer,40,946,True,1.5951,-1,1,1.0816,-0.4545,133.53,24,35,21
RandomPlacer,40,947,True,1.9431,-1,4,0.7633,-0.0909,143.36,26,24,25
RandomPlacer,40,948,True,1.9247,-1,4,0.949,0.0364,117.78,23,25,21
RandomPlacer,40,949,True,1.8004,-1,1,1.4078,0.3536,159.43,29,40,25
RandomPlacer,40,950,True,1.8676,-1,7,0.5888,0.5238,120.73,22,21,13
RandomPlacer,40,951,True,1.8955,-1,4,0.876,0.1538,121.48,22,18,26
RandomPlacer,40,952,True,1.8727,-1,2,1.3787,0.1824,111.34,21,29,25
RandomPlacer,40,953,True,1.7525,-1,2,1.1082,0.0604,162.94,29,34,16
RandomPlacer,40,954,True,1.3946,-1,2,0.845,-0.0273,123.73,22,19,13
RandomPlacer,40,955,True,1.8753,-1,3,0.8176,0.1273,150.05,27,32,15
RandomPlacer,40,956,True,1.6482,-1,1,1.0385,0.7167,113.85,21,19,14
RandomPlacer,40,957,True,1.4728,-1,2,0.6116,0.0273,126.55,22,32,17
RandomPlacer,40,958,True,1.7474,-1,1,1.3241,0.1758,95.88,19,23,20
RandomPlacer,40,959,True,1.9401,-1,1,1.0847,0.05,121.19,22,27,14
RandomPlacer,40,960,True,1.9347,-1,3,1.1565,0.3846,105.37,21,27,18
RandomPlacer,40,961,True,1.8221,-1,1,1.0385,0.3455,114.12,21,26,20
RandomPlacer,40,962,True,1.7935,-1,3,1.2544,0.0629,139.56,25,21,20
RandomPlacer,40,963,True,1.983,-1,8,0.9091,0.0061,116.73,22,22,13
RandomPlacer,40,964,True,1.864,-1,2,0.8011,-0.4857,150.28,27,35,10
RandomPlacer,40,965,True,1.7766,-1,3,0.8916,0.4965,156.07,28,29,21
RandomPlacer,40,966,True,1.945,-1,5,1.1389,-0.0424,129.98,24,32,17
RandomPlacer,40,967,True,1.9313,-1,2,0.7645,-0.2937,105.15,19,16,23
RandomPlacer,40,968,True,1.9027,-1,3,1.0944,-0.0107,139.5,25,29,25
RandomPlacer,40,969,True,1.7346,-1,1,1.262,-0.0066,150.54,27,32,23
RandomPlacer,40,970,True,1.7492,-1,1,1.1074,-0.3162,118.24,22,28,30
RandomPlacer,40,971,True,1.3955,-1,0,0.7275,0.3071,117.07,20,13,24
RandomPlacer,40,972,True,1.7144,-1,2,1.284,-0.1182,163.72,27,39,22
RandomPlacer,40,973,True,1.839,-1,3,1.0579,0.1593,123.0,22,26,20
RandomPlacer,40,974,True,1.9574,-1,6,1.1776,-0.2667,134.98,25,33,16
RandomPlacer,40,975,True,1.5319,-1,1,0.6667,-0.5824,138.52,24,12,21
RandomPlacer,40,976,True,1.8449,-1,5,1.3056,0.2,134.09,25,28,26
RandomPlacer,40,977,True,1.9387,-1,1,1.0113,0.2143,108.43,21,32,13
RandomPlacer,40,978,True,1.9037,-1,2,0.8275,-0.0667,100.83,20,23,18
RandomPlacer,40,979,True,1.6153,-1,1,1.0533,0.4727,147.78,26,22,22
RandomPlacer,40,980,True,1.5153,-1,1,0.88,-0.6667,137.37,25,35,14
RandomPlacer,40,981,True,1.8727,-1,3,0.5034,0.3727,108.81,21,18,18
RandomPlacer,40,982,True,1.8628,-1,2,0.9433,-0.2182,116.57,21,23,16
RandomPlacer,40,983,True,1.601,-1,1,0.8733,-0.0681,130.57,24,25,20
RandomPlacer,40,984,True,1.6494,-1,1,1.0964,0.3147,124.23,23,31,23
RandomPlacer,40,985,True,1.2988,-1,2,0.7222,0.0303,132.51,24,20,18
RandomPlacer,40,986,True,1.6464,-1,5,0.4671,0.2143,114.31,21,16,9
RandomPlacer,40,987,True,1.9142,-1,3,1.0699,-0.0545,121.31,23,26,16
RandomPlacer,40,988,True,1.8578,-1,1,1.0304,0.467,137.51,25,34,22
RandomPlacer,40,989,True,1.7307,-1,2,0.9149,-0.2667,131.31,24,29,17
RandomPlacer,40,990,True,1.6068,-1,1,1.0859,0.4048,101.99,19,27,14
RandomPlacer,40,991,True,1.8748,-1,3,0.7487,-0.1341,150.19,28,29,19
RandomPlacer,40,992,True,1.8454,-1,2,0.7092,-0.4286,155.7,28,30,12
RandomPlacer,40,993,True,1.8148,-1,1,0.8099,0.1758,117.91,22,24,20
RandomPlacer,40,994,True,1.9329,-1,6,0.8594,-0.1399,137.87,24,27,20
RandomPlacer,40,995,True,1.682,-1,5,0.9986,-0.2,143.21,27,26,21
RandomPlacer,40,996,True,1.8164,-1,2,0.9877,0.3217,147.71,27,30,18
RandomPlacer,40,997,True,1.6851,-1,1,0.6957,-0.0667,126.12,23,23,17
RandomPlacer,40,998,True,1.7822,-1,1,1.09,0.6833,103.23,20,22,17
RandomPlacer,40,999,True,1.9313,-1,4,0.6814,-0.3333,94.3,19,20,16
RandomPlacer,50,0,True,1.962,-1,5,0.9314,-0.0147,404.12,45,43,26
RandomPlacer,50,1,True,1.8348,-1,2,1.1556,0.125,250.69,30,40,30
RandomPlacer,50,2,True,1.8218,-1,2,1.1135,-0.2376,313.12,35,41,31
RandomPlacer,50,3,True,1.7465,-1,6,0.8896,-0.4727,284.29,32,41,16
RandomPlacer,50,4,True,1.7315,-1,5,0.8844,0.076,375.62,42,36,26
RandomPlacer,50,5,True,1.9013,-1,4,0.9232,0.0464,425.66,48,63,41
RandomPlacer,50,6,True,1.8013,-1,5,0.8475,0.2364,354.25,40,42,13
RandomPlacer,50,7,True,1.7556,-1,4,0.9385,0.033,300.05,33,32,26
RandomPlacer,50,8,True,1.7371,-1,3,0.9664,0.2143,414.6,46,51,31
RandomPlacer,50,9,True,1.8187,-1,4,0.8888,-0.1023,448.9,49,36,28
RandomPlacer,50,10,True,1.8336,-1,3,0.9551,0.3953,393.73,45,46,37
RandomPlacer,50,11,True,1.6394,-1,3,0.8744,-0.1341,348.22,40,31,16
RandomPlacer,50,12,True,1.8459,-1,5,0.9678,0.0071,346.18,39,46,21
RandomPlacer,50,13,True,1.6382,-1,3,0.896,-0.354,402.38,46,52,25
RandomPlacer,50,14,True,1.789,-1,3,1.0966,-0.0683,351.83,39,36,41
RandomPlacer,50,15,True,1.7106,-1,2,1.2975,-0.1195,348.48,40,42,37
RandomPlacer,50,16,True,1.5913,-1,2,1.0027,0.0031,389.94,43,52,25
RandomPlacer,50,17,True,1.8148,-1,3,0.8858,-0.0685,389.05,44,45,43
RandomPlacer,50,18,True,1.8319,-1,5,0.8827,-0.2301,367.43,42,51,36
RandomPlacer,50,19,True,1.7242,-1,5,1.1005,0.1974,364.68,41,47,40
RandomPlacer,50,20,True,1.7783,-1,4,0.8844,-0.0509,378.49,42,36,26
RandomPlacer,50,21,True,1.7916,-1,1,1.0475,0.15,329.69,37,40,25
RandomPlacer,50,22,True,1.6341,-1,2,1.0416,0.2702,363.34,43,46,35
RandomPlacer,50,23,True,1.8361,-1,5,0.8493,-0.1,428.99,47,45,27
RandomPlacer,50,24,True,1.7912,-1,2,1.0872,-0.2129,312.99,33,35,32
RandomPlacer,50,25,True,1.7072,-1,3,0.9012,-0.0258,291.18,35,31,27
RandomPlacer,50,26,True,1.9054,-1,4,0.9323,-0.0954,342.24,39,34,35
RandomPlacer,50,27,True,1.7779,-1,2,0.8837,-0.0717,392.63,43,43,38
RandomPlacer,50,28,True,1.7492,-1,5,0.8594,0.0766,357.32,40,35,29
RandomPlacer,50,29,True,1.6137,-1,4,0.8871,0.003,355.55,38,45,37
RandomPlacer,50,30,True,1.944,-1,8,0.9636,-0.1035,272.63,31,29,28
RandomPlacer,50,31,True,1.8569,-1,5,1.1802,0.2361,396.57,41,46,42
RandomPlacer,50,32,True,1.706,-1,2,0.7908,0.0613,410.06,44,41,26
RandomPlacer,50,33,True,1.7184,-1,3,1.2045,0.3053,348.83,39,38,31
RandomPlacer,50,34,True,1.7634,-1,2,0.9344,-0.1341,276.31,31,32,24
RandomPlacer,50,35,True,1.9382,-1,2,0.9224,0.333,300.31,35,30,32
RandomPlacer,50,36,True,1.8629,-1,4,1.1702,0.0474,319.11,37,47,29
RandomPlacer,50,37,True,1.7552,-1,2,0.903,-0.1896,325.39,38,46,31
RandomPlacer,50,38,True,1.6909,-1,2,1.0437,-0.0909,358.07,42,49,17
RandomPlacer,50,39,True,1.9299,-1,5,1.1532,-0.1123,345.7,39,38,27
RandomPlacer,50,40,True,1.5549,-1,3,0.9377,-0.7364,277.45,34,36,15
RandomPlacer,50,41,True,1.8237,-1,3,1.2096,-0.0954,324.36,37,40,38
RandomPlacer,50,42,True,1.8556,-1,3,0.9567,0.0909,257.71,30,33,21
RandomPlacer,50,43,True,1.8083,-1,5,0.7458,-0.1827,302.11,38,33,30
RandomPlacer,50,44,True,1.7655,-1,3,1.0454,0.214,368.99,42,44,30
RandomPlacer,50,45,True,1.8647,-1,3,1.1137,0.2684,342.19,39,55,34
RandomPlacer,50,46,True,1.8944,-1,2,0.6018,-0.1754,328.72,38,29,38
RandomPlacer,50,47,True,1.7184,-1,2,1.281,-0.2511,375.24,45,49,35
RandomPlacer,50,48,True,1.8044,-1,4,1.2136,-0.3559,374.46,43,54,25
RandomPlacer,50,49,True,1.788,-1,7,0.712,0.1143,364.39,42,40,20
RandomPlacer,50,50,True,1.6987,-1,3,1.0004,0.0909,453.15,50,57,32
RandomPlacer,50,51,True,1.767,-1,6,0.9459,-0.0667,360.2,41,38,31
RandomPlacer,50,52,True,1.7611,-1,5,1.1142,-0.2824,287.84,34,36,28
RandomPlacer,50,53,True,1.8503,-1,5,0.6647,0.1937,379.08,45,47,32
RandomPlacer,50,54,True,1.7978,-1,3,0.9599,0.6225,338.75,39,49,22
RandomPlacer,50,55,True,1.904,-1,3,0.942,0.1042,281.03,34,47,26
RandomPlacer,50,56,True,1.9178,-1,6,1.15,-0.1011,345.63,40,40,29
RandomPlacer,50,57,True,1.6962,-1,5,0.9532,-0.3626,267.94,31,44,22
RandomPlacer,50,58,True,1.7659,-1,6,0.8055,-0.0165,342.54,41,32,39
RandomPlacer,50,59,True,1.8821,-1,4,0.8765,0.0,314.04,36,32,22
RandomPlacer,50,60,True,1.866,-1,4,0.8542,0.0383,306.54,36,33,44
RandomPlacer,50,61,True,1.7101,-1,1,1.0343,-0.5221,322.96,37,29,24
RandomPlacer,50,62,True,1.7545,-1,4,1.1724,-0.2118,307.43,38,51,28
RandomPlacer,50,63,True,1.7674,-1,4,0.9994,0.2281,358.59,41,42,28
RandomPlacer,50,64,True,1.8623,-1,5,1.0552,0.2071,244.25,31,34,29
RandomPlacer,50,65,True,1.3605,-1,3,0.892,-0.1912,320.98,38,40,28
RandomPlacer,50,66,True,1.8414,-1,5,0.9471,-0.2265,424.51,49,64,28
RandomPlacer,50,67,True,1.7681,-1,5,0.9008,-0.1176,378.9,44,40,28
RandomPlacer,50,68,True,1.8962,-1,3,1.3186,-0.2238,270.43,33,40,20
RandomPlacer,50,69,True,1.8808,-1,3,0.9817,0.5098,321.98,37,42,25
RandomPlacer,50,70,True,1.8975,-1,3,0.7148,-0.1713,415.39,48,33,36
RandomPlacer,50,71,True,1.8357,-1,5,0.8767,-0.2,300.68,35,51,24
RandomPlacer,50,72,True,1.9699,-1,6,0.6752,0.0143,311.8,36,41,24
RandomPlacer,50,73,True,1.7549,-1,3,0.8526,0.2366,407.57,46,40,30
RandomPlacer,50,74,True,1.9022,-1,8,0.7995,0.1862,360.85,41,44,44
RandomPlacer,50,75,True,1.6853,-1,5,1.1389,0.3618,373.94,42,49,25
RandomPlacer,50,76,True,1.9128,-1,7,0.8947,-0.027,336.15,38,38,23
RandomPlacer,50,77,True,1.9512,-1,5,1.122,0.2095,337.13,41,41,27
RandomPlacer,50,78,True,1.8664,-1,6,1.3283,0.2456,367.54,43,52,26
RandomPlacer,50,79,True,1.9918,-1,8,0.9076,-0.3565,354.44,42,53,37
RandomPlacer,50,80,True,1.5549,-1,1,0.5826,-0.1364,379.84,44,40,26
RandomPlacer,50,81,True,1.9022,-1,7,1.0256,0.0971,352.93,41,52,28
RandomPlacer,50,82,True,1.6791,-1,4,1.1074,0.0956,407.42,37,36,27
RandomPlacer,50,83,True,1.9726,-1,5,0.8257,0.5195,397.87,47,50,35
RandomPlacer,50,84,True,1.6226,-1,4,1.1943,-0.0357,240.78,32,37,28
RandomPlacer,50,85,True,1.8486,-1,3,0.9695,0.5067,323.24,38,52,31
RandomPlacer,50,86,True,1.7316,-1,2,1.1706,0.3649,291.4,35,36,32
RandomPlacer,50,87,True,1.8438,-1,4,0.8619,-0.2602,319.33,37,39,28
RandomPlacer,50,88,True,1.7475,-1,3,0.7654,0.406,395.81,45,50,32
RandomPlacer,50,89,True,1.8489,-1,5,0.729,0.0809,312.68,37,36,27
RandomPlacer,50,90,True,1.8161,-1,2,0.9475,0.0474,363.56,40,38,31
RandomPlacer,50,91,True,1.7025,-1,2,0.9809,0.2286,453.51,44,57,38
RandomPlacer,50,92,True,1.6515,-1,5,1.2296,-0.0286,234.88,28,38,22
RandomPlacer,50,93,True,1.8775,-1,5,1.2539,0.406,364.75,35,33,34
RandomPlacer,50,94,True,1.9137,-1,5,0.8968,0.2861,342.98,39,40,42
RandomPlacer,50,95,True,1.981,-1,6,1.2111,-0.0119,303.03,37,46,40
RandomPlacer,50,96,True,1.6386,-1,2,0.8935,0.087,386.65,43,38,35
RandomPlacer,50,97,True,1.686,-1,3,0.9717,0.3912,332.62,39,41,21
RandomPlacer,50,98,True,1.8069,-1,1,1.2233,-0.4862,253.54,30,33,40
RandomPlacer,50,99,True,1.8958,-1,3,0.649,-0.2174,362.6,43,41,40
RandomPlacer,50,100,True,1.9651,-1,7,0.5084,-0.0481,360.05,43,36,31
RandomPlacer,50,101,True,1.8264,-1,3,1.2382,-0.5121,322.26,38,44,23
RandomPlacer,50,102,True,1.9437,-1,4,1.3488,0.2246,303.32,36,50,36
RandomPlacer,50,103,True,1.8507,-1,6,1.0803,-0.2316,308.33,38,44,31
RandomPlacer,50,104,True,1.8768,-1,5,1.0629,0.129,428.37,47,40,28
RandomPlacer,50,105,True,1.8968,-1,3,0.9037,-0.2324,329.74,38,43,25
RandomPlacer,50,106,True,1.6834,-1,3,1.2222,-0.0593,315.01,36,36,27
RandomPlacer,50,107,True,1.7764,-1,1,1.1903,-0.2579,291.99,34,50,33
RandomPlacer,50,108,True,1.6353,-1,1,0.7415,0.0935,370.5,42,36,42
RandomPlacer,50,109,True,1.9918,-1,5,1.0,-0.098,361.46,42,42,28
RandomPlacer,50,110,True,1.8333,-1,6,1.2215,0.05,301.64,34,38,23
RandomPlacer,50,111,True,1.8323,-1,3,0.6765,0.1393,391.73,45,50,28
RandomPlacer,50,112,True,1.9774,-1,6,0.9446,-0.2378,299.39,34,42,20
RandomPlacer,50,113,True,1.8574,-1,4,0.8282,0.063,369.42,42,45,32
RandomPlacer,50,114,True,1.9661,-1,3,0.9732,-0.2977,369.51,41,43,37
RandomPlacer,50,115,True,1.8966,-1,4,0.9354,0.4902,406.53,44,53,27
RandomPlacer,50,116,True,1.6729,-1,2,0.8,0.4283,251.46,30,30,29
RandomPlacer,50,117,True,1.8836,-1,3,1.1479,-0.3579,339.49,39,42,32
RandomPlacer,50,118,True,1.9586,-1,5,0.9316,-0.503,350.19,41,60,17
RandomPlacer,50,119,True,1.8274,-1,6,1.0343,0.2737,308.11,37,45,33
RandomPlacer,50,120,True,1.5714,-1,2,0.6901,-0.2745,363.94,43,33,33
RandomPlacer,50,121,True,1.9003,-1,4,0.9328,0.033,240.48,27,34,29
RandomPlacer,50,122,True,1.7617,-1,3,1.0801,-0.3571,255.24,31,35,29
RandomPlacer,50,123,True,1.7853,-1,5,1.1343,0.0907,393.04,44,46,27
RandomPlacer,50,124,True,1.9313,-1,4,0.9224,-0.1544,344.33,38,32,26
RandomPlacer,50,125,True,1.6778,-1,1,0.9637,0.2122,380.56,42,50,38
RandomPlacer,50,126,True,1.8458,-1,3,1.3086,-0.1517,274.42,32,46,33
RandomPlacer,50,127,True,1.5804,-1,3,1.1946,0.156,299.64,34,43,26
RandomPlacer,50,128,True,1.9467,-1,4,1.2071,-0.0286,373.32,43,45,30
RandomPlacer,50,129,True,1.7763,-1,3,1.093,-0.1462,366.77,42,44,35
RandomPlacer,50,130,True,1.8351,-1,6,0.976,0.393,421.94,47,57,28
RandomPlacer,50,131,True,1.8789,-1,6,0.7429,0.3235,349.36,39,38,29
RandomPlacer,50,132,True,1.7259,-1,2,0.5744,0.1253,281.46,34,30,26
RandomPlacer,50,133,True,1.7347,-1,2,0.8994,0.5294,349.4,39,45,33
RandomPlacer,50,134,True,1.8789,-1,5,0.8233,-0.3319,306.55,36,29,21
RandomPlacer,50,135,True,1.746,-1,2,0.7744,0.0456,357.1,40,41,27
RandomPlacer,50,136,True,1.9179,-1,6,1.1216,-0.1123,345.44,39,46,37
RandomPlacer,50,137,True,1.8779,-1,4,1.2314,-0.1987,398.96,44,60,35
RandomPlacer,50,138,True,1.905,-1,5,1.1303,0.0374,381.22,43,62,34
RandomPlacer,50,139,True,1.4401,-1,2,0.8603,-0.0765,315.21,36,35,24
RandomPlacer,50,140,True,1.7942,-1,3,1.1752,-0.0495,324.45,36,49,25
RandomPlacer,50,141,True,1.7314,-1,1,0.9802,0.3545,269.98,31,40,19
RandomPlacer,50,142,True,1.8886,-1,2,1.0145,0.1125,334.93,38,51,30
RandomPlacer,50,143,True,1.6765,-1,1,1.0182,0.0484,303.9,34,43,39
RandomPlacer,50,144,True,1.8889,-1,4,0.8388,0.3127,376.58,41,36,32
RandomPlacer,50,145,True,1.9251,-1,4,0.5895,-0.3807,312.53,36,26,33
RandomPlacer,50,146,True,1.8216,-1,3,1.0225,0.225,289.22,32,35,20
RandomPlacer,50,147,True,1.6638,-1,3,1.09,0.0152,370.07,40,44,41
RandomPlacer,50,148,True,1.7687,-1,3,1.1556,0.0857,267.89,30,40,23
RandomPlacer,50,149,True,1.8365,-1,4,0.7216,-0.0511,421.32,47,45,32
RandomPlacer,50,150,True,1.8125,-1,3,0.9666,-0.2253,459.59,51,45,36
RandomPlacer,50,151,True,1.7894,-1,3,0.8677,0.098,327.26,38,39,26
RandomPlacer,50,152,True,1.7383,-1,2,1.0335,0.1263,362.51,39,51,32
RandomPlacer,50,153,True,1.8638,-1,3,1.0811,0.2421,326.14,37,37,33
RandomPlacer,50,154,True,1.8073,-1,4,0.8425,-0.2481,410.76,45,47,31
RandomPlacer,50,155,True,1.8649,-1,4,0.8194,0.2451,347.3,40,43,28
RandomPlacer,50,156,True,1.7174,-1,1,0.9235,-0.3323,417.51,47,60,35
RandomPlacer,50,157,True,1.9467,-1,6,1.01,0.1825,353.22,40,52,24
RandomPlacer,50,158,True,1.8629,-1,5,0.9475,0.775,338.7,40,42,25
RandomPlacer,50,159,True,1.9078,-1,5,0.6544,0.0809,381.96,44,47,26
RandomPlacer,50,160,True,1.7714,-1,5,0.7459,-0.1176,461.69,51,41,27
RandomPlacer,50,161,True,1.8927,-1,5,0.9992,-0.3231,296.15,35,41,17
RandomPlacer,50,162,True,1.9708,-1,6,1.064,-0.0029,315.92,36,49,27
RandomPlacer,50,163,True,1.8218,-1,3,0.7409,0.1008,367.79,43,50,33
RandomPlacer,50,164,True,1.6767,-1,3,0.9546,-0.2474,402.99,46,44,26
RandomPlacer,50,165,True,1.9073,-1,4,0.6727,0.5273,315.42,35,31,35
RandomPlacer,50,166,True,1.9144,-1,5,1.2758,-0.2657,261.0,31,44,20
RandomPlacer,50,167,True,1.8069,-1,1,0.7275,-0.3059,291.15,34,37,25
RandomPlacer,50,168,True,1.8143,-1,2,0.835,-0.0532,363.93,43,41,37
RandomPlacer,50,169,True,1.8081,-1,2,0.9328,-0.45,224.1,27,34,20
RandomPlacer,50,170,True,1.8346,-1,2,0.8421,-0.0553,339.16,38,38,39
RandomPlacer,50,171,True,1.8649,-1,3,0.5744,-0.0753,322.78,40,31,33
RandomPlacer,50,172,True,1.7704,-1,5,0.8988,0.467,413.1,45,50,28
RandomPlacer,50,173,True,1.6879,-1,1,0.8223,0.065,410.56,46,56,26
RandomPlacer,50,174,True,1.789,-1,7,1.0769,0.3494,340.72,39,39,33
RandomPlacer,50,175,True,1.8497,-1,3,1.0889,-0.16,255.74,30,40,30
RandomPlacer,50,176,True,1.8016,-1,3,0.8194,0.2727,360.6,40,37,36
RandomPlacer,50,177,True,1.764,-1,6,1.1161,0.3456,335.78,37,47,33
RandomPlacer,50,178,True,1.8899,-1,6,0.7669,0.2,421.37,48,51,23
RandomPlacer,50,179,True,1.7748,-1,3,0.8692,0.0962,347.12,39,37,42
RandomPlacer,50,180,True,1.6488,-1,4,1.0872,-0.0319,290.52,33,35,26
RandomPlacer,50,181,True,1.9023,-1,3,0.8194,0.389,360.72,40,43,26
RandomPlacer,50,182,True,1.8182,-1,5,0.7591,-0.0912,359.75,41,47,21
RandomPlacer,50,183,True,1.7088,-1,2,1.0844,-0.0788,247.37,29,33,18
RandomPlacer,50,184,True,1.9036,-1,4,1.1012,0.0983,445.01,49,59,39
RandomPlacer,50,185,True,1.6736,-1,1,1.1875,-0.1948,327.71,36,45,31
RandomPlacer,50,186,True,1.8824,-1,5,1.4906,0.5429,328.14,35,43,27
RandomPlacer,50,187,True,1.5377,-1,1,0.7942,-0.1827,336.74,39,40,29
RandomPlacer,50,188,True,1.9181,-1,6,0.9321,-0.114,445.64,49,45,29
RandomPlacer,50,189,True,1.7158,-1,5,0.8733,-0.1452,437.64,48,46,35
RandomPlacer,50,190,True,1.9329,-1,11,0.8958,-0.0706,396.85,45,56,28
RandomPlacer,50,191,True,1.8231,-1,5,0.6586,0.2,393.63,44,43,25
RandomPlacer,50,192,True,1.8578,-1,7,0.5306,0.1005,443.31,49,49,26
RandomPlacer,50,193,True,1.7852,-1,2,1.1508,0.1228,390.81,44,62,31
RandomPlacer,50,194,True,1.918,-1,4,1.1772,0.1895,253.21,29,34,38
RandomPlacer,50,195,True,1.7652,-1,5,1.027,0.2687,313.69,36,37,39
RandomPlacer,50,196,True,1.8789,-1,7,1.0,0.1233,319.13,36,36,37
RandomPlacer,50,197,True,1.7425,-1,2,0.7043,0.2384,330.28,38,35,24
RandomPlacer,50,198,True,1.6792,-1,4,1.1457,-0.0545,354.35,41,40,26
RandomPlacer,50,199,True,1.6295,-1,1,1.0968,0.1569,377.85,43,49,25
RandomPlacer,50,200,True,1.9377,-1,5,0.6759,-0.3107,358.7,39,34,25
RandomPlacer,50,201,True,1.7858,-1,2,1.198,0.5247,409.77,45,43,42
RandomPlacer,50,202,True,1.8148,-1,6,0.9021,-0.0196,389.12,43,46,25
RandomPlacer,50,203,True,1.6945,-1,3,0.9796,0.1548,288.15,35,40,30
RandomPlacer,50,204,True,1.8712,-1,8,0.8178,-0.3123,404.95,45,48,32
RandomPlacer,50,205,True,1.6306,-1,4,0.7994,-0.0496,352.34,40,29,35
RandomPlacer,50,206,True,1.7994,-1,4,0.6722,-0.0025,352.14,41,31,19
RandomPlacer,50,207,True,1.7883,-1,2,0.862,-0.1383,297.55,35,43,33
RandomPlacer,50,208,True,1.7585,-1,2,0.9717,0.0279,347.71,39,50,30
RandomPlacer,50,209,True,1.8649,-1,3,1.2278,0.1054,302.19,35,41,28
RandomPlacer,50,210,True,1.8319,-1,7,0.5351,0.098,377.61,42,34,26
RandomPlacer,50,211,True,1.3815,-1,2,0.997,0.4412,361.68,41,54,30
RandomPlacer,50,212,True,1.7459,-1,2,0.9682,0.0265,306.28,35,33,24
RandomPlacer,50,213,True,1.6835,-1,4,1.0,-0.0588,382.21,42,42,27
RandomPlacer,50,214,True,1.8459,-1,4,0.865,-0.0769,327.31,38,47,27
RandomPlacer,50,215,True,1.772,-1,4,1.2701,0.0141,433.77,44,59,28
RandomPlacer,50,216,True,1.5369,-1,1,0.7986,-0.1128,325.78,36,39,34
RandomPlacer,50,217,True,1.8879,-1,5,0.9648,0.4184,489.91,48,63,39
RandomPlacer,50,218,True,1.9785,-1,6,1.2992,0.247,339.49,38,48,37
RandomPlacer,50,219,True,1.8159,-1,9,1.1233,0.0088,420.59,48,50,28
RandomPlacer,50,220,True,1.7506,-1,4,0.8402,0.5107,310.84,39,42,24
RandomPlacer,50,221,True,1.8649,-1,6,0.7944,0.3231,320.2,40,33,20
RandomPlacer,50,222,True,1.9357,-1,3,0.9266,-0.2343,430.52,48,53,34
RandomPlacer,50,223,True,1.7552,-1,6,0.76,-0.2937,442.58,48,53,16
RandomPlacer,50,224,True,1.6911,-1,1,0.9463,0.2263,401.36,44,40,34
RandomPlacer,50,225,True,1.9585,-1,6,0.6764,-0.0135,331.81,37,31,36
RandomPlacer,50,226,True,1.8625,-1,4,0.9972,0.1029,334.87,38,36,27
RandomPlacer,50,227,True,1.7776,-1,2,1.1469,0.2193,372.03,41,50,28
RandomPlacer,50,228,True,1.8474,-1,4,0.8049,-0.2547,317.71,35,43,41
RandomPlacer,50,229,True,1.9056,-1,4,0.9931,-0.0092,431.37,48,52,42
RandomPlacer,50,230,True,1.8556,-1,7,0.8759,-0.105,374.55,42,39,45
RandomPlacer,50,231,True,1.7816,-1,3,0.84,0.1179,343.72,40,36,24
RandomPlacer,50,232,True,1.9151,-1,4,0.96,-0.0575,388.05,45,39,43
RandomPlacer,50,233,True,1.8732,-1,3,0.9934,-0.0947,316.82,37,40,33
RandomPlacer,50,234,True,1.8537,-1,4,1.0583,0.5594,243.69,29,26,19
RandomPlacer,50,235,True,1.8447,-1,3,1.1132,-0.1121,319.83,37,54,20
RandomPlacer,50,236,True,1.835,-1,5,0.7907,-0.1789,387.57,43,43,32
RandomPlacer,50,237,True,1.8889,-1,3,1.0181,-0.1018,393.99,44,41,42
RandomPlacer,50,238,True,1.7231,-1,7,1.2653,0.1067,356.7,42,48,32
RandomPlacer,50,239,True,1.7869,-1,2,1.1124,-0.129,369.67,41,45,28
RandomPlacer,50,240,True,1.9212,-1,2,0.7509,-0.2206,267.33,34,38,31
RandomPlacer,50,241,True,1.8519,-1,4,1.19,0.1895,341.12,40,44,29
RandomPlacer,50,242,True,1.9785,-1,5,1.1012,-0.0753,306.75,34,45,29
RandomPlacer,50,243,True,1.7468,-1,1,1.1211,0.0,326.52,34,42,20
RandomPlacer,50,244,True,1.9024,-1,4,0.8502,-0.0831,423.39,47,54,42
RandomPlacer,50,245,True,1.956,-1,6,0.6749,0.4786,325.63,37,36,19
RandomPlacer,50,246,True,1.9888,-1,6,1.3194,-0.1446,357.6,40,53,26
RandomPlacer,50,247,True,1.9861,-1,7,0.7099,-0.0584,327.49,36,32,30
RandomPlacer,50,248,True,1.8506,-1,3,0.8677,0.0779,336.7,38,37,32
RandomPlacer,50,249,True,1.8741,-1,5,1.0303,0.2527,288.19,32,33,20
RandomPlacer,50,250,True,1.7843,-1,7,1.0169,-0.0532,438.03,48,45,34
RandomPlacer,50,251,True,1.9313,-1,5,1.2722,-0.5235,333.56,38,43,29
RandomPlacer,50,252,True,1.8908,-1,3,0.9528,0.0286,214.93,28,25,20
RandomPlacer,50,253,True,1.9261,-1,6,0.8001,0.0399,403.89,46,43,48
RandomPlacer,50,254,True,1.5922,-1,2,0.8073,0.1115,379.63,42,40,49
RandomPlacer,50,255,True,1.9315,-1,4,1.1217,0.0637,274.57,31,41,21
RandomPlacer,50,256,True,1.8881,-1,4,0.8889,0.0661,404.54,45,45,35
RandomPlacer,50,257,True,1.8982,-1,3,0.8765,-0.4418,308.71,36,40,25
RandomPlacer,50,258,True,1.7304,-1,3,0.7098,0.4632,338.24,38,39,32
RandomPlacer,50,259,True,1.8366,-1,4,1.2993,0.2761,374.82,42,54,30
RandomPlacer,50,260,True,1.8474,-1,5,1.4335,-0.3699,309.2,35,48,40
RandomPlacer,50,261,True,1.8905,-1,5,0.7985,0.522,328.39,38,43,22
RandomPlacer,50,262,True,1.8154,-1,5,0.7626,-0.339,371.98,43,40,29
RandomPlacer,50,263,True,1.9024,-1,5,1.0164,-0.3241,449.58,50,47,32
RandomPlacer,50,264,True,1.8351,-1,6,1.1095,0.1,469.92,52,56,22
RandomPlacer,50,265,True,1.7942,-1,5,1.244,-0.0193,429.46,47,52,27
RandomPlacer,50,266,True,1.8924,-1,4,0.9148,0.5907,330.96,38,41,28
RandomPlacer,50,267,True,1.809,-1,4,0.742,0.2929,388.7,43,41,29
RandomPlacer,50,268,True,1.8264,-1,2,0.7119,-0.4044,322.75,38,32,24
RandomPlacer,50,269,True,1.7846,-1,4,0.8722,0.0941,252.93,30,35,30
RandomPlacer,50,270,True,1.8178,-1,5,1.0341,0.4541,368.54,43,61,30
RandomPlacer,50,271,True,1.8169,-1,4,1.2051,0.1631,426.63,47,55,44
RandomPlacer,50,272,True,1.689,-1,2,1.142,-0.0898,335.96,38,59,23
RandomPlacer,50,273,True,1.937,-1,5,1.0244,-0.609,362.17,40,41,38
RandomPlacer,50,274,True,1.8892,-1,7,0.9778,0.2416,407.48,45,45,35
RandomPlacer,50,275,True,1.7144,-1,4,0.9638,0.3206,344.31,39,43,23
RandomPlacer,50,276,True,1.8035,-1,5,1.177,0.2524,445.91,49,53,33
RandomPlacer,50,277,True,1.9664,-1,6,1.0244,0.6716,352.15,40,41,32
RandomPlacer,50,278,True,1.8503,-1,6,0.9067,-0.1842,412.45,45,48,28
RandomPlacer,50,279,True,1.8877,-1,2,1.358,-0.2468,320.54,36,52,30
RandomPlacer,50,280,True,1.7752,-1,3,0.6631,-0.3681,388.49,43,51,21
RandomPlacer,50,281,True,1.9313,-1,7,1.1975,0.33,360.18,40,38,42
RandomPlacer,50,282,True,1.8353,-1,3,0.9452,0.1443,331.49,37,36,40
RandomPlacer,50,283,True,1.8519,-1,5,0.9775,0.0156,379.58,40,46,34
RandomPlacer,50,284,True,1.9093,-1,6,1.2009,0.1744,454.52,46,55,29
RandomPlacer,50,285,True,1.9313,-1,7,0.7475,0.3632,368.21,40,38,28
RandomPlacer,50,286,True,1.6398,-1,1,1.0068,-0.0895,282.33,32,27,36
RandomPlacer,50,287,True,1.8628,-1,4,0.9106,0.3504,399.26,45,46,32
RandomPlacer,50,288,True,1.6888,-1,1,0.8632,0.0312,378.07,43,52,32
RandomPlacer,50,289,True,1.7421,-1,3,1.1362,-0.0515,447.42,49,45,26
RandomPlacer,50,290,True,1.6064,-1,2,1.204,0.1324,396.0,44,65,24
RandomPlacer,50,291,True,1.9822,-1,4,0.7959,0.5394,286.83,32,25,18
RandomPlacer,50,292,True,1.6367,-1,2,1.1498,0.2941,379.68,43,57,26
RandomPlacer,50,293,True,1.9048,-1,3,0.8685,0.1434,345.64,41,45,32
RandomPlacer,50,294,True,1.7257,-1,2,1.2653,0.6037,354.75,42,48,35
RandomPlacer,50,295,True,1.7832,-1,4,0.7922,0.3235,422.66,47,41,25
RandomPlacer,50,296,True,1.6768,-1,2,1.1124,0.086,366.24,41,45,30
RandomPlacer,50,297,True,1.8294,-1,5,1.1429,-0.2228,372.02,42,42,32
RandomPlacer,50,298,True,1.7651,-1,5,0.7594,0.239,349.94,40,35,30
RandomPlacer,50,299,True,1.8309,-1,6,0.8099,0.0468,377.76,44,48,32
RandomPlacer,50,300,True,1.877,-1,6,0.7507,0.2941,359.68,41,38,25
RandomPlacer,50,301,True,1.8007,-1,3,0.9484,0.0104,360.46,42,49,30
RandomPlacer,50,302,True,1.8488,-1,2,0.5841,0.5809,387.8,43,52,27
RandomPlacer,50,303,True,1.8795,-1,7,1.2715,-0.1374,350.16,39,43,22
RandomPlacer,50,304,True,1.8433,-1,2,0.9463,-0.0464,408.6,44,40,30
RandomPlacer,50,305,True,1.7849,-1,5,1.3981,-0.2471,331.69,37,48,22
RandomPlacer,50,306,True,1.7309,-1,1,0.8944,0.1397,366.09,40,47,30
RandomPlacer,50,307,True,1.9005,-1,5,0.7922,0.4313,422.6,47,53,38
RandomPlacer,50,308,True,1.8738,-1,4,1.0611,-0.1462,421.88,47,57,34
RandomPlacer,50,309,True,1.8762,-1,2,0.9701,-0.1282,312.08,37,35,36
RandomPlacer,50,310,True,1.742,-1,3,0.7757,-0.0767,369.13,41,34,32
RandomPlacer,50,311,True,1.9062,-1,5,0.6676,0.1203,331.43,38,28,43
RandomPlacer,50,312,True,1.7488,-1,2,0.9557,0.1026,311.84,38,46,33
RandomPlacer,50,313,True,1.9339,-1,5,0.9551,0.129,406.63,45,46,22
RandomPlacer,50,314,True,1.7689,-1,3,1.046,0.2714,382.06,43,42,27
RandomPlacer,50,315,True,1.791,-1,5,1.022,0.2312,371.37,41,43,36
RandomPlacer,50,316,True,1.8547,-1,2,0.7869,0.1785,305.34,35,46,28
RandomPlacer,50,317,True,1.5985,-1,1,1.0775,0.0254,359.78,40,34,36
RandomPlacer,50,318,True,1.8066,-1,1,1.1755,0.0385,298.53,35,45,23
RandomPlacer,50,319,True,1.828,-1,2,0.8304,0.2378,301.06,31,46,14
RandomPlacer,50,320,True,1.962,-1,4,0.7959,-0.3187,269.09,32,39,20
RandomPlacer,50,321,True,1.7469,-1,5,1.2018,0.0169,352.35,42,50,40
RandomPlacer,50,322,True,1.9314,-1,4,1.109,-0.2942,392.11,44,47,42
RandomPlacer,50,323,True,1.4698,-1,2,1.0208,-0.3496,312.64,36,39,42
RandomPlacer,50,324,True,1.7194,-1,2,0.81,0.0725,364.51,40,48,23
RandomPlacer,50,325,True,1.8158,-1,5,0.9803,-0.1348,333.87,37,29,23
RandomPlacer,50,326,True,1.7697,-1,3,1.1975,-0.098,358.98,40,42,31
RandomPlacer,50,327,True,1.6431,-1,2,1.2457,0.25,313.76,35,42,25
RandomPlacer,50,328,True,1.7933,-1,4,1.1875,0.0211,403.46,44,55,36
RandomPlacer,50,329,True,1.6736,-1,4,0.9244,-0.0797,368.69,41,43,46
RandomPlacer,50,330,True,1.7863,-1,2,1.0722,-0.3235,266.8,30,35,32
RandomPlacer,50,331,True,1.6589,-1,4,0.8415,0.0506,392.46,43,54,40
RandomPlacer,50,332,True,1.7601,-1,2,0.7654,-0.1561,383.18,45,40,35
RandomPlacer,50,333,True,1.8188,-1,4,0.9395,0.1649,400.66,46,52,28
RandomPlacer,50,334,True,1.5029,-1,1,0.9268,0.1828,360.63,41,41,28
RandomPlacer,50,335,True,1.9436,-1,4,0.89,0.0143,328.22,40,36,23
RandomPlacer,50,336,True,1.5451,-1,1,1.1134,-0.065,406.43,46,52,21
RandomPlacer,50,337,True,1.6574,-1,5,0.9474,0.0857,345.79,38,38,22
RandomPlacer,50,338,True,1.7736,-1,5,0.6736,0.0956,422.06,47,51,30
RandomPlacer,50,339,True,1.6845,-1,2,0.9948,0.1647,263.9,31,37,27
RandomPlacer,50,340,True,1.6237,-1,1,1.1234,0.1077,312.7,37,33,19
RandomPlacer,50,341,True,1.8989,-1,5,0.8622,0.0965,262.74,30,32,33
RandomPlacer,50,342,True,1.6064,-1,2,1.284,0.4346,218.9,27,33,37
RandomPlacer,50,343,True,1.8795,-1,4,0.8652,-0.0299,342.04,39,32,35
RandomPlacer,50,344,True,1.9137,-1,7,0.8481,-0.0766,337.74,39,33,29
RandomPlacer,50,345,True,1.7064,-1,2,0.9446,-0.1824,323.66,38,36,30
RandomPlacer,50,346,True,1.8194,-1,1,1.0266,-0.0813,285.99,33,31,21
RandomPlacer,50,347,True,1.7465,-1,4,0.6202,0.1065,404.03,45,47,33
RandomPlacer,50,348,True,1.8203,-1,2,1.2287,0.0632,418.73,48,47,31
RandomPlacer,50,349,True,1.8535,-1,4,1.2391,-0.2531,428.46,48,61,40
RandomPlacer,50,350,True,1.8824,-1,4,0.8185,-0.2323,418.03,46,42,43
RandomPlacer,50,351,True,1.7585,-1,3,0.81,0.0667,350.11,39,35,33
RandomPlacer,50,352,True,1.7847,-1,6,1.1773,0.0305,411.21,45,46,36
RandomPlacer,50,353,True,1.9068,-1,3,0.9146,-0.1662,460.73,49,52,28
RandomPlacer,50,354,True,1.8838,-1,6,0.89,-0.0877,340.36,40,36,28
RandomPlacer,50,355,True,1.962,-1,3,1.0469,0.2044,275.5,32,36,23
RandomPlacer,50,356,True,1.7128,-1,3,1.0194,0.2597,395.48,40,43,35
RandomPlacer,50,357,True,1.7633,-1,3,1.0035,0.0386,301.34,34,42,25
RandomPlacer,50,358,True,1.8834,-1,4,1.0723,-0.1247,399.9,44,50,27
RandomPlacer,50,359,True,1.852,-1,2,0.9097,0.0176,313.06,36,45,35
RandomPlacer,50,360,True,1.8518,-1,7,0.8771,0.2479,457.7,49,50,38
RandomPlacer,50,361,True,1.8516,-1,5,0.9204,-0.0053,417.7,38,39,35
RandomPlacer,50,362,True,1.971,-1,4,1.0741,0.1011,411.56,43,54,32
RandomPlacer,50,363,True,1.8817,-1,3,1.0499,-0.4325,343.65,38,40,32
RandomPlacer,50,364,True,1.8656,-1,4,0.8091,0.1847,369.09,43,40,23
RandomPlacer,50,365,True,1.8425,-1,3,0.7773,-0.0691,262.28,32,38,30
RandomPlacer,50,366,True,1.8776,-1,5,1.1752,0.1354,304.77,36,41,37
RandomPlacer,50,367,True,1.7828,-1,3,1.1981,0.3714,296.99,34,37,24
RandomPlacer,50,368,True,1.6256,-1,3,1.0928,-0.3494,319.54,37,50,37
RandomPlacer,50,369,True,1.7801,-1,4,0.9887,0.413,413.2,47,52,37
RandomPlacer,50,370,True,1.7381,-1,1,0.9481,-0.025,345.45,39,40,28
RandomPlacer,50,371,True,1.7849,-1,5,1.0103,0.193,398.05,43,57,26
RandomPlacer,50,372,True,1.9519,-1,7,0.9027,0.0209,443.62,47,58,32
RandomPlacer,50,373,True,1.8544,-1,4,0.6544,0.2421,445.29,44,41,29
RandomPlacer,50,374,True,1.9363,-1,5,1.0927,-0.225,271.86,33,41,27
RandomPlacer,50,375,True,1.7313,-1,4,0.9459,-0.1844,376.81,41,44,37
RandomPlacer,50,376,True,1.7508,-1,6,1.129,0.5158,402.17,46,53,28
RandomPlacer,50,377,True,1.8629,-1,4,0.8425,-0.5385,357.97,45,43,19
RandomPlacer,50,378,True,1.7421,-1,3,1.0429,0.0435,381.35,44,51,46
RandomPlacer,50,379,True,1.6153,-1,4,0.8639,0.4175,366.66,42,60,27
RandomPlacer,50,380,True,1.6548,-1,2,0.6128,-0.1925,337.63,39,28,36
RandomPlacer,50,381,True,1.9326,-1,5,1.0458,0.0286,273.54,34,41,20
RandomPlacer,50,382,True,1.8634,-1,7,1.0882,-0.1789,378.52,43,46,30
RandomPlacer,50,383,True,1.914,-1,5,1.023,-0.091,333.11,39,37,39
RandomPlacer,50,384,True,1.633,-1,4,1.1974,-0.5218,333.89,38,57,33
RandomPlacer,50,385,True,1.7485,-1,5,0.9518,0.0956,351.09,41,50,36
RandomPlacer,50,386,True,1.8733,-1,8,1.24,-0.0603,343.24,39,47,40
RandomPlacer,50,387,True,1.81,-1,4,1.0285,0.287,280.66,34,33,37
RandomPlacer,50,388,True,1.8141,-1,3,1.1933,0.451,375.91,42,53,28
RandomPlacer,50,389,True,1.8076,-1,4,1.0171,-0.0821,302.26,35,42,25
RandomPlacer,50,390,True,1.9078,-1,6,0.8347,-0.252,361.84,44,32,45
RandomPlacer,50,391,True,1.9797,-1,5,0.96,0.2797,299.34,35,42,15
RandomPlacer,50,392,True,1.9299,-1,6,0.8128,-0.066,389.2,45,37,48
RandomPlacer,50,393,True,1.8997,-1,4,0.6842,0.1961,324.08,38,38,33
RandomPlacer,50,394,True,1.7908,-1,4,1.1837,-0.0393,432.87,49,56,45
RandomPlacer,50,395,True,1.744,-1,3,0.8736,-0.2596,318.88,37,42,26
RandomPlacer,50,396,True,1.7057,-1,3,1.0321,-0.45,386.46,45,50,29
RandomPlacer,50,397,True,1.7583,-1,5,0.7074,-0.3273,319.62,39,35,35
RandomPlacer,50,398,True,1.9073,-1,3,0.7967,0.0198,296.27,35,37,27
RandomPlacer,50,399,True,1.7297,-1,2,1.2215,-0.0931,282.75,34,38,26
RandomPlacer,50,400,True,1.8739,-1,3,1.0098,0.0632,387.9,44,39,29
RandomPlacer,50,401,True,1.9077,-1,5,0.9744,0.1045,354.6,40,41,40
RandomPlacer,50,402,True,1.7427,-1,2,1.14,0.3106,347.01,40,44,35
RandomPlacer,50,403,True,1.9054,-1,4,1.1769,0.1175,336.82,39,41,29
RandomPlacer,50,404,True,1.893,-1,4,1.1493,0.2065,360.47,41,47,35
RandomPlacer,50,405,True,1.9334,-1,3,1.0232,0.2559,357.04,42,43,34
RandomPlacer,50,406,True,1.9018,-1,6,0.9941,-0.1001,328.7,39,42,30
RandomPlacer,50,407,True,1.9449,-1,5,1.1319,0.2776,306.76,36,39,30
RandomPlacer,50,408,True,1.6768,-1,3,0.7832,-0.1245,417.99,47,44,38
RandomPlacer,50,409,True,1.8661,-1,6,1.0708,0.5108,343.46,41,39,24
RandomPlacer,50,410,True,1.8351,-1,3,0.6579,0.2105,361.54,41,42,35
RandomPlacer,50,411,True,1.8203,-1,2,0.9552,-0.1406,358.83,42,53,41
RandomPlacer,50,412,True,1.7056,-1,2,1.04,-0.0179,259.7,30,42,22
RandomPlacer,50,413,True,1.8163,-1,6,0.8603,-0.098,304.64,36,37,28
RandomPlacer,50,414,True,1.8105,-1,2,0.6321,-0.1368,396.26,45,40,33
RandomPlacer,50,415,True,1.7714,-1,5,1.121,0.1324,402.76,45,50,30
RandomPlacer,50,416,True,1.8641,-1,2,0.9167,-0.0529,306.72,36,42,23
RandomPlacer,50,417,True,1.5753,-1,2,0.7707,-0.3292,392.09,44,42,28
RandomPlacer,50,418,True,1.7865,-1,6,0.8539,-0.2,307.56,35,33,29
RandomPlacer,50,419,True,1.7156,-1,2,1.1475,-0.2117,353.26,40,42,35
RandomPlacer,50,420,True,1.7899,-1,5,0.7645,0.0583,387.16,44,40,39
RandomPlacer,50,421,True,1.8649,-1,5,1.2196,-0.1814,365.61,35,44,24
RandomPlacer,50,422,True,1.9257,-1,4,0.7336,-0.0321,292.86,34,28,27
RandomPlacer,50,423,True,1.744,-1,4,0.8926,0.3398,329.76,37,31,32
RandomPlacer,50,424,True,1.7199,-1,4,0.8912,0.5383,333.61,37,38,30
RandomPlacer,50,425,True,1.5711,-1,3,0.7772,-0.2265,337.6,37,40,27
RandomPlacer,50,426,True,1.9237,-1,9,1.0196,0.4081,366.29,41,48,38
RandomPlacer,50,427,True,1.6177,-1,1,1.1322,0.3676,253.25,31,42,26
RandomPlacer,50,428,True,1.8858,-1,3,1.2842,0.1078,243.5,29,44,30
RandomPlacer,50,429,True,1.8081,-1,3,0.9086,0.0227,324.96,39,49,35
RandomPlacer,50,430,True,1.9232,-1,5,0.9836,0.1912,335.34,39,47,16
RandomPlacer,50,431,True,1.6667,-1,3,1.0278,-0.0842,317.31,36,42,28
RandomPlacer,50,432,True,1.8579,-1,3,0.8177,-0.3468,449.25,43,49,37
RandomPlacer,50,433,True,1.8458,-1,2,1.0771,-0.2,261.53,32,41,28
RandomPlacer,50,434,True,1.5955,-1,4,0.9775,-0.033,379.92,40,46,17
RandomPlacer,50,435,True,1.8836,-1,3,0.9638,0.2714,339.33,39,35,29
RandomPlacer,50,436,True,1.7532,-1,3,1.113,0.3039,376.27,43,50,29
RandomPlacer,50,437,True,1.7723,-1,4,0.75,0.4142,337.75,40,40,26
RandomPlacer,50,438,True,1.6105,-1,1,0.7958,0.25,288.79,34,44,26
RandomPlacer,50,439,True,1.587,-1,1,0.7874,0.1495,374.35,42,51,34
RandomPlacer,50,440,True,1.7064,-1,2,1.2334,-0.4912,333.77,38,47,34
RandomPlacer,50,441,True,1.819,-1,5,0.8957,0.1026,353.59,42,46,35
RandomPlacer,50,442,True,1.7,-1,4,1.0944,0.0765,347.79,40,47,25
RandomPlacer,50,443,True,1.6744,-1,1,1.3163,-0.3206,245.05,28,40,27
RandomPlacer,50,444,True,1.9439,-1,2,0.6756,-0.2322,295.86,34,33,34
RandomPlacer,50,445,True,1.7637,-1,2,1.2893,-0.0143,391.55,44,56,35
RandomPlacer,50,446,True,1.8862,-1,7,1.19,-0.0221,355.09,40,44,30
RandomPlacer,50,447,True,1.7052,-1,3,0.9421,-0.0695,372.29,43,51,35
RandomPlacer,50,448,True,1.8374,-1,3,1.1327,0.1982,372.58,41,49,28
RandomPlacer,50,449,True,1.742,-1,4,0.8963,0.0368,436.44,49,51,39
RandomPlacer,50,450,True,1.9494,-1,8,1.16,-0.1879,247.05,30,36,20
RandomPlacer,50,451,True,1.8692,-1,4,1.0263,-0.3639,393.51,44,53,29
RandomPlacer,50,452,True,1.9532,-1,4,0.6352,-0.226,408.48,46,40,25
RandomPlacer,50,453,True,1.8084,-1,1,0.7885,0.2222,371.78,43,45,48
RandomPlacer,50,454,True,1.8213,-1,3,0.8348,-0.2045,403.79,47,53,34
RandomPlacer,50,455,True,1.848,-1,2,0.7567,0.1331,273.34,33,32,27
RandomPlacer,50,456,True,1.9254,-1,9,1.4598,-0.3003,335.0,38,56,29
RandomPlacer,50,457,True,1.9489,-1,5,0.7656,-0.2434,415.59,46,52,32
RandomPlacer,50,458,True,1.9194,-1,3,0.7493,-0.032,285.92,33,36,29
RandomPlacer,50,459,True,1.7652,-1,6,1.2307,0.3519,315.07,36,49,32
RandomPlacer,50,460,True,1.8375,-1,2,0.9909,-0.367,368.55,42,46,19
RandomPlacer,50,461,True,1.8817,-1,4,1.1775,0.5088,323.23,37,41,27
RandomPlacer,50,462,True,1.7446,-1,4,0.8718,-0.4259,355.59,39,39,35
RandomPlacer,50,463,True,1.9467,-1,5,0.8244,-0.2412,353.2,40,49,24
RandomPlacer,50,464,True,1.8309,-1,4,0.9008,0.1429,417.83,44,48,31
RandomPlacer,50,465,True,1.875,-1,4,1.1744,-0.2422,355.48,40,49,36
RandomPlacer,50,466,True,1.7934,-1,1,1.151,-0.0681,314.42,35,40,25
RandomPlacer,50,467,True,1.9525,-1,5,0.91,-0.1247,349.5,40,48,39
RandomPlacer,50,468,True,1.6318,-1,1,0.9452,-0.0195,327.52,37,38,35
RandomPlacer,50,469,True,1.9339,-1,3,0.9067,0.266,412.75,45,42,29
RandomPlacer,50,470,True,1.9017,-1,5,1.2096,0.0,324.84,37,40,42
RandomPlacer,50,471,True,1.7283,-1,4,0.5242,0.4022,233.99,28,31,20
RandomPlacer,50,472,True,1.71,-1,3,1.0909,0.3338,407.55,44,44,35
RandomPlacer,50,473,True,1.9062,-1,4,1.0499,0.0246,341.57,38,40,33
RandomPlacer,50,474,True,1.9437,-1,5,1.1381,0.2018,317.29,36,53,38
RandomPlacer,50,475,True,1.8972,-1,6,1.0947,0.4216,257.83,31,39,26
RandomPlacer,50,476,True,1.7687,-1,2,1.1656,-0.3618,263.03,30,41,27
RandomPlacer,50,477,True,1.9948,-1,6,1.1216,-0.1207,324.41,39,58,22
RandomPlacer,50,478,True,1.8984,-1,6,0.996,-0.2242,377.23,42,49,42
RandomPlacer,50,479,True,1.8848,-1,4,0.8185,0.1426,401.81,46,42,39
RandomPlacer,50,480,True,1.6278,-1,3,0.9583,-0.0176,437.51,48,48,18
RandomPlacer,50,481,True,1.9489,-1,6,1.2382,0.1397,338.08,38,44,26
RandomPlacer,50,482,True,1.6973,-1,3,0.9917,0.4123,388.14,44,48,38
RandomPlacer,50,483,True,1.7057,-1,4,1.214,0.063,277.11,33,41,29
RandomPlacer,50,484,True,1.9385,-1,5,1.2653,0.2623,384.01,42,48,32
RandomPlacer,50,485,True,1.9408,-1,6,1.097,0.3504,365.68,41,42,33
RandomPlacer,50,486,True,1.8907,-1,5,1.1139,-0.065,385.43,42,39,25
RandomPlacer,50,487,True,1.8089,-1,2,1.3532,0.1324,247.35,29,44,30
RandomPlacer,50,488,True,1.8356,-1,3,1.0482,0.5421,370.08,41,40,34
RandomPlacer,50,489,True,1.7994,-1,2,0.7591,0.3767,366.65,41,35,26
RandomPlacer,50,490,True,1.884,-1,4,1.0957,0.2962,394.23,43,52,30
RandomPlacer,50,491,True,1.9626,-1,9,1.1134,0.2831,421.66,46,52,49
RandomPlacer,50,492,True,1.9049,-1,6,0.9159,-0.2632,314.56,36,37,29
RandomPlacer,50,493,True,1.5791,-1,2,0.8955,-0.0836,341.88,39,48,28
RandomPlacer,50,494,True,1.3486,-1,2,1.2882,0.2,261.97,31,39,19
RandomPlacer,50,495,True,1.7906,-1,1,1.1177,-0.1374,353.26,39,35,23
RandomPlacer,50,496,True,1.7548,-1,8,0.96,-0.0733,346.92,40,48,29
RandomPlacer,50,497,True,1.8031,-1,3,0.7389,0.3113,465.2,51,47,30
RandomPlacer,50,498,True,1.9289,-1,3,1.2801,-0.275,289.24,33,38,30
RandomPlacer,50,499,True,1.8274,-1,3,1.2666,0.0006,393.82,43,61,35
RandomPlacer,50,500,True,1.6054,-1,2,0.9695,0.3789,351.42,38,52,30
RandomPlacer,50,501,True,1.8323,-1,4,1.2667,0.0559,270.82,30,30,15
RandomPlacer,50,502,True,1.9493,-1,5,0.5922,0.1862,397.27,46,37,34
RandomPlacer,50,503,True,1.7524,-1,3,0.8413,-0.2154,478.45,52,39,38
RandomPlacer,50,504,True,1.9977,-1,5,1.0947,-0.1893,267.54,31,39,21
RandomPlacer,50,505,True,1.8218,-1,5,0.8805,0.0158,393.12,43,50,31
RandomPlacer,50,506,True,1.9223,-1,4,1.0563,-0.1444,298.51,35,41,32
RandomPlacer,50,507,True,1.9585,-1,3,0.9636,-0.0263,243.77,31,33,32
RandomPlacer,50,508,True,1.6569,-1,3,1.0684,0.1265,361.6,41,48,30
RandomPlacer,50,509,True,1.6122,-1,4,0.8384,-0.5588,437.46,50,48,25
RandomPlacer,50,510,True,1.7064,-1,2,1.1939,-0.033,341.75,38,48,22
RandomPlacer,50,511,True,1.794,-1,3,0.7128,-0.0915,385.23,43,31,39
RandomPlacer,50,512,True,1.7588,-1,2,0.94,0.0632,339.43,40,44,38
RandomPlacer,50,513,True,1.7894,-1,5,1.3774,0.1233,329.63,38,43,31
RandomPlacer,50,514,True,1.9437,-1,9,0.9321,-0.3324,318.19,36,40,27
RandomPlacer,50,515,True,1.7832,-1,6,1.1278,-0.3669,325.81,37,48,33
RandomPlacer,50,516,True,1.8707,-1,7,1.0957,0.1912,389.79,43,52,22
RandomPlacer,50,517,True,1.6034,-1,1,1.0421,-0.0078,431.7,47,48,37
RandomPlacer,50,518,True,1.7231,-1,5,0.7806,-0.1087,371.7,42,39,38
RandomPlacer,50,519,True,1.8459,-1,4,1.1801,0.2765,341.25,38,52,31
RandomPlacer,50,520,True,1.847,-1,2,1.0562,0.0794,323.32,37,53,26
RandomPlacer,50,521,True,1.8623,-1,6,0.9811,0.1581,394.9,43,54,35
RandomPlacer,50,522,True,1.6424,-1,1,0.7958,0.3579,290.76,34,44,29
RandomPlacer,50,523,True,1.8574,-1,3,1.0375,0.055,353.97,40,50,43
RandomPlacer,50,524,True,1.9238,-1,4,0.9219,-0.0809,286.03,32,28,21
RandomPlacer,50,525,True,1.827,-1,8,1.0096,-0.2776,376.3,42,47,28
RandomPlacer,50,526,True,1.8449,-1,4,0.8828,0.0406,417.89,46,38,32
RandomPlacer,50,527,True,1.5061,-1,1,1.1412,0.4417,376.9,43,56,44
RandomPlacer,50,528,True,1.4401,-1,2,0.8889,0.3848,319.63,36,48,31
RandomPlacer,50,529,True,1.8203,-1,5,0.9433,0.1065,369.13,42,46,28
RandomPlacer,50,530,True,1.6683,-1,3,0.9173,0.5013,366.7,41,45,30
RandomPlacer,50,531,True,1.7832,-1,3,0.9072,0.0346,425.19,47,55,31
RandomPlacer,50,532,True,1.9175,-1,5,1.2747,-0.3011,245.18,29,30,24
RandomPlacer,50,533,True,1.7325,-1,2,1.0339,-0.3299,366.59,41,36,37
RandomPlacer,50,534,True,1.9474,-1,8,0.9995,0.1587,355.81,43,44,39
RandomPlacer,50,535,True,1.8386,-1,3,1.3586,0.1429,374.53,43,38,33
RandomPlacer,50,536,True,1.8216,-1,3,0.8818,0.0221,276.19,32,27,21
RandomPlacer,50,537,True,1.7503,-1,4,0.9463,-0.0109,396.84,44,48,41
RandomPlacer,50,538,True,1.6894,-1,1,1.0446,0.2107,245.75,28,35,24
RandomPlacer,50,539,True,1.8424,-1,3,1.0727,0.5607,295.24,35,39,25
RandomPlacer,50,540,True,1.7198,-1,3,0.8611,0.0909,390.91,44,51,17
RandomPlacer,50,541,True,1.9363,-1,7,0.7431,-0.3409,425.18,48,44,44
RandomPlacer,50,542,True,1.794,-1,3,0.8751,-0.1316,408.61,43,47,32
RandomPlacer,50,543,True,1.8366,-1,3,0.9097,-0.1209,316.67,36,33,24
RandomPlacer,50,544,True,1.8225,-1,2,0.9149,0.0191,436.53,48,50,38
RandomPlacer,50,545,True,1.7982,-1,3,0.8912,0.3,337.02,37,38,35
RandomPlacer,50,546,True,1.8197,-1,4,0.966,-0.0466,478.79,52,66,21
RandomPlacer,50,547,True,1.8533,-1,5,1.0169,-0.1215,438.49,48,51,32
RandomPlacer,50,548,True,1.7806,-1,4,1.3594,0.0965,275.61,32,36,27
RandomPlacer,50,549,True,1.9098,-1,6,1.3402,-0.2577,389.28,43,39,40
RandomPlacer,50,550,True,1.7595,-1,3,1.0573,0.0,378.29,42,47,25
RandomPlacer,50,551,True,1.8661,-1,3,1.0434,-0.3088,376.08,41,38,34
RandomPlacer,50,552,True,1.9166,-1,6,1.1094,-0.1464,287.3,32,36,24
RandomPlacer,50,553,True,1.7629,-1,2,0.9584,0.1441,272.27,35,31,25
RandomPlacer,50,554,True,1.8387,-1,5,0.8176,0.2165,452.89,50,66,44
RandomPlacer,50,555,True,1.9668,-1,6,0.9956,0.1532,400.34,45,48,38
RandomPlacer,50,556,True,1.8251,-1,3,1.06,-0.4436,345.73,40,48,31
RandomPlacer,50,557,True,1.9201,-1,3,1.4097,0.0607,321.84,36,45,22
RandomPlacer,50,558,True,1.9373,-1,4,0.9164,-0.1471,259.37,33,38,28
RandomPlacer,50,559,True,1.8262,-1,2,0.9698,0.2324,414.71,46,54,25
RandomPlacer,50,560,True,1.8497,-1,4,1.2784,0.0681,300.76,35,32,23
RandomPlacer,50,561,True,1.8054,-1,3,1.0194,-0.3174,351.05,40,37,37
RandomPlacer,50,562,True,1.7107,-1,2,0.8901,-0.3676,305.65,34,39,24
RandomPlacer,50,563,True,1.6354,-1,4,1.1439,-0.0571,325.31,37,42,32
RandomPlacer,50,564,True,1.7983,-1,2,1.1814,-0.214,349.3,41,49,36
RandomPlacer,50,565,True,1.7573,-1,5,0.8869,-0.1393,404.42,45,52,34
RandomPlacer,50,566,True,1.8905,-1,5,0.8172,-0.092,343.62,38,32,34
RandomPlacer,50,567,True,1.9219,-1,4,1.1869,0.0234,315.77,35,39,29
RandomPlacer,50,568,True,1.8444,-1,8,0.729,0.0123,327.86,37,38,28
RandomPlacer,50,569,True,1.7747,-1,2,1.0335,-0.5455,298.85,35,43,22
RandomPlacer,50,570,True,1.8069,-1,4,1.0233,-0.0637,234.81,30,33,21
RandomPlacer,50,571,True,1.8641,-1,3,1.3395,-0.2361,312.46,36,44,36
RandomPlacer,50,572,True,1.8513,-1,3,0.9108,0.0797,426.99,47,50,34
RandomPlacer,50,573,True,1.7907,-1,1,1.0308,0.1403,435.91,48,61,38
RandomPlacer,50,574,True,1.7578,-1,2,0.9162,-0.0702,435.35,48,41,35
RandomPlacer,50,575,True,1.8672,-1,2,1.2462,0.1765,311.65,37,49,32
RandomPlacer,50,576,True,1.777,-1,3,1.3021,-0.1397,288.23,33,43,28
RandomPlacer,50,577,True,1.8313,-1,5,0.54,0.2352,348.75,40,36,22
RandomPlacer,50,578,True,1.774,-1,4,0.9412,0.2357,271.8,34,34,24
RandomPlacer,50,579,True,1.4949,-1,3,0.7912,0.1863,434.04,48,41,28
RandomPlacer,50,580,True,1.8744,-1,5,0.9504,-0.0588,476.14,50,68,31
RandomPlacer,50,581,True,1.8362,-1,4,0.8388,-0.0706,359.73,41,46,28
RandomPlacer,50,582,True,1.9023,-1,3,0.9244,-0.1735,342.74,40,49,29
RandomPlacer,50,583,True,1.6253,-1,2,1.0232,0.3529,357.35,41,58,34
RandomPlacer,50,584,True,1.6593,-1,3,0.9525,-0.4715,396.59,44,42,32
RandomPlacer,50,585,True,1.882,-1,4,0.9305,0.3333,439.25,46,43,25
RandomPlacer,50,586,True,1.914,-1,4,0.7627,-0.0287,335.95,39,32,37
RandomPlacer,50,587,True,1.9184,-1,4,1.027,-0.2052,361.68,37,37,29
RandomPlacer,50,588,True,1.7674,-1,1,1.4646,0.0175,362.55,41,52,38
RandomPlacer,50,589,True,1.728,-1,3,0.8837,0.2766,337.26,38,34,33
RandomPlacer,50,590,True,1.7647,-1,3,0.7645,-0.4314,363.1,38,44,30
RandomPlacer,50,591,True,1.7231,-1,5,0.9048,0.1098,370.92,42,42,33
RandomPlacer,50,592,True,1.8997,-1,4,1.0222,0.1208,366.12,38,52,33
RandomPlacer,50,593,True,1.7636,-1,1,0.962,-0.0228,425.39,42,37,26
RandomPlacer,50,594,True,1.6865,-1,3,0.7919,0.0613,234.2,29,30,27
RandomPlacer,50,595,True,1.795,-1,4,0.9303,-0.2597,368.07,42,51,37
RandomPlacer,50,596,True,1.8009,-1,2,0.5402,0.1,412.11,45,34,40
RandomPlacer,50,597,True,1.7516,-1,3,0.8418,0.3412,302.27,36,41,22
RandomPlacer,50,598,True,1.8178,-1,3,0.9681,0.4706,422.17,43,39,26
RandomPlacer,50,599,True,1.9368,-1,6,0.7103,-0.1361,370.49,41,47,37
RandomPlacer,50,600,True,1.8889,-1,2,0.7805,-0.2588,369.21,41,41,25
RandomPlacer,50,601,True,1.8069,-1,2,1.0667,-0.414,252.4,30,30,28
RandomPlacer,50,602,True,1.8564,-1,3,1.1556,0.1323,406.55,45,45,40
RandomPlacer,50,603,True,1.8089,-1,5,1.132,0.3427,241.33,29,40,22
RandomPlacer,50,604,True,1.8038,-1,3,0.7651,-0.1682,439.76,47,40,31
RandomPlacer,50,605,True,1.9344,-1,3,0.8173,0.0824,286.23,33,43,25
RandomPlacer,50,606,True,1.7828,-1,4,1.2082,-0.1723,309.67,35,40,25
RandomPlacer,50,607,True,1.6386,-1,2,0.9865,-0.1534,394.84,43,48,38
RandomPlacer,50,608,True,1.8263,-1,5,1.1378,-0.3218,406.47,45,51,30
RandomPlacer,50,609,True,1.69,-1,2,0.7536,0.113,394.19,44,31,37
RandomPlacer,50,610,True,1.8444,-1,5,0.9847,0.2157,335.81,37,50,28
RandomPlacer,50,611,True,1.8467,-1,3,0.7371,-0.0238,384.51,44,39,38
RandomPlacer,50,612,True,1.8093,-1,5,1.0677,-0.1404,401.28,44,45,28
RandomPlacer,50,613,True,1.893,-1,9,0.7626,0.0853,374.8,43,40,33
RandomPlacer,50,614,True,1.8357,-1,2,0.4898,-0.4216,300.08,35,25,26
RandomPlacer,50,615,True,1.633,-1,3,1.0201,0.3053,332.21,38,41,29
RandomPlacer,50,616,True,1.6957,-1,3,1.0826,-0.2982,397.92,44,40,29
RandomPlacer,50,617,True,1.9035,-1,7,1.0096,0.2487,382.88,42,37,25
RandomPlacer,50,618,True,1.8625,-1,7,0.7569,0.1827,327.2,38,35,34
RandomPlacer,50,619,True,1.5275,-1,1,0.9969,0.0857,323.94,36,38,28
RandomPlacer,50,620,True,1.8489,-1,4,0.8181,0.2157,320.73,37,45,29
RandomPlacer,50,621,True,1.876,-1,4,1.0824,-0.4505,311.68,35,37,25
RandomPlacer,50,622,True,1.832,-1,5,0.9969,0.2426,296.91,36,38,25
RandomPlacer,50,623,True,1.9246,-1,3,0.9889,0.5882,346.93,38,34,29
RandomPlacer,50,624,True,1.966,-1,5,0.7188,0.1399,228.84,27,31,21
RandomPlacer,50,625,True,1.7992,-1,4,0.8096,0.0429,326.09,38,35,25
RandomPlacer,50,626,True,1.8447,-1,2,0.8685,-0.0564,274.8,34,38,20
RandomPlacer,50,627,True,1.9562,-1,7,0.9763,-0.194,312.41,35,43,35
RandomPlacer,50,628,True,1.7385,-1,4,0.7454,-0.1008,389.59,44,47,33
RandomPlacer,50,629,True,1.9409,-1,3,1.2155,-0.093,331.62,37,36,29
RandomPlacer,50,630,True,1.6561,-1,2,0.9972,-0.2405,298.02,33,39,29
RandomPlacer,50,631,True,1.8035,-1,7,1.0059,0.1462,427.25,47,56,29
RandomPlacer,50,632,True,1.7904,-1,4,0.9167,-0.4505,295.87,36,42,19
RandomPlacer,50,633,True,1.809,-1,3,0.9146,-0.1091,263.8,33,48,14
RandomPlacer,50,634,True,1.9065,-1,4,1.2287,0.0392,281.65,33,42,30
RandomPlacer,50,635,True,1.5782,-1,1,1.1238,-0.0526,275.54,31,37,34
RandomPlacer,50,636,True,1.8482,-1,4,0.8086,-0.2121,241.33,29,25,16
RandomPlacer,50,637,True,1.8769,-1,5,1.2483,-0.0632,439.65,48,46,35
RandomPlacer,50,638,True,1.799,-1,2,0.5743,0.1727,381.76,42,31,31
RandomPlacer,50,639,True,1.8829,-1,6,0.9072,0.4036,333.96,37,41,23
RandomPlacer,50,640,True,1.771,-1,3,0.7222,-0.0265,313.69,36,36,28
RandomPlacer,50,641,True,1.8085,-1,2,1.0824,0.2735,305.23,35,33,30
RandomPlacer,50,642,True,1.9072,-1,3,0.6439,0.0262,450.1,49,36,43
RandomPlacer,50,643,True,1.7056,-1,2,0.9216,0.0247,408.04,43,47,33
RandomPlacer,50,644,True,1.8129,-1,4,0.6544,0.1123,363.18,38,29,27
RandomPlacer,50,645,True,1.685,-1,2,0.8915,-0.0175,344.95,39,42,38
RandomPlacer,50,646,True,1.9344,-1,5,0.966,0.0456,292.3,33,31,29
RandomPlacer,50,647,True,1.8274,-1,5,1.1015,-0.2426,324.34,37,40,27
RandomPlacer,50,648,True,1.8493,-1,5,1.0062,-0.1,312.35,36,44,21
RandomPlacer,50,649,True,1.9028,-1,6,1.2386,-0.1364,432.01,47,62,35
RandomPlacer,50,650,True,1.7816,-1,2,0.8594,0.3594,353.02,40,35,33
RandomPlacer,50,651,True,1.9167,-1,2,1.2989,0.2966,267.37,30,29,26
RandomPlacer,50,652,True,1.8402,-1,2,1.2049,-0.1559,305.11,35,48,29
RandomPlacer,50,653,True,1.7503,-1,5,0.8905,0.1709,404.67,44,50,37
RandomPlacer,50,654,True,1.7894,-1,4,1.2715,0.0568,333.45,38,46,34
RandomPlacer,50,655,True,1.6676,-1,3,0.907,0.3338,389.86,44,42,30
RandomPlacer,50,656,True,1.9241,-1,4,1.0177,-0.0206,255.7,31,44,23
RandomPlacer,50,657,True,1.9583,-1,6,1.2137,0.1792,358.57,42,43,38
RandomPlacer,50,658,True,1.8619,-1,4,1.0666,-0.0464,297.35,34,39,25
RandomPlacer,50,659,True,1.4221,-1,2,0.8179,-0.2451,355.55,39,37,28
RandomPlacer,50,660,True,1.6127,-1,3,0.7863,0.1248,442.67,49,38,36
RandomPlacer,50,661,True,1.8271,-1,4,1.0851,0.1927,419.55,46,48,35
RandomPlacer,50,662,True,1.6205,-1,2,0.8609,0.3099,254.87,29,30,26
RandomPlacer,50,663,True,1.8688,-1,2,1.2806,0.0059,237.77,28,30,26
RandomPlacer,50,664,True,1.8637,-1,3,0.9979,0.0356,381.51,44,42,35
RandomPlacer,50,665,True,1.5137,-1,1,1.2873,-0.1364,349.55,41,44,28
RandomPlacer,50,666,True,1.8333,-1,5,0.9116,-0.0155,322.73,37,48,24
RandomPlacer,50,667,True,1.8141,-1,3,1.1565,0.6071,381.47,42,54,24
RandomPlacer,50,668,True,1.8789,-1,5,0.8951,0.4196,324.34,36,44,22
RandomPlacer,50,669,True,1.6311,-1,2,0.6955,0.3775,380.7,43,45,37
RandomPlacer,50,670,True,1.877,-1,4,0.8483,-0.1039,366.83,41,38,41
RandomPlacer,50,671,True,1.7323,-1,3,1.0609,0.0242,326.17,38,46,21
RandomPlacer,50,672,True,1.6425,-1,3,1.0028,-0.032,374.33,42,59,29
RandomPlacer,50,673,True,1.848,-1,4,0.8177,0.0588,388.89,43,49,27
RandomPlacer,50,674,True,1.8381,-1,5,0.9726,-0.087,385.37,44,41,31
RandomPlacer,50,675,True,1.6825,-1,3,1.0512,0.0128,422.57,47,60,34
RandomPlacer,50,676,True,1.9357,-1,7,1.2422,-0.2402,302.33,34,48,28
RandomPlacer,50,677,True,1.8696,-1,6,0.8048,0.0737,310.07,36,37,33
RandomPlacer,50,678,True,1.8542,-1,7,0.7694,0.2109,347.77,40,37,43
RandomPlacer,50,679,True,1.9367,-1,4,1.0526,-0.3938,318.71,38,38,40
RandomPlacer,50,680,True,1.8979,-1,2,0.9282,0.1143,305.86,34,41,21
RandomPlacer,50,681,True,1.8314,-1,4,1.2505,-0.0774,346.49,39,36,33
RandomPlacer,50,682,True,1.9363,-1,4,1.0376,-0.5335,286.78,33,38,33
RandomPlacer,50,683,True,1.7382,-1,3,1.1196,0.1744,320.64,36,41,31
RandomPlacer,50,684,True,1.8741,-1,4,1.0586,0.3187,255.37,32,34,25
RandomPlacer,50,685,True,1.5804,-1,1,0.7612,0.3235,281.66,34,32,25
RandomPlacer,50,686,True,1.7337,-1,2,0.8172,-0.0727,352.39,38,44,36
RandomPlacer,50,687,True,1.7459,-1,2,0.6482,0.6509,301.25,35,26,26
RandomPlacer,50,688,True,1.8736,-1,3,0.8328,0.0177,378.62,42,43,42
RandomPlacer,50,689,True,1.9665,-1,6,1.1185,-0.2241,368.79,42,55,30
RandomPlacer,50,690,True,1.7589,-1,2,0.8363,-0.1208,383.51,44,47,33
RandomPlacer,50,691,True,1.733,-1,3,0.9732,0.0677,369.02,41,43,30
RandomPlacer,50,692,True,1.7722,-1,2,1.1728,0.4923,314.53,36,44,28
RandomPlacer,50,693,True,1.825,-1,4,0.911,-0.0684,300.12,35,33,29
RandomPlacer,50,694,True,1.9063,-1,5,0.8305,-0.4725,439.66,49,57,24
RandomPlacer,50,695,True,1.8275,-1,5,1.1814,-0.4039,379.26,42,46,32
RandomPlacer,50,696,True,1.9845,-1,10,0.833,0.2353,447.91,49,52,19
RandomPlacer,50,697,True,1.8796,-1,3,1.0303,-0.0649,285.69,32,33,24
RandomPlacer,50,698,True,1.7704,-1,2,1.0044,0.0762,409.57,45,54,37
RandomPlacer,50,699,True,1.3688,-1,2,1.2702,-0.3807,230.43,27,44,37
RandomPlacer,50,700,True,1.7242,-1,3,1.0434,0.1265,375.51,41,44,26
RandomPlacer,50,701,True,1.9257,-1,5,0.9723,0.25,301.97,34,44,25
RandomPlacer,50,702,True,1.8481,-1,4,0.7548,0.2592,336.02,39,29,37
RandomPlacer,50,703,True,1.6692,-1,2,1.0723,-0.2511,393.59,44,50,30
RandomPlacer,50,704,True,1.8268,-1,5,0.8693,-0.0545,399.83,44,55,35
RandomPlacer,50,705,True,1.8279,-1,5,1.0622,-0.8061,229.06,30,32,16
RandomPlacer,50,706,True,1.8385,-1,7,1.0579,0.2193,396.77,44,52,30
RandomPlacer,50,707,True,1.6256,-1,1,0.9701,-0.5294,329.02,37,39,28
RandomPlacer,50,708,True,1.8413,-1,4,1.1937,-0.2789,301.77,36,55,31
RandomPlacer,50,709,True,1.7643,-1,2,0.7273,0.0835,401.9,44,44,34
RandomPlacer,50,710,True,1.8504,-1,3,0.7647,0.2298,384.63,42,31,26
RandomPlacer,50,711,True,1.6423,-1,1,1.0625,0.1273,437.18,48,60,31
RandomPlacer,50,712,True,1.7178,-1,2,1.0085,-0.0932,316.11,36,41,35
RandomPlacer,50,713,True,1.8834,-1,5,1.0718,-0.1286,394.51,44,57,27
RandomPlacer,50,714,True,1.6821,-1,1,0.9336,-0.1429,270.77,32,30,22
RandomPlacer,50,715,True,1.6828,-1,5,0.911,0.1971,298.57,35,37,26
RandomPlacer,50,716,True,1.9846,-1,7,1.0434,0.3357,373.36,41,38,32
RandomPlacer,50,717,True,1.7206,-1,8,0.9717,-0.0922,349.51,39,37,32
RandomPlacer,50,718,True,1.9345,-1,7,0.5956,0.0471,247.1,30,22,24
RandomPlacer,50,719,True,1.8789,-1,4,1.1006,-0.1338,346.89,39,48,29
RandomPlacer,50,720,True,1.6188,-1,1,1.046,0.223,415.88,43,44,26
RandomPlacer,50,721,True,1.7928,-1,3,0.8185,-0.3039,416.07,47,42,25
RandomPlacer,50,722,True,1.883,-1,7,0.7344,-0.2132,298.15,34,33,23
RandomPlacer,50,723,True,1.8335,-1,3,0.8889,0.0912,305.53,36,36,25
RandomPlacer,50,724,True,1.8622,-1,6,0.9037,0.1353,333.14,38,43,23
RandomPlacer,50,725,True,1.9657,-1,5,0.8677,0.0647,349.91,38,37,22
RandomPlacer,50,726,True,1.8838,-1,5,1.1944,0.2405,352.92,40,47,31
RandomPlacer,50,727,True,1.9294,-1,7,0.81,0.0234,359.71,40,32,35
RandomPlacer,50,728,True,1.5734,-1,2,0.9204,-0.0593,357.54,39,37,19
RandomPlacer,50,729,True,1.671,-1,2,0.7704,-0.2302,446.11,48,49,37
RandomPlacer,50,730,True,1.6479,-1,1,1.1059,-0.5429,244.49,28,41,8
RandomPlacer,50,731,True,1.8315,-1,3,1.1807,-0.0935,335.14,38,47,35
RandomPlacer,50,732,True,1.7571,-1,3,1.1616,0.261,377.9,42,39,36
RandomPlacer,50,733,True,1.8637,-1,5,1.2747,0.4196,240.26,29,28,21
RandomPlacer,50,734,True,1.7543,-1,2,0.7701,0.087,395.94,43,52,36
RandomPlacer,50,735,True,1.727,-1,3,0.954,0.1235,326.4,37,47,24
RandomPlacer,50,736,True,1.8776,-1,2,1.0833,0.3714,321.38,36,30,35
RandomPlacer,50,737,True,1.8681,-1,4,1.0975,-0.0195,368.98,40,42,30
RandomPlacer,50,738,True,1.8893,-1,8,0.7773,-0.2143,414.22,45,44,22
RandomPlacer,50,739,True,1.8375,-1,2,0.8549,-0.0751,376.03,42,40,35
RandomPlacer,50,740,True,1.5217,-1,1,0.9511,0.1228,339.48,37,57,31
RandomPlacer,50,741,True,1.9699,-1,6,0.6636,-0.1166,315.59,36,38,31
RandomPlacer,50,742,True,1.886,-1,2,0.7851,-0.1005,381.93,42,41,30
RandomPlacer,50,743,True,1.8705,-1,6,1.0225,0.1455,262.44,32,35,17
RandomPlacer,50,744,True,1.7697,-1,3,0.96,-0.1036,335.5,40,48,26
RandomPlacer,50,745,True,1.7924,-1,5,0.9029,-0.1275,293.09,35,42,28
RandomPlacer,50,746,True,1.9472,-1,6,0.6532,0.2912,361.48,41,38,30
RandomPlacer,50,747,True,1.7233,-1,1,0.7725,-0.0052,301.14,34,39,29
RandomPlacer,50,748,True,1.9088,-1,4,1.1378,-0.0782,391.5,45,51,30
RandomPlacer,50,749,True,1.6983,-1,3,0.7183,-0.2091,428.53,48,43,32
RandomPlacer,50,750,True,1.8775,-1,3,0.9012,0.1455,307.34,35,39,31
RandomPlacer,50,751,True,1.8826,-1,4,0.721,0.3313,409.85,45,40,30
RandomPlacer,50,752,True,1.8447,-1,5,0.9836,0.5613,303.01,34,45,24
RandomPlacer,50,753,True,1.6435,-1,1,0.7181,0.1,233.06,28,23,26
RandomPlacer,50,754,True,1.8444,-1,5,0.8035,-0.0909,316.04,37,48,19
RandomPlacer,50,755,True,1.8669,-1,3,0.9224,0.1993,338.41,38,44,37
RandomPlacer,50,756,True,1.8089,-1,3,0.8694,0.0827,350.6,40,43,36
RandomPlacer,50,757,True,1.7548,-1,3,1.0244,0.1053,367.35,40,49,34
RandomPlacer,50,758,True,1.8594,-1,4,0.9525,0.0274,404.61,44,46,41
RandomPlacer,50,759,True,1.6877,-1,3,0.6354,-0.2615,319.38,33,32,23
RandomPlacer,50,760,True,1.67,-1,3,0.8082,-0.1813,316.46,35,40,22
RandomPlacer,50,761,True,1.8608,-1,5,1.2001,-0.1435,374.33,42,47,40
RandomPlacer,50,762,True,1.7752,-1,4,0.7485,0.3156,400.55,43,32,30
RandomPlacer,50,763,True,1.9463,-1,9,1.1025,0.0614,323.39,38,40,29
RandomPlacer,50,764,True,1.8346,-1,2,0.892,0.3338,339.0,38,40,31
RandomPlacer,50,765,True,1.9532,-1,7,0.8984,-0.1341,405.54,46,59,21
RandomPlacer,50,766,True,1.7829,-1,4,0.7194,0.2882,346.29,40,43,27
RandomPlacer,50,767,True,1.8762,-1,4,0.5084,0.0695,327.12,37,28,36
RandomPlacer,50,768,True,1.6768,-1,2,0.9851,-0.5441,376.45,41,46,27
RandomPlacer,50,769,True,1.8228,-1,2,0.9303,0.3545,268.48,31,37,16
RandomPlacer,50,770,True,1.8016,-1,3,0.9375,0.0684,382.11,40,50,27
RandomPlacer,50,771,True,1.7894,-1,4,1.0851,-0.3043,423.35,46,48,42
RandomPlacer,50,772,True,1.8547,-1,3,0.9682,0.5857,285.79,35,37,29
RandomPlacer,50,773,True,1.996,-1,8,0.9778,0.0636,396.25,45,45,34
RandomPlacer,50,774,True,1.8545,-1,2,1.027,-0.1538,329.86,37,37,35
RandomPlacer,50,775,True,1.9369,-1,7,0.8966,-0.3455,230.9,29,29,20
RandomPlacer,50,776,True,1.5546,-1,5,0.9656,-0.3776,230.25,30,31,20
RandomPlacer,50,777,True,1.8942,-1,4,1.0874,0.1078,421.27,47,65,39
RandomPlacer,50,778,True,1.8669,-1,4,1.3767,-0.2183,341.44,38,46,40
RandomPlacer,50,779,True,1.8965,-1,4,1.0375,-0.1961,349.61,40,50,37
RandomPlacer,50,780,True,1.8213,-1,3,1.1116,0.0474,397.08,44,64,34
RandomPlacer,50,781,True,1.9275,-1,6,1.482,0.0887,337.2,38,46,46
RandomPlacer,50,782,True,1.8449,-1,7,0.9604,-0.0357,459.19,50,57,31
RandomPlacer,50,783,True,1.6186,-1,1,0.8773,-0.3123,421.93,47,53,36
RandomPlacer,50,784,True,1.8687,-1,6,1.0475,0.2402,323.94,37,40,25
RandomPlacer,50,785,True,1.8817,-1,8,1.2071,0.064,378.83,43,41,46
RandomPlacer,50,786,True,1.8937,-1,4,0.8283,0.1297,260.67,31,45,28
RandomPlacer,50,787,True,1.9797,-1,8,0.9143,-0.1614,274.84,35,35,27
RandomPlacer,50,788,True,1.6562,-1,4,1.3518,-0.218,321.55,38,48,33
RandomPlacer,50,789,True,1.9296,-1,5,1.1142,0.2451,305.58,34,36,30
RandomPlacer,50,790,True,1.7014,-1,6,0.9067,-0.015,392.27,45,48,33
RandomPlacer,50,791,True,1.854,-1,5,0.8457,-0.0774,313.76,35,42,35
RandomPlacer,50,792,True,1.8616,-1,7,0.7701,-0.3029,401.72,43,52,20
RandomPlacer,50,793,True,1.9121,-1,4,1.1074,-0.2157,288.82,33,42,33
RandomPlacer,50,794,True,1.9251,-1,4,0.7122,0.4461,299.43,36,29,24
RandomPlacer,50,795,True,1.6926,-1,5,1.2444,0.0561,358.7,40,47,33
RandomPlacer,50,796,True,1.7779,-1,3,1.1412,0.0991,410.18,43,56,34
RandomPlacer,50,797,True,1.9324,-1,6,1.0384,-0.0711,397.92,43,55,33
RandomPlacer,50,798,True,1.9569,-1,3,1.165,-0.033,344.4,39,49,20
RandomPlacer,50,799,True,1.8836,-1,6,1.1141,-0.0593,412.13,48,61,19
RandomPlacer,50,800,True,1.8669,-1,2,1.0499,0.0331,342.29,38,36,36
RandomPlacer,50,801,True,1.8083,-1,4,1.1937,-0.0898,316.41,36,37,34
RandomPlacer,50,802,True,1.898,-1,6,0.942,-0.1785,315.42,35,34,24
RandomPlacer,50,803,True,1.7853,-1,3,0.8182,0.3666,390.41,44,44,34
RandomPlacer,50,804,True,1.7904,-1,3,1.1196,-0.361,318.81,36,41,34
RandomPlacer,50,805,True,1.5691,-1,2,1.002,-0.4211,318.59,39,45,31
RandomPlacer,50,806,True,1.6673,-1,3,0.7867,0.0989,266.33,31,40,22
RandomPlacer,50,807,True,1.8982,-1,4,0.8765,0.3818,316.82,36,40,19
RandomPlacer,50,808,True,1.524,-1,1,1.0241,-0.1688,328.45,37,39,33
RandomPlacer,50,809,True,1.8191,-1,4,1.0321,-0.0831,402.6,45,50,38
RandomPlacer,50,810,True,1.754,-1,3,1.2456,-0.3167,258.52,30,37,14
RandomPlacer,50,811,True,1.819,-1,3,1.2018,0.3271,375.46,42,50,29
RandomPlacer,50,812,True,1.8916,-1,7,1.11,0.0351,351.81,40,48,30
RandomPlacer,50,813,True,1.6616,-1,2,1.2487,-0.063,227.65,28,29,32
RandomPlacer,50,814,True,1.8706,-1,7,1.0493,0.2872,351.01,39,48,35
RandomPlacer,50,815,True,1.7689,-1,5,0.9995,0.2941,392.01,43,44,29
RandomPlacer,50,816,True,1.8083,-1,3,0.8511,-0.1701,326.41,38,33,33
RandomPlacer,50,817,True,1.7723,-1,4,1.0975,0.1323,359.44,40,38,38
RandomPlacer,50,818,True,1.6905,-1,2,0.983,0.2129,417.98,46,52,34
RandomPlacer,50,819,True,1.6768,-1,3,0.9546,-0.2842,343.35,39,54,25
RandomPlacer,50,820,True,1.8473,-1,6,0.9305,0.3868,416.9,46,43,35
RandomPlacer,50,821,True,1.8413,-1,3,0.9875,-0.0221,422.89,40,50,35
RandomPlacer,50,822,True,1.8105,-1,4,0.8257,-0.3175,457.16,47,50,32
RandomPlacer,50,823,True,1.9437,-1,8,0.9021,0.0958,387.09,43,40,44
RandomPlacer,50,824,True,1.7332,-1,2,1.0942,0.0093,326.59,38,34,31
RandomPlacer,50,825,True,1.7954,-1,3,1.0241,0.1105,327.1,37,35,34
RandomPlacer,50,826,True,1.7583,-1,5,1.0112,0.3193,353.23,39,49,30
RandomPlacer,50,827,True,1.7371,-1,4,0.7566,-0.1338,429.75,46,49,38
RandomPlacer,50,828,True,1.8081,-1,2,0.8968,0.4614,337.56,39,38,30
RandomPlacer,50,829,True,1.9699,-1,8,1.0826,-0.3083,321.23,36,37,28
RandomPlacer,50,830,True,1.8735,-1,6,0.9244,-0.0209,388.93,41,43,32
RandomPlacer,50,831,True,1.8925,-1,5,0.66,0.3286,362.4,40,28,29
RandomPlacer,50,832,True,1.9334,-1,5,1.1015,-0.1846,317.79,37,34,38
RandomPlacer,50,833,True,1.8361,-1,4,0.9887,-0.1299,424.64,47,52,32
RandomPlacer,50,834,True,1.6234,-1,1,1.2088,-0.1265,353.9,41,51,43
RandomPlacer,50,835,True,1.6784,-1,4,0.9216,0.0892,385.84,43,47,49
RandomPlacer,50,836,True,1.7633,-1,1,1.0078,0.1748,269.3,34,29,19
RandomPlacer,50,837,True,1.6246,-1,4,0.8968,0.2401,340.4,39,40,34
RandomPlacer,50,838,True,1.8313,-1,6,0.8944,0.032,348.49,40,47,32
RandomPlacer,50,839,True,1.8334,-1,3,1.1744,0.2405,348.15,40,49,30
RandomPlacer,50,840,True,1.7486,-1,5,1.1732,-0.1626,432.36,48,63,41
RandomPlacer,50,841,True,1.9518,-1,5,1.3528,-0.0474,266.91,31,39,30
RandomPlacer,50,842,True,1.8574,-1,5,1.0694,0.1269,373.99,40,43,29
RandomPlacer,50,843,True,1.8178,-1,2,0.6901,0.603,391.22,43,33,30
RandomPlacer,50,844,True,1.9229,-1,6,1.3878,0.0391,396.88,43,53,31
RandomPlacer,50,845,True,1.7403,-1,4,1.1319,0.0243,323.7,36,39,32
RandomPlacer,50,846,True,1.9322,-1,5,0.7665,0.2013,400.59,44,54,28
RandomPlacer,50,847,True,1.8163,-1,4,1.0637,0.486,378.3,41,45,30
RandomPlacer,50,848,True,1.8703,-1,3,0.7027,0.5429,327.46,37,37,25
RandomPlacer,50,849,True,1.6087,-1,5,1.29,-0.0417,323.96,37,48,39
RandomPlacer,50,850,True,1.7057,-1,3,0.9311,0.114,297.9,33,30,27
RandomPlacer,50,851,True,1.9568,-1,9,0.9908,0.1018,382.59,43,62,30
RandomPlacer,50,852,True,1.7231,-1,3,1.2485,0.4107,250.87,29,38,27
RandomPlacer,50,853,True,1.8048,-1,6,0.7415,-0.0571,386.13,42,36,20
RandomPlacer,50,854,True,1.9242,-1,4,0.8209,-0.0346,375.03,42,34,39
RandomPlacer,50,855,True,1.9434,-1,6,0.9769,-0.0052,422.76,47,49,31
RandomPlacer,50,856,True,1.7779,-1,5,0.8554,-0.3805,400.7,44,40,32
RandomPlacer,50,857,True,1.8903,-1,7,0.9529,-0.3676,382.24,43,42,28
RandomPlacer,50,858,True,1.9201,-1,6,1.0455,0.2529,277.32,36,43,24
RandomPlacer,50,859,True,1.8464,-1,3,1.2244,0.3,347.29,40,49,23
RandomPlacer,50,860,True,1.7345,-1,1,0.775,-0.0088,409.12,46,42,29
RandomPlacer,50,861,True,1.7668,-1,5,1.2327,0.2,301.43,35,45,32
RandomPlacer,50,862,True,1.7792,-1,1,1.2094,-0.1679,355.56,40,45,27
RandomPlacer,50,863,True,1.8464,-1,4,0.9694,0.2301,330.87,40,43,31
RandomPlacer,50,864,True,1.7898,-1,4,1.2604,0.1502,330.45,38,40,39
RandomPlacer,50,865,True,1.8497,-1,4,1.0286,0.0586,304.61,35,35,29
RandomPlacer,50,866,True,1.8968,-1,3,1.0201,0.2346,317.16,38,41,35
RandomPlacer,50,867,True,1.832,-1,3,1.1875,-0.3883,311.87,36,45,34
RandomPlacer,50,868,True,1.8256,-1,6,0.6627,0.0466,390.97,44,35,32
RandomPlacer,50,869,True,1.8208,-1,6,1.2252,-0.0735,395.74,44,46,26
RandomPlacer,50,870,True,1.902,-1,4,1.1,0.493,351.25,40,40,28
RandomPlacer,50,871,True,1.8572,-1,1,1.0588,0.1373,308.49,34,34,22
RandomPlacer,50,872,True,1.6693,-1,1,1.2441,0.2308,300.13,35,46,28
RandomPlacer,50,873,True,1.8766,-1,4,0.8086,0.0637,245.62,29,25,23
RandomPlacer,50,874,True,1.713,-1,4,0.9529,-0.2129,386.26,43,44,34
RandomPlacer,50,875,True,1.975,-1,7,1.122,-0.0532,448.7,49,50,45
RandomPlacer,50,876,True,1.952,-1,7,0.9754,-0.1719,413.62,46,58,29
RandomPlacer,50,877,True,1.9395,-1,7,0.8784,-0.2857,453.7,50,48,29
RandomPlacer,50,878,True,1.891,-1,5,1.023,-0.0559,332.11,39,41,24
RandomPlacer,50,879,True,1.8512,-1,3,0.7842,0.175,272.53,33,31,19
RandomPlacer,50,880,True,1.7895,-1,5,0.8694,-0.2496,347.32,40,37,34
RandomPlacer,50,881,True,1.8067,-1,5,0.9545,-0.0701,400.52,44,44,29
RandomPlacer,50,882,True,1.9339,-1,5,0.7868,-0.0441,422.62,47,46,26
RandomPlacer,50,883,True,1.6619,-1,1,1.1826,0.0175,374.0,41,53,25
RandomPlacer,50,884,True,1.8337,-1,5,0.7406,-0.1765,418.39,47,44,28
RandomPlacer,50,885,True,1.8214,-1,4,1.0267,0.1441,244.79,30,36,24
RandomPlacer,50,886,True,1.7583,-1,1,0.8172,-0.1324,325.99,38,32,30
RandomPlacer,50,887,True,1.823,-1,2,0.8549,-0.1654,376.21,42,40,33
RandomPlacer,50,888,True,1.6583,-1,2,0.6875,-0.4632,282.44,32,24,27
RandomPlacer,50,889,True,1.8724,-1,7,1.1327,-0.0889,359.29,41,49,38
RandomPlacer,50,890,True,1.8303,-1,3,1.0455,0.0287,387.28,44,44,38
RandomPlacer,50,891,True,1.8113,-1,5,0.9931,0.1818,450.28,48,52,44
RandomPlacer,50,892,True,1.6894,-1,4,1.4875,0.3404,385.99,42,50,28
RandomPlacer,50,893,True,1.7827,-1,4,0.8163,-0.5604,441.04,49,49,30
RandomPlacer,50,894,True,1.9032,-1,6,0.69,0.067,417.66,46,32,35
RandomPlacer,50,895,True,1.9427,-1,2,1.0625,0.3271,275.28,32,32,24
RandomPlacer,50,896,True,1.9895,-1,5,0.69,-0.0485,359.36,40,44,32
RandomPlacer,50,897,True,1.9656,-1,7,1.01,0.5172,243.17,30,39,26
RandomPlacer,50,898,True,1.8801,-1,3,0.8871,-0.0526,412.84,46,43,25
RandomPlacer,50,899,True,1.6269,-1,3,0.8901,-0.0464,301.37,34,29,28
RandomPlacer,50,900,True,1.7064,-1,2,0.7806,-0.1176,366.54,42,39,23
RandomPlacer,50,901,True,1.7822,-1,4,1.2244,-0.3688,357.81,40,49,41
RandomPlacer,50,902,True,1.9183,-1,3,1.1067,0.0545,265.0,30,42,21
RandomPlacer,50,903,True,1.922,-1,6,0.8594,0.127,420.76,48,42,31
RandomPlacer,50,904,True,1.7106,-1,4,0.7803,0.7909,282.11,32,31,17
RandomPlacer,50,905,True,1.862,-1,5,1.2817,-0.0147,354.6,42,49,30
RandomPlacer,50,906,True,1.7965,-1,3,1.1059,0.1558,217.41,28,27,29
RandomPlacer,50,907,True,1.8482,-1,2,1.0844,0.3275,256.96,29,33,24
RandomPlacer,50,908,True,1.8806,-1,2,1.0882,-0.087,397.53,43,46,44
RandomPlacer,50,909,True,1.7822,-1,4,1.1756,-0.2045,389.71,44,54,35
RandomPlacer,50,910,True,1.8557,-1,4,1.2049,-0.195,304.08,35,43,32
RandomPlacer,50,911,True,1.7885,-1,2,0.8844,-0.1384,374.3,42,48,46
RandomPlacer,50,912,True,1.8146,-1,2,0.789,0.3602,343.65,39,42,33
RandomPlacer,50,913,True,1.8503,-1,4,1.1019,-0.218,346.37,39,40,33
RandomPlacer,50,914,True,1.6462,-1,2,0.862,-0.2494,303.49,35,43,35
RandomPlacer,50,915,True,1.745,-1,5,1.0677,0.1471,423.05,48,66,29
RandomPlacer,50,916,True,1.9122,-1,8,1.097,0.0178,357.43,41,42,30
RandomPlacer,50,917,True,1.5645,-1,4,1.1863,0.0036,327.18,37,35,19
RandomPlacer,50,918,True,1.7948,-1,6,1.2278,0.1974,302.51,35,34,33
RandomPlacer,50,919,True,1.86,-1,4,1.2304,-0.0496,455.88,50,68,35
RandomPlacer,50,920,True,1.9293,-1,7,1.2766,-0.2451,374.99,42,46,25
RandomPlacer,50,921,True,1.7961,-1,3,1.1248,0.096,418.86,46,60,32
RandomPlacer,50,922,True,1.7101,-1,2,0.9481,0.2752,313.3,37,58,34
RandomPlacer,50,923,True,1.8911,-1,6,0.8685,0.3,362.12,42,50,24
RandomPlacer,50,924,True,1.7996,-1,3,1.0,0.2897,420.71,48,48,33
RandomPlacer,50,925,True,1.7446,-1,1,1.0156,0.1179,303.41,33,40,22
RandomPlacer,50,926,True,1.9197,-1,5,0.8372,0.025,383.48,43,43,23
RandomPlacer,50,927,True,1.789,-1,5,0.9717,0.0714,388.84,39,41,33
RandomPlacer,50,928,True,1.9152,-1,3,0.9927,0.1912,310.89,35,38,25
RandomPlacer,50,929,True,1.778,-1,3,1.063,0.033,252.61,29,40,23
RandomPlacer,50,930,True,1.7895,-1,2,0.9744,0.0313,358.46,40,41,39
RandomPlacer,50,931,True,1.8481,-1,3,1.2281,0.0779,354.92,39,41,34
RandomPlacer,50,932,True,1.6039,-1,2,0.7071,-0.1353,325.76,38,47,30
RandomPlacer,50,933,True,1.9476,-1,7,0.9204,0.5212,349.03,39,41,34
RandomPlacer,50,934,True,1.7651,-1,2,0.8622,0.3,251.39,30,28,16
RandomPlacer,50,935,True,1.884,-1,5,1.0384,0.2208,396.01,43,55,35
RandomPlacer,50,936,True,1.902,-1,3,0.81,-0.2324,355.31,40,48,24
RandomPlacer,50,937,True,1.7099,-1,3,1.1318,-0.5364,262.55,32,37,17
RandomPlacer,50,938,True,1.683,-1,5,0.8367,-0.1373,375.54,42,48,26
RandomPlacer,50,939,True,1.8132,-1,2,0.862,0.2564,422.87,46,42,46
RandomPlacer,50,940,True,1.8496,-1,4,0.9375,0.387,275.46,32,32,33
RandomPlacer,50,941,True,1.7992,-1,2,1.2111,0.1985,361.26,37,46,27
RandomPlacer,50,942,True,1.7556,-1,2,1.0526,0.0617,337.37,38,38,27
RandomPlacer,50,943,True,1.8175,-1,2,0.7654,0.0442,400.73,45,40,43
RandomPlacer,50,944,True,1.8743,-1,2,0.9247,-0.5604,284.89,34,45,20
RandomPlacer,50,945,True,1.8083,-1,7,0.7111,-0.1912,397.94,45,45,27
RandomPlacer,50,946,True,1.7897,-1,2,1.1088,0.1785,378.42,42,54,29
RandomPlacer,50,947,True,1.9078,-1,5,0.7496,0.1026,479.38,52,51,50
RandomPlacer,50,948,True,1.914,-1,2,1.173,0.0301,296.3,34,36,32
RandomPlacer,50,949,True,1.7389,-1,7,0.8908,0.3561,408.0,46,47,33
RandomPlacer,50,950,True,1.8169,-1,6,0.8683,0.4026,428.32,47,44,31
RandomPlacer,50,951,True,1.7744,-1,4,0.6764,-0.1912,318.17,37,31,35
RandomPlacer,50,952,True,1.8901,-1,2,0.9289,-0.0091,251.49,30,28,21
RandomPlacer,50,953,True,1.8903,-1,4,0.8004,-0.1846,392.26,43,38,37
RandomPlacer,50,954,True,1.647,-1,1,1.3151,-0.0442,245.79,29,34,39
RandomPlacer,50,955,True,1.9463,-1,10,0.7822,-0.1063,408.03,45,51,26
RandomPlacer,50,956,True,1.8654,-1,3,1.2777,0.207,303.37,34,45,30
RandomPlacer,50,957,True,1.8154,-1,3,1.0189,0.1316,388.62,46,58,26
RandomPlacer,50,958,True,1.9334,-1,6,0.7772,-0.1319,336.24,37,40,20
RandomPlacer,50,959,True,1.7692,-1,1,1.0,-0.1814,399.09,40,40,29
RandomPlacer,50,960,True,1.7485,-1,3,1.198,0.1233,338.87,37,42,32
RandomPlacer,50,961,True,1.4365,-1,1,0.8005,0.2491,366.99,42,52,32
RandomPlacer,50,962,True,1.6849,-1,2,0.7738,0.2146,451.7,49,47,36
RandomPlacer,50,963,True,1.9428,-1,5,0.8102,0.0841,351.29,41,27,35
RandomPlacer,50,964,True,1.8053,-1,2,0.8692,0.4363,329.34,39,37,30
RandomPlacer,50,965,True,1.661,-1,2,0.9811,0.0827,381.07,43,54,32
RandomPlacer,50,966,True,1.8908,-1,5,1.1671,-0.2256,218.59,28,31,31
RandomPlacer,50,967,True,1.8246,-1,3,0.9018,-0.2176,336.42,41,40,26
RandomPlacer,50,968,True,1.9082,-1,5,1.0533,0.0614,326.33,37,38,31
RandomPlacer,50,969,True,1.7093,-1,4,0.9803,0.027,306.86,37,45,34
RandomPlacer,50,970,True,1.7893,-1,2,0.8269,0.1779,348.45,41,43,27
RandomPlacer,50,971,True,1.8541,-1,6,0.8425,-0.1889,386.44,45,47,31
RandomPlacer,50,972,True,1.8704,-1,3,0.789,0.3643,340.8,39,36,24
RandomPlacer,50,973,True,1.9094,-1,3,1.284,0.4476,229.34,27,33,22
RandomPlacer,50,974,True,1.8947,-1,8,0.7587,-0.0692,408.16,47,43,37
RandomPlacer,50,975,True,1.7678,-1,2,0.9298,-0.3529,215.77,29,30,25
RandomPlacer,50,976,True,1.8596,-1,3,0.9157,0.3228,269.41,31,40,28
RandomPlacer,50,977,True,1.8062,-1,1,1.01,-0.5,254.55,30,51,32
RandomPlacer,50,978,True,1.804,-1,3,1.0744,0.5571,354.66,40,49,31
RandomPlacer,50,979,True,1.8258,-1,6,0.9681,0.0632,384.65,43,47,32
RandomPlacer,50,980,True,1.864,-1,4,0.8425,0.17,399.33,45,43,33
RandomPlacer,50,981,True,1.7858,-1,6,1.1011,0.1515,319.38,36,43,14
RandomPlacer,50,982,True,1.7251,-1,5,1.0035,0.042,293.52,34,42,20
RandomPlacer,50,983,True,1.7026,-1,3,0.8531,0.2941,379.51,41,42,23
RandomPlacer,50,984,True,1.8299,-1,3,0.5273,0.2363,277.98,32,38,21
RandomPlacer,50,985,True,1.8362,-1,4,0.6924,0.0559,386.98,41,36,31
RandomPlacer,50,986,True,1.9293,-1,2,1.1185,-0.0735,374.15,42,43,26
RandomPlacer,50,987,True,1.877,-1,6,0.6829,0.1714,367.93,41,41,33
RandomPlacer,50,988,True,1.6491,-1,3,0.6196,0.001,303.2,36,31,26
RandomPlacer,50,989,True,1.7646,-1,4,1.0795,0.0558,399.42,45,53,31
RandomPlacer,50,990,True,1.6104,-1,3,1.3601,-0.1383,316.62,37,42,38
RandomPlacer,50,991,True,1.7428,-1,2,0.7921,0.2706,405.34,45,49,20
RandomPlacer,50,992,True,1.81,-1,3,0.9524,0.0509,368.66,42,42,30
RandomPlacer,50,993,True,1.971,-1,7,0.7247,0.1909,388.84,43,37,32
RandomPlacer,50,994,True,1.848,-1,2,0.9462,-0.2471,396.51,45,53,26
RandomPlacer,50,995,True,1.8781,-1,3,1.0191,0.3706,341.55,39,46,26
RandomPlacer,50,996,True,1.7613,-1,3,0.7191,-0.125,315.27,36,38,25
RandomPlacer,50,997,True,1.7999,-1,3,0.9642,0.0,445.15,51,63,35
RandomPlacer,50,998,True,1.8113,-1,4,1.1843,0.484,289.15,34,39,28
RandomPlacer,50,999,True,1.8818,-1,4,0.9744,-0.5618,336.44,39,39,34
RandomPlacer,60,0,True,1.8714,-1,4,0.9208,0.0988,600.36,47,56,37
RandomPlacer,60,1,True,1.9419,-1,12,0.93,0.2717,644.3,50,45,43
RandomPlacer,60,2,True,1.8143,-1,3,0.8879,0.5118,704.49,55,52,26
RandomPlacer,60,3,True,1.8911,-1,5,0.8764,-0.0474,788.37,60,65,42
RandomPlacer,60,4,True,1.7995,-1,3,0.7456,-0.1609,857.52,65,55,35
RandomPlacer,60,5,True,1.7272,-1,6,0.9951,0.1385,527.86,43,46,46
RandomPlacer,60,6,True,1.7476,-1,4,0.8474,0.2213,878.69,64,71,36
RandomPlacer,60,7,True,1.8609,-1,5,1.1015,-0.0234,701.57,54,82,36
RandomPlacer,60,8,True,1.8968,-1,9,1.1346,0.3259,927.42,69,76,46
RandomPlacer,60,9,True,1.8495,-1,7,1.0874,0.1591,863.93,62,56,33
RandomPlacer,60,10,True,1.8655,-1,8,0.9392,-0.0701,1115.46,83,81,55
RandomPlacer,60,11,True,1.8608,-1,9,0.9363,-0.2316,748.35,57,51,48
RandomPlacer,60,12,True,1.8892,-1,3,0.8154,-0.088,794.42,61,65,49
RandomPlacer,60,13,True,1.7502,-1,3,0.8542,-0.0274,961.74,72,66,33
RandomPlacer,60,14,True,1.8986,-1,6,0.9186,0.058,929.42,70,77,41
RandomPlacer,60,15,True,1.8951,-1,2,0.9031,0.084,797.55,60,83,40
RandomPlacer,60,16,True,1.8754,-1,4,0.9621,0.219,979.07,71,78,43
RandomPlacer,60,17,True,1.8348,-1,5,0.5831,-0.1069,890.1,66,56,41
RandomPlacer,60,18,True,1.8729,-1,4,0.8951,-0.1767,880.97,68,71,47
RandomPlacer,60,19,True,1.8591,-1,5,1.1911,0.1338,655.14,51,59,43
RandomPlacer,60,20,True,1.9161,-1,7,1.0424,0.0274,857.09,65,61,46
RandomPlacer,60,21,True,1.8391,-1,8,0.9906,-0.1991,882.58,62,68,34
RandomPlacer,60,22,True,1.7396,-1,4,1.1969,0.3859,806.68,62,69,40
RandomPlacer,60,23,True,1.87,-1,7,0.9332,0.0348,873.15,66,81,40
RandomPlacer,60,24,True,1.7706,-1,6,0.6747,0.1966,999.57,77,75,34
RandomPlacer,60,25,True,1.7489,-1,4,0.8049,-0.1581,574.48,47,33,36
RandomPlacer,60,26,True,1.835,-1,2,0.9665,-0.0903,714.62,56,49,44
RandomPlacer,60,27,True,1.7735,-1,6,0.999,-0.2645,846.29,64,66,50
RandomPlacer,60,28,True,1.8564,-1,3,0.8162,0.3335,820.25,64,57,40
RandomPlacer,60,29,True,1.6449,-1,3,0.6931,0.3613,874.08,69,60,39
RandomPlacer,60,30,True,1.7744,-1,5,0.9437,-0.0254,963.2,72,74,46
RandomPlacer,60,31,True,1.8512,-1,4,0.911,-0.014,740.96,57,55,45
RandomPlacer,60,32,True,1.7866,-1,4,0.9417,0.1245,800.71,62,72,42
RandomPlacer,60,33,True,1.8859,-1,7,0.8221,-0.0791,929.71,71,91,38
RandomPlacer,60,34,True,1.9099,-1,8,1.0121,0.1457,805.15,61,65,47
RandomPlacer,60,35,True,1.7656,-1,3,1.1595,-0.0642,615.99,49,52,37
RandomPlacer,60,36,True,1.8942,-1,6,0.8748,-0.0898,835.48,65,68,49
RandomPlacer,60,37,True,1.7418,-1,3,0.7704,-0.1719,681.73,53,50,41
RandomPlacer,60,38,True,1.8779,-1,5,0.8705,0.1489,832.51,66,72,47
RandomPlacer,60,39,True,1.8007,-1,3,0.9923,0.2846,816.58,57,71,41
RandomPlacer,60,40,True,1.8026,-1,5,0.8884,0.0572,823.6,64,61,48
RandomPlacer,60,41,True,1.8958,-1,7,0.898,-0.4033,771.36,59,60,43
RandomPlacer,60,42,True,1.7352,-1,4,0.8099,-0.1129,548.51,45,40,40
RandomPlacer,60,43,True,1.8719,-1,6,1.0389,-0.1828,758.69,60,70,49
RandomPlacer,60,44,True,1.66,-1,3,1.0294,-0.1242,839.27,66,68,56
RandomPlacer,60,45,True,1.9436,-1,8,0.9008,-0.1823,861.54,66,72,49
RandomPlacer,60,46,True,1.7766,-1,2,0.9681,0.1089,733.51,56,66,46
RandomPlacer,60,47,True,1.8153,-1,2,0.9333,-0.0423,982.07,75,75,61
RandomPlacer,60,48,True,1.9227,-1,7,1.2612,0.0583,811.24,62,84,41
RandomPlacer,60,49,True,1.8124,-1,5,0.8901,0.3104,878.67,68,58,53
RandomPlacer,60,50,True,1.7625,-1,3,1.1598,-0.392,864.12,65,90,52
RandomPlacer,60,51,True,1.9041,-1,7,0.8259,0.0106,830.77,64,61,56
RandomPlacer,60,52,True,1.6943,-1,4,0.9363,0.0452,731.41,57,63,33
RandomPlacer,60,53,True,1.8589,-1,8,1.0295,-0.1108,808.08,63,60,41
RandomPlacer,60,54,True,1.7984,-1,5,1.0129,-0.1145,648.99,52,63,39
RandomPlacer,60,55,True,1.8096,-1,3,0.9587,-0.0638,721.17,58,67,42
RandomPlacer,60,56,True,1.7022,-1,4,0.7762,-0.0605,735.62,57,47,51
RandomPlacer,60,57,True,1.7738,-1,4,0.7933,-0.2093,909.48,68,66,50
RandomPlacer,60,58,True,1.7929,-1,3,1.0229,-0.061,817.54,62,68,54
RandomPlacer,60,59,True,1.8691,-1,6,0.9269,-0.2143,756.08,55,54,34
RandomPlacer,60,60,True,1.9491,-1,8,0.9535,0.0448,1012.09,72,67,61
RandomPlacer,60,61,True,1.9482,-1,9,0.9071,-0.0409,739.19,54,55,51
RandomPlacer,60,62,True,1.7887,-1,3,0.9505,0.2922,897.81,68,73,44
RandomPlacer,60,63,True,1.8999,-1,7,1.0753,0.199,883.15,68,82,45
RandomPlacer,60,64,True,1.8433,-1,4,0.9008,-0.1144,790.39,61,69,33
RandomPlacer,60,65,True,1.8124,-1,5,0.9682,0.1669,917.61,70,74,41
RandomPlacer,60,66,True,1.6832,-1,7,1.0275,0.2534,866.07,66,78,50
RandomPlacer,60,67,True,1.7087,-1,3,1.0573,0.527,674.43,52,53,43
RandomPlacer,60,68,True,1.802,-1,3,1.0678,0.1701,825.63,58,60,35
RandomPlacer,60,69,True,1.6245,-1,2,0.8377,0.1686,864.87,62,64,38
RandomPlacer,60,70,True,1.8886,-1,4,0.9063,-0.1262,888.08,66,78,46
RandomPlacer,60,71,True,1.9468,-1,6,1.0014,-0.0321,912.19,71,79,55
RandomPlacer,60,72,True,1.837,-1,6,0.7973,0.1591,853.4,66,71,50
RandomPlacer,60,73,True,1.8175,-1,7,0.9889,-0.1325,990.34,76,84,64
RandomPlacer,60,74,True,1.7945,-1,5,0.8571,-0.053,798.96,63,84,40
RandomPlacer,60,75,True,1.5714,-1,2,0.8773,0.1059,1006.28,76,71,54
RandomPlacer,60,76,True,1.7934,-1,2,1.1736,-0.2296,834.88,64,75,38
RandomPlacer,60,77,True,1.764,-1,5,0.9219,-0.3598,1005.79,77,76,48
RandomPlacer,60,78,True,1.7908,-1,2,1.2041,0.0446,707.06,56,68,41
RandomPlacer,60,79,True,1.7759,-1,4,0.9472,0.1852,875.64,67,73,57
RandomPlacer,60,80,True,1.6842,-1,2,1.0315,-0.0094,826.33,63,71,46
RandomPlacer,60,81,True,1.8898,-1,8,0.8169,0.2399,933.55,71,71,40
RandomPlacer,60,82,True,1.7603,-1,4,0.8789,-0.2731,882.99,68,72,46
RandomPlacer,60,83,True,1.8321,-1,6,0.9831,-0.2374,827.33,63,65,50
RandomPlacer,60,84,True,1.7555,-1,4,0.7221,0.1008,560.29,46,52,36
RandomPlacer,60,85,True,1.5845,-1,2,0.6728,-0.0539,978.51,67,53,63
RandomPlacer,60,86,True,1.7494,-1,4,1.1429,-0.241,839.37,63,63,57
RandomPlacer,60,87,True,1.9216,-1,5,1.022,0.2863,910.3,66,72,48
RandomPlacer,60,88,True,1.8704,-1,6,0.9609,-0.4085,849.3,65,75,48
RandomPlacer,60,89,True,1.8318,-1,8,0.9926,0.1511,873.15,67,77,50
RandomPlacer,60,90,True,1.5981,-1,4,1.1295,0.1621,619.33,49,58,30
RandomPlacer,60,91,True,1.9174,-1,6,0.9072,-0.1439,1013.61,74,82,44
RandomPlacer,60,92,True,1.7189,-1,5,0.9143,0.2969,609.42,51,62,39
RandomPlacer,60,93,True,1.6373,-1,4,0.8849,-0.1248,915.49,70,68,55
RandomPlacer,60,94,True,1.8375,-1,5,1.0325,-0.1145,761.24,59,67,36
RandomPlacer,60,95,True,1.8084,-1,4,1.2211,0.027,669.8,53,64,41
RandomPlacer,60,96,True,1.6815,-1,2,1.0918,-0.1287,804.95,62,71,43
RandomPlacer,60,97,True,1.7502,-1,4,1.2593,0.138,697.86,54,54,47
RandomPlacer,60,98,True,1.8184,-1,7,1.0711,0.1079,742.81,57,72,52
RandomPlacer,60,99,True,1.8556,-1,4,0.9538,-0.2581,832.32,65,65,51
RandomPlacer,60,100,True,1.8124,-1,6,0.7991,-0.1013,819.82,65,67,46
RandomPlacer,60,101,True,1.899,-1,3,0.9944,-0.3354,896.04,67,72,35
RandomPlacer,60,102,True,1.8527,-1,6,0.9833,-0.3869,951.83,68,71,47
RandomPlacer,60,103,True,1.8956,-1,6,0.9008,0.0035,761.01,61,69,44
RandomPlacer,60,104,True,1.8744,-1,10,0.7969,-0.184,845.3,64,56,50
RandomPlacer,60,105,True,1.8194,-1,5,1.1287,-0.2911,838.39,64,71,47
RandomPlacer,60,106,True,1.7048,-1,4,1.0902,0.1831,886.46,67,75,56
RandomPlacer,60,107,True,1.752,-1,6,0.9643,-0.1861,764.82,58,56,44
RandomPlacer,60,108,True,1.6064,-1,2,0.9667,0.2643,736.92,60,60,38
RandomPlacer,60,109,True,1.7902,-1,8,0.8571,-0.3058,979.22,70,70,50
RandomPlacer,60,110,True,1.7211,-1,4,0.9761,0.394,941.22,65,59,49
RandomPlacer,60,111,True,1.8832,-1,5,1.022,0.0753,937.35,66,72,32
RandomPlacer,60,112,True,1.9068,-1,8,1.1197,-0.0564,815.88,62,68,53
RandomPlacer,60,113,True,1.6738,-1,3,1.138,0.0498,681.11,51,58,46
RandomPlacer,60,114,True,1.9494,-1,10,1.1902,0.1051,864.02,63,71,49
RandomPlacer,60,115,True,1.8959,-1,4,0.9819,0.3736,736.41,59,61,46
RandomPlacer,60,116,True,1.8829,-1,7,1.1112,-0.0292,751.33,59,71,43
RandomPlacer,60,117,True,1.8186,-1,7,0.9363,0.1174,810.35,65,68,38
RandomPlacer,60,118,True,1.7439,-1,5,1.0784,0.3543,827.34,63,79,53
RandomPlacer,60,119,True,1.9264,-1,6,1.0859,0.3925,760.52,58,57,33
RandomPlacer,60,120,True,1.762,-1,2,1.0838,-0.1606,861.81,66,85,45
RandomPlacer,60,121,True,1.7793,-1,4,0.889,-0.268,789.42,61,48,45
RandomPlacer,60,122,True,1.7282,-1,2,1.2537,0.1034,962.67,67,67,55
RandomPlacer,60,123,True,1.6797,-1,5,0.7431,-0.1824,838.21,67,58,31
RandomPlacer,60,124,True,1.7295,-1,4,0.8445,-0.1165,763.37,58,57,41
RandomPlacer,60,125,True,1.8832,-1,6,0.8149,-0.1925,1054.25,79,72,36
RandomPlacer,60,126,True,1.867,-1,2,0.8849,0.0661,922.62,70,82,44
RandomPlacer,60,127,True,1.7551,-1,3,0.9451,-0.0414,770.63,62,67,40
RandomPlacer,60,128,True,1.8136,-1,7,1.1323,-0.1834,851.93,65,91,43
RandomPlacer,60,129,True,1.7583,-1,4,1.08,0.0006,635.51,50,60,46
RandomPlacer,60,130,True,1.8748,-1,5,1.0089,0.0336,735.67,56,70,39
RandomPlacer,60,131,True,1.5752,-1,4,0.8906,-0.1596,723.85,54,47,41
RandomPlacer,60,132,True,1.8163,-1,4,1.1128,0.1282,712.7,54,61,46
RandomPlacer,60,133,True,1.644,-1,2,0.9176,0.2211,1165.77,85,85,21
RandomPlacer,60,134,True,1.9482,-1,4,1.0686,0.0444,723.08,54,58,45
RandomPlacer,60,135,True,1.712,-1,4,1.1006,-0.1459,855.92,64,74,56
RandomPlacer,60,136,True,1.8812,-1,5,1.2537,0.0986,860.23,63,64,47
RandomPlacer,60,137,True,1.7703,-1,4,0.733,-0.0005,992.9,73,67,49
RandomPlacer,60,138,True,1.6436,-1,4,0.9846,0.0665,856.54,65,65,41
RandomPlacer,60,139,True,1.6858,-1,3,0.947,0.0474,855.47,64,59,50
RandomPlacer,60,140,True,1.7761,-1,4,0.7624,0.1597,779.82,59,60,34
RandomPlacer,60,141,True,1.9242,-1,5,0.8253,0.2171,753.51,56,66,39
RandomPlacer,60,142,True,1.7227,-1,3,1.1023,0.1783,786.9,58,56,40
RandomPlacer,60,143,True,1.6728,-1,4,0.9564,0.4139,689.66,54,71,37
RandomPlacer,60,144,True,1.8487,-1,4,0.9593,0.1638,1022.95,74,75,47
RandomPlacer,60,145,True,1.7107,-1,3,0.8007,-0.042,919.48,69,58,52
RandomPlacer,60,146,True,1.9597,-1,9,1.0635,-0.1604,821.97,62,64,54
RandomPlacer,60,147,True,1.883,-1,7,1.13,0.1709,606.09,50,65,38
RandomPlacer,60,148,True,1.8604,-1,3,1.3164,-0.1166,579.23,47,57,40
RandomPlacer,60,149,True,1.7529,-1,3,0.7716,0.306,988.43,73,66,50
RandomPlacer,60,150,True,1.6946,-1,5,0.9186,0.2676,938.32,70,77,51
RandomPlacer,60,151,True,1.7201,-1,4,0.7487,0.1833,787.21,61,52,46
RandomPlacer,60,152,True,1.8306,-1,5,0.9645,-0.0734,903.42,69,79,49
RandomPlacer,60,153,True,1.8285,-1,4,0.8223,-0.0212,819.09,62,61,42
RandomPlacer,60,154,True,1.8205,-1,5,0.8546,0.3092,702.78,54,44,42
RandomPlacer,60,155,True,1.8217,-1,4,0.8349,-0.1527,993.52,74,70,50
RandomPlacer,60,156,True,1.7807,-1,2,0.997,0.2233,716.88,55,58,54
RandomPlacer,60,157,True,1.8173,-1,6,0.7702,-0.2782,776.5,61,62,31
RandomPlacer,60,158,True,1.6643,-1,4,0.8779,0.0056,890.38,66,64,49
RandomPlacer,60,159,True,1.6687,-1,4,1.1622,0.2178,728.74,57,67,44
RandomPlacer,60,160,True,1.7337,-1,3,0.9722,-0.0456,864.07,62,75,41
RandomPlacer,60,161,True,1.8256,-1,6,0.9636,0.0445,812.73,62,66,58
RandomPlacer,60,162,True,1.7554,-1,5,0.9517,-0.0948,1132.41,83,84,45
RandomPlacer,60,163,True,1.8503,-1,6,1.0237,0.1319,937.16,69,74,42
RandomPlacer,60,164,True,1.8793,-1,5,1.0315,0.143,819.48,63,62,53
RandomPlacer,60,165,True,1.8674,-1,6,0.9235,-0.15,749.83,56,52,39
RandomPlacer,60,166,True,1.7549,-1,3,0.867,0.4817,698.26,56,61,48
RandomPlacer,60,167,True,1.7739,-1,4,0.9604,0.2619,632.03,50,57,43
RandomPlacer,60,168,True,1.8332,-1,8,0.9446,0.1874,1043.9,76,72,57
RandomPlacer,60,169,True,1.8689,-1,10,0.892,-0.0584,878.21,67,71,34
RandomPlacer,60,170,True,1.8384,-1,6,0.8563,-0.0652,941.72,70,68,61
RandomPlacer,60,171,True,1.7655,-1,3,0.9991,0.0266,769.22,59,70,51
RandomPlacer,60,172,True,1.8031,-1,3,0.8868,-0.0369,874.26,62,63,35
RandomPlacer,60,173,True,1.7739,-1,4,1.0004,-0.2824,642.53,50,57,27
RandomPlacer,60,174,True,1.6928,-1,2,0.9879,-0.073,867.89,65,86,36
RandomPlacer,60,175,True,1.7068,-1,5,0.9097,0.0461,615.34,48,52,42
RandomPlacer,60,176,True,1.7655,-1,3,1.0434,-0.0877,563.41,44,46,36
RandomPlacer,60,177,True,1.8151,-1,3,0.8534,-0.4079,936.37,71,61,65
RandomPlacer,60,178,True,1.8551,-1,3,0.934,-0.2878,1013.1,76,77,59
RandomPlacer,60,179,True,1.9388,-1,7,1.0688,-0.2117,679.86,51,56,33
RandomPlacer,60,180,True,1.8339,-1,6,1.1599,0.1505,852.25,64,71,49
RandomPlacer,60,181,True,1.8428,-1,7,1.051,-0.3562,738.53,56,64,42
RandomPlacer,60,182,True,1.8551,-1,6,0.9967,0.18,936.14,70,66,58
RandomPlacer,60,183,True,1.8202,-1,5,0.8966,0.5417,852.44,58,58,34
RandomPlacer,60,184,True,1.727,-1,4,0.9971,-0.2463,1045.32,74,70,43
RandomPlacer,60,185,True,1.8545,-1,5,1.1406,0.1002,854.15,64,88,41
RandomPlacer,60,186,True,1.8955,-1,8,0.8241,-0.0498,969.15,74,73,39
RandomPlacer,60,187,True,1.7164,-1,4,0.7299,0.1095,882.7,65,59,39
RandomPlacer,60,188,True,1.9396,-1,10,0.7822,0.0189,753.39,60,52,37
RandomPlacer,60,189,True,1.5967,-1,2,1.0325,0.1337,687.39,52,56,51
RandomPlacer,60,190,True,1.8638,-1,3,1.2398,-0.0208,757.64,56,72,43
RandomPlacer,60,191,True,1.8911,-1,10,0.7667,0.2138,846.43,60,60,49
RandomPlacer,60,192,True,1.9353,-1,5,1.0146,-0.3241,803.88,58,61,46
RandomPlacer,60,193,True,1.7742,-1,3,1.1189,0.0635,808.38,58,66,55
RandomPlacer,60,194,True,1.9061,-1,6,0.7963,-0.2573,794.21,59,58,57
RandomPlacer,60,195,True,1.858,-1,3,0.9363,0.1968,761.04,57,63,54
RandomPlacer,60,196,True,1.8275,-1,5,0.9441,-0.0875,723.93,54,55,35
RandomPlacer,60,197,True,1.7337,-1,4,0.9774,-0.0778,803.13,62,67,54
RandomPlacer,60,198,True,1.6464,-1,1,0.9116,0.2197,819.14,63,69,52
RandomPlacer,60,199,True,1.8514,-1,6,0.9529,-0.0545,870.24,65,67,51
RandomPlacer,60,200,True,1.9028,-1,3,0.7851,0.0985,681.03,51,44,43
RandomPlacer,60,201,True,1.8299,-1,6,0.915,0.1459,1074.67,80,88,52
RandomPlacer,60,202,True,1.7828,-1,4,0.7097,0.17,804.13,60,55,47
RandomPlacer,60,203,True,1.8621,-1,5,1.118,-0.1407,838.85,61,68,43
RandomPlacer,60,204,True,1.8702,-1,4,1.0091,0.035,975.91,72,77,46
RandomPlacer,60,205,True,1.8273,-1,4,1.2777,0.0677,802.34,56,65,36
RandomPlacer,60,206,True,1.8252,-1,4,0.8086,0.0808,848.3,64,60,37
RandomPlacer,60,207,True,1.7762,-1,4,0.9956,0.241,814.02,60,76,46
RandomPlacer,60,208,True,1.9109,-1,5,1.1645,0.1108,633.22,49,61,46
RandomPlacer,60,209,True,1.8002,-1,2,1.117,-0.1505,723.04,56,61,47
RandomPlacer,60,210,True,1.7339,-1,3,0.8838,0.1859,848.86,65,59,51
RandomPlacer,60,211,True,1.7762,-1,3,0.8263,-0.03,613.78,49,54,38
RandomPlacer,60,212,True,1.7765,-1,4,1.0736,0.331,630.12,50,46,45
RandomPlacer,60,213,True,1.5227,-1,4,0.9785,0.4133,798.55,59,63,42
RandomPlacer,60,214,True,1.8694,-1,6,0.9995,-0.0216,1039.33,74,89,48
RandomPlacer,60,215,True,1.8614,-1,6,1.1233,0.187,1003.55,65,73,34
RandomPlacer,60,216,True,1.5588,-1,3,0.8286,0.1728,952.74,70,70,53
RandomPlacer,60,217,True,1.8203,-1,5,1.0669,-0.0581,810.99,61,80,47
RandomPlacer,60,218,True,1.8521,-1,7,1.16,-0.0495,772.99,60,72,51
RandomPlacer,60,219,True,1.7904,-1,7,1.0322,-0.0142,982.23,72,79,56
RandomPlacer,60,220,True,1.8761,-1,5,0.9825,-0.1256,854.26,61,63,43
RandomPlacer,60,221,True,1.7735,-1,4,1.0,-0.1278,860.52,62,62,32
RandomPlacer,60,222,True,1.8466,-1,6,1.1304,-0.2742,955.51,68,71,66
RandomPlacer,60,223,True,1.9496,-1,8,0.9621,0.0066,725.73,57,60,45
RandomPlacer,60,224,True,1.8201,-1,4,1.0916,-0.0061,811.42,62,74,43
RandomPlacer,60,225,True,1.9379,-1,7,0.9263,-0.0949,896.78,68,67,37
RandomPlacer,60,226,True,1.9328,-1,9,1.1825,0.0606,880.46,65,68,51
RandomPlacer,60,227,True,1.7721,-1,4,1.2165,-0.1593,737.3,56,63,41
RandomPlacer,60,228,True,1.8227,-1,4,0.9793,-0.0367,707.28,56,67,50
RandomPlacer,60,229,True,1.8177,-1,4,1.1175,0.03,901.43,66,70,45
RandomPlacer,60,230,True,1.9328,-1,6,1.026,-0.0823,901.87,68,72,39
RandomPlacer,60,231,True,1.8226,-1,4,1.1228,-0.0726,699.42,57,57,48
RandomPlacer,60,232,True,1.8369,-1,8,1.1553,-0.0614,887.75,67,91,63
RandomPlacer,60,233,True,1.7809,-1,5,0.8754,-0.244,817.3,62,75,44
RandomPlacer,60,234,True,1.7884,-1,2,1.0933,0.1214,597.78,48,59,40
RandomPlacer,60,235,True,1.8022,-1,6,0.9796,0.0,805.64,63,75,58
RandomPlacer,60,236,True,1.7966,-1,7,1.1175,0.0153,914.6,66,70,43
RandomPlacer,60,237,True,1.8095,-1,5,0.6833,0.2394,867.69,64,55,45
RandomPlacer,60,238,True,1.9262,-1,7,0.7818,0.1452,706.85,57,52,45
RandomPlacer,60,239,True,1.8428,-1,6,0.7041,0.0265,740.01,56,44,35
RandomPlacer,60,240,True,1.9585,-1,7,1.0204,-0.0206,665.73,51,58,26
RandomPlacer,60,241,True,1.8154,-1,6,0.8789,0.1398,684.86,51,54,35
RandomPlacer,60,242,True,1.7662,-1,9,0.9248,-0.3149,947.84,73,79,44
RandomPlacer,60,243,True,1.9129,-1,9,0.8296,-0.0195,764.37,59,70,49
RandomPlacer,60,244,True,1.8567,-1,4,0.8956,0.3082,790.11,60,76,46
RandomPlacer,60,245,True,1.6775,-1,3,1.1106,0.3491,759.59,58,76,27
RandomPlacer,60,246,True,1.8,-1,5,1.2459,-0.3231,804.57,61,61,49
RandomPlacer,60,247,True,1.7079,-1,4,1.0164,-0.0405,639.87,50,53,35
RandomPlacer,60,248,True,1.7363,-1,3,0.9997,-0.0226,725.34,55,56,38
RandomPlacer,60,249,True,1.751,-1,3,1.0277,-0.0702,666.65,52,69,45
RandomPlacer,60,250,True,1.6468,-1,3,1.0141,0.3083,705.87,54,65,44
RandomPlacer,60,251,True,1.8591,-1,5,1.0364,0.0251,799.91,60,67,52
RandomPlacer,60,252,True,1.7526,-1,3,1.0969,0.2964,567.97,46,51,28
RandomPlacer,60,253,True,1.8375,-1,5,0.8313,-0.375,997.91,75,82,43
RandomPlacer,60,254,True,1.6855,-1,4,0.7682,0.0677,963.48,70,74,41
RandomPlacer,60,255,True,1.8771,-1,5,0.9614,-0.0302,902.22,66,72,46
RandomPlacer,60,256,True,1.6265,-1,1,1.3146,0.1133,898.18,65,84,48
RandomPlacer,60,257,True,1.9257,-1,4,0.9868,-0.1433,826.02,61,54,46
RandomPlacer,60,258,True,1.6915,-1,3,1.2023,-0.1391,695.61,52,73,36
RandomPlacer,60,259,True,1.7823,-1,4,0.9853,0.0854,872.83,66,80,52
RandomPlacer,60,260,True,1.8485,-1,6,0.9557,0.0448,1020.78,75,93,51
RandomPlacer,60,261,True,1.9426,-1,3,1.1385,0.3496,601.13,46,57,41
RandomPlacer,60,262,True,1.6431,-1,2,0.9529,-0.1326,1020.92,73,55,56
RandomPlacer,60,263,True,1.8116,-1,4,0.9027,0.0737,751.46,56,51,55
RandomPlacer,60,264,True,1.613,-1,1,1.1338,-0.0417,849.55,63,57,53
RandomPlacer,60,265,True,1.7627,-1,5,1.0805,-0.003,979.09,73,76,51
RandomPlacer,60,266,True,1.868,-1,4,0.7931,-0.2165,931.05,71,64,52
RandomPlacer,60,267,True,1.8396,-1,2,0.8655,-0.0079,968.64,70,83,48
RandomPlacer,60,268,True,1.909,-1,4,0.9691,-0.1466,939.81,69,72,46
RandomPlacer,60,269,True,1.8637,-1,5,1.2025,0.2431,556.53,44,64,43
RandomPlacer,60,270,True,1.7714,-1,5,0.9931,0.0399,985.18,73,89,53
RandomPlacer,60,271,True,1.7158,-1,3,0.9634,-0.0873,988.29,73,80,36
RandomPlacer,60,272,True,1.8444,-1,5,0.999,0.3158,841.72,62,64,41
RandomPlacer,60,273,True,1.9408,-1,5,1.1926,-0.2241,939.59,69,85,46
RandomPlacer,60,274,True,1.8582,-1,5,1.0659,-0.0879,973.5,74,77,34
RandomPlacer,60,275,True,1.7406,-1,4,0.8926,-0.037,773.87,57,65,58
RandomPlacer,60,276,True,1.7728,-1,4,0.9982,-0.0398,947.84,71,74,51
RandomPlacer,60,277,True,1.9575,-1,8,0.8989,-0.1504,763.11,60,58,51
RandomPlacer,60,278,True,1.9159,-1,9,0.8048,-0.0281,955.66,72,70,64
RandomPlacer,60,279,True,1.871,-1,5,1.0065,0.3028,747.46,57,51,57
RandomPlacer,60,280,True,1.8294,-1,3,0.9643,0.0429,808.06,58,60,44
RandomPlacer,60,281,True,1.8557,-1,7,0.9567,-0.3375,800.79,60,54,45
RandomPlacer,60,282,True,1.9263,-1,4,0.9478,0.4048,861.33,63,75,46
RandomPlacer,60,283,True,1.8594,-1,7,0.8957,-0.3191,799.65,59,62,39
RandomPlacer,60,284,True,1.8511,-1,9,0.8241,0.0469,995.94,74,73,65
RandomPlacer,60,285,True,1.9046,-1,5,0.9944,0.0473,902.05,67,72,47
RandomPlacer,60,286,True,1.8447,-1,4,0.7574,0.2113,805.07,63,72,50
RandomPlacer,60,287,True,1.6911,-1,4,0.9082,0.0007,868.12,66,68,52
RandomPlacer,60,288,True,1.4715,-1,2,1.0134,0.1,847.67,64,61,49
RandomPlacer,60,289,True,1.6541,-1,4,0.7427,0.0455,988.0,69,58,50
RandomPlacer,60,290,True,1.8508,-1,6,0.9923,0.1795,734.84,57,71,44
RandomPlacer,60,291,True,1.9108,-1,7,0.8335,-0.2161,655.98,51,46,51
RandomPlacer,60,292,True,1.8357,-1,2,1.3133,0.1064,647.07,51,67,51
RandomPlacer,60,293,True,1.5362,-1,5,1.0923,0.2074,907.54,68,75,45
RandomPlacer,60,294,True,1.6543,-1,2,1.1875,0.2058,945.02,72,78,45
RandomPlacer,60,295,True,1.8397,-1,6,0.7913,-0.0198,887.37,68,77,29
RandomPlacer,60,296,True,1.9324,-1,9,0.8951,-0.0134,963.01,73,84,53
RandomPlacer,60,297,True,1.9042,-1,3,1.0251,-0.013,647.7,52,58,39
RandomPlacer,60,298,True,1.7774,-1,5,0.8331,0.2877,837.04,66,65,41
RandomPlacer,60,299,True,1.8006,-1,3,0.7541,0.4121,792.47,61,61,40
RandomPlacer,60,300,True,1.8634,-1,4,0.892,0.1718,875.16,67,71,49
RandomPlacer,60,301,True,1.8706,-1,7,0.7822,-0.0879,998.67,75,85,40
RandomPlacer,60,302,True,1.8574,-1,3,1.0384,-0.0278,897.29,69,93,35
RandomPlacer,60,303,True,1.747,-1,5,1.1828,-0.0842,689.24,54,67,39
RandomPlacer,60,304,True,1.8087,-1,7,1.0133,0.482,896.11,71,69,47
RandomPlacer,60,305,True,1.8343,-1,6,1.051,-0.0839,918.22,71,84,55
RandomPlacer,60,306,True,1.6046,-1,2,1.0129,0.0611,627.09,52,67,49
RandomPlacer,60,307,True,1.8667,-1,7,0.9063,-0.029,902.51,62,84,44
RandomPlacer,60,308,True,1.8072,-1,12,0.8361,0.0093,1108.35,80,93,49
RandomPlacer,60,309,True,1.9876,-1,8,1.0712,-0.0661,636.48,49,44,35
RandomPlacer,60,310,True,1.7874,-1,4,1.0699,0.4234,902.4,69,78,53
RandomPlacer,60,311,True,1.8688,-1,4,0.8421,-0.0232,759.94,57,57,45
RandomPlacer,60,312,True,1.8635,-1,7,0.9012,-0.0914,716.52,57,63,53
RandomPlacer,60,313,True,1.8013,-1,4,1.0,-0.1039,670.3,52,52,57
RandomPlacer,60,314,True,1.8602,-1,8,0.9525,0.1654,863.21,66,63,35
RandomPlacer,60,315,True,1.8395,-1,5,1.1109,-0.1423,940.38,71,74,58
RandomPlacer,60,316,True,1.9041,-1,8,0.9443,0.3962,609.27,51,65,45
RandomPlacer,60,317,True,1.8006,-1,2,1.0135,-0.2633,644.19,51,47,52
RandomPlacer,60,318,True,1.8632,-1,7,1.1603,0.3078,656.01,51,63,37
RandomPlacer,60,319,True,1.8165,-1,7,1.0847,-0.0695,788.39,58,69,33
RandomPlacer,60,320,True,1.8846,-1,6,1.0097,-0.1681,756.38,60,65,49
RandomPlacer,60,321,True,1.8625,-1,5,0.7165,0.2208,758.97,56,63,43
RandomPlacer,60,322,True,1.8785,-1,4,0.835,0.2106,523.93,42,51,56
RandomPlacer,60,323,True,1.7793,-1,3,0.9983,0.4878,627.09,48,70,42
RandomPlacer,60,324,True,1.8396,-1,6,0.7952,-0.218,751.3,59,51,32
RandomPlacer,60,325,True,1.7922,-1,6,0.9368,0.0051,913.52,69,64,37
RandomPlacer,60,326,True,1.5898,-1,5,1.0823,-0.0848,752.54,58,77,54
RandomPlacer,60,327,True,1.7962,-1,6,1.0928,0.5642,874.93,64,66,31
RandomPlacer,60,328,True,1.8625,-1,5,1.3219,-0.0525,616.22,49,65,43
RandomPlacer,60,329,True,1.6978,-1,2,0.9717,-0.2368,980.66,74,65,49
RandomPlacer,60,330,True,1.855,-1,6,1.1126,0.2845,653.03,51,59,46
RandomPlacer,60,331,True,1.9038,-1,8,1.1152,0.2623,765.93,59,81,31
RandomPlacer,60,332,True,1.8908,-1,3,0.7972,-0.1362,784.41,63,70,35
RandomPlacer,60,333,True,1.8854,-1,6,0.9998,0.3703,947.21,71,72,45
RandomPlacer,60,334,True,1.8516,-1,5,0.7917,-0.0823,903.34,67,59,48
RandomPlacer,60,335,True,1.6605,-1,3,0.9847,0.007,593.12,45,61,38
RandomPlacer,60,336,True,1.858,-1,4,0.8007,-0.0714,755.07,56,53,44
RandomPlacer,60,337,True,1.6539,-1,3,0.9428,0.1366,1057.57,78,84,52
RandomPlacer,60,338,True,1.6949,-1,5,0.6566,0.3207,942.8,71,58,43
RandomPlacer,60,339,True,1.6347,-1,2,1.078,0.0281,659.16,52,59,43
RandomPlacer,60,340,True,1.92,-1,5,0.7351,0.1389,903.47,65,53,59
RandomPlacer,60,341,True,1.9025,-1,5,0.9135,-0.3251,753.8,58,57,56
RandomPlacer,60,342,True,1.5975,-1,2,0.8991,0.167,822.74,62,58,56
RandomPlacer,60,343,True,1.7492,-1,3,1.1076,-0.1955,638.6,50,59,35
RandomPlacer,60,344,True,1.8725,-1,5,0.589,0.1617,721.54,56,41,34
RandomPlacer,60,345,True,1.7642,-1,5,1.102,-0.0974,643.82,49,63,44
RandomPlacer,60,346,True,1.987,-1,12,1.0219,-0.2184,751.87,57,67,33
RandomPlacer,60,347,True,1.659,-1,2,1.1599,-0.0451,835.58,64,71,52
RandomPlacer,60,348,True,1.9256,-1,3,1.0621,-0.1585,750.22,58,67,37
RandomPlacer,60,349,True,1.8537,-1,4,0.9343,0.0473,923.48,68,92,55
RandomPlacer,60,350,True,1.7734,-1,4,0.7557,-0.1207,787.09,62,59,49
RandomPlacer,60,351,True,1.7563,-1,3,1.2242,-0.0491,719.09,56,61,57
RandomPlacer,60,352,True,1.9192,-1,4,0.8818,0.004,849.13,64,74,52
RandomPlacer,60,353,True,1.673,-1,6,0.9874,-0.0585,853.57,66,77,50
RandomPlacer,60,354,True,1.9129,-1,6,1.3641,0.526,812.57,58,73,49
RandomPlacer,60,355,True,1.9125,-1,6,1.0797,-0.071,716.94,55,67,54
RandomPlacer,60,356,True,1.9487,-1,6,0.8885,-0.2656,1069.62,76,70,39
RandomPlacer,60,357,True,1.8639,-1,7,0.9955,0.1222,913.46,68,83,48
RandomPlacer,60,358,True,1.8886,-1,6,1.1998,0.0897,787.9,58,74,59
RandomPlacer,60,359,True,1.8341,-1,3,1.0727,0.0634,909.24,70,92,52
RandomPlacer,60,360,True,1.7398,-1,5,1.1433,-0.1738,861.04,66,72,46
RandomPlacer,60,361,True,1.81,-1,6,1.0441,0.0653,904.87,70,78,38
RandomPlacer,60,362,True,1.8764,-1,5,0.8532,-0.1952,920.98,69,72,61
RandomPlacer,60,363,True,1.8511,-1,5,0.9825,-0.0915,749.67,58,57,45
RandomPlacer,60,364,True,1.7432,-1,7,0.7669,-0.1747,713.89,55,45,42
RandomPlacer,60,365,True,1.8126,-1,4,0.7933,0.1828,906.91,68,70,48
RandomPlacer,60,366,True,1.8976,-1,5,1.0635,-0.2485,745.42,56,65,40
RandomPlacer,60,367,True,1.8862,-1,5,1.0348,0.3649,791.08,58,75,35
RandomPlacer,60,368,True,1.8081,-1,4,0.8875,0.1912,793.71,60,75,36
RandomPlacer,60,369,True,1.826,-1,4,1.0445,-0.241,776.9,59,68,47
RandomPlacer,60,370,True,1.8919,-1,3,0.8402,-0.1931,680.4,53,48,44
RandomPlacer,60,371,True,1.8231,-1,7,1.0594,-0.0985,840.36,65,62,53
RandomPlacer,60,372,True,1.8888,-1,7,0.8906,-0.0215,712.6,54,47,38
RandomPlacer,60,373,True,1.7816,-1,9,1.1364,-0.1791,786.41,60,67,34
RandomPlacer,60,374,True,1.8673,-1,7,0.8169,0.1935,699.36,57,52,42
RandomPlacer,60,375,True,1.8392,-1,8,0.6802,0.1187,1007.09,74,67,50
RandomPlacer,60,376,True,1.7265,-1,5,1.0032,0.0322,715.34,53,69,33
RandomPlacer,60,377,True,1.9456,-1,9,0.7796,-0.0568,640.29,50,51,28
RandomPlacer,60,378,True,1.6887,-1,4,0.77,0.1106,810.8,62,66,46
RandomPlacer,60,379,True,1.7161,-1,4,0.8709,-0.1779,925.98,68,79,34
RandomPlacer,60,380,True,1.8455,-1,3,1.0164,0.156,804.47,60,59,51
RandomPlacer,60,381,True,1.8126,-1,6,0.9628,0.2837,889.94,68,62,52
RandomPlacer,60,382,True,1.8495,-1,7,0.8543,-0.0956,821.65,62,54,55
RandomPlacer,60,383,True,1.7869,-1,4,1.0127,0.179,910.64,67,79,39
RandomPlacer,60,384,True,1.8944,-1,9,0.8896,0.3339,835.23,64,78,44
RandomPlacer,60,385,True,1.7557,-1,5,0.9646,0.002,894.06,67,62,48
RandomPlacer,60,386,True,1.7326,-1,5,0.9574,-0.0826,837.65,63,76,42
RandomPlacer,60,387,True,1.8473,-1,3,0.8627,0.0762,649.53,51,51,37
RandomPlacer,60,388,True,1.8618,-1,8,0.8563,0.1858,985.46,74,85,50
RandomPlacer,60,389,True,1.9244,-1,4,1.0443,0.0969,760.99,58,63,42
RandomPlacer,60,390,True,1.7293,-1,3,0.6826,-0.1539,788.36,61,49,58
RandomPlacer,60,391,True,1.8612,-1,7,0.7779,-0.2529,752.09,58,43,45
RandomPlacer,60,392,True,1.7449,-1,5,0.8696,0.1721,954.21,70,67,48
RandomPlacer,60,393,True,1.6568,-1,2,0.7772,-0.1511,1026.86,74,68,59
RandomPlacer,60,394,True,1.7454,-1,8,1.1006,-0.2749,855.85,64,74,51
RandomPlacer,60,395,True,1.7319,-1,2,1.0022,0.127,765.99,56,63,54
RandomPlacer,60,396,True,1.9244,-1,6,0.9247,0.4121,892.37,66,74,50
RandomPlacer,60,397,True,1.9357,-1,6,0.9038,0.1555,959.41,74,77,50
RandomPlacer,60,398,True,1.9448,-1,8,0.9109,-0.0391,914.67,68,70,43
RandomPlacer,60,399,True,1.6775,-1,4,0.948,0.228,764.15,58,57,56
RandomPlacer,60,400,True,1.6112,-1,4,0.9904,0.0897,679.42,51,56,48
RandomPlacer,60,401,True,1.8611,-1,5,0.9883,-0.0212,978.54,74,82,48
RandomPlacer,60,402,True,1.7755,-1,4,1.1418,0.2711,844.41,63,65,37
RandomPlacer,60,403,True,1.8206,-1,4,0.9708,0.0054,904.79,69,70,40
RandomPlacer,60,404,True,1.9286,-1,6,1.0748,0.1022,761.91,57,78,37
RandomPlacer,60,405,True,1.844,-1,3,0.8165,0.0182,584.81,54,47,35
RandomPlacer,60,406,True,1.6453,-1,3,0.8799,0.1494,821.2,61,70,41
RandomPlacer,60,407,True,1.6267,-1,2,0.9412,-0.1586,840.3,64,57,49
RandomPlacer,60,408,True,1.7445,-1,4,0.9946,-0.0709,948.98,71,84,55
RandomPlacer,60,409,True,1.8141,-1,4,1.1292,-0.2064,915.27,69,81,43
RandomPlacer,60,410,True,1.9525,-1,8,0.9277,0.1108,751.03,57,68,40
RandomPlacer,60,411,True,1.9494,-1,5,0.8165,0.3389,720.18,54,61,44
RandomPlacer,60,412,True,1.7897,-1,6,0.9979,-0.4985,857.93,65,68,41
RandomPlacer,60,413,True,1.8679,-1,4,0.753,0.0327,903.45,61,63,50
RandomPlacer,60,414,True,1.9216,-1,6,0.7725,0.2436,975.51,66,65,44
RandomPlacer,60,415,True,1.7197,-1,2,1.0716,0.2427,754.99,58,65,48
RandomPlacer,60,416,True,1.7448,-1,4,0.8516,-0.0635,731.97,55,58,37
RandomPlacer,60,417,True,1.7421,-1,3,0.8179,0.1889,503.39,39,37,29
RandomPlacer,60,418,True,1.7902,-1,7,0.9811,0.1959,687.14,53,53,57
RandomPlacer,60,419,True,1.8711,-1,7,1.0322,0.0915,798.43,60,62,37
RandomPlacer,60,420,True,1.9435,-1,4,1.1211,-0.2129,700.06,54,59,31
RandomPlacer,60,421,True,1.7941,-1,5,1.151,0.0935,931.84,70,80,56
RandomPlacer,60,422,True,1.7206,-1,3,0.9088,0.2887,641.32,49,38,35
RandomPlacer,60,423,True,1.8992,-1,6,0.8093,-0.1511,859.13,63,62,59
RandomPlacer,60,424,True,1.724,-1,3,1.3088,0.0352,680.62,52,59,46
RandomPlacer,60,425,True,1.8307,-1,3,0.9185,-0.1884,900.57,66,71,51
RandomPlacer,60,426,True,1.9427,-1,8,0.9456,0.0174,683.86,50,56,40
RandomPlacer,60,427,True,1.8689,-1,4,1.0263,-0.2298,972.83,70,79,52
RandomPlacer,60,428,True,1.7848,-1,3,1.0656,-0.3439,658.24,50,56,32
RandomPlacer,60,429,True,1.8071,-1,4,0.9974,0.0556,718.13,59,62,42
RandomPlacer,60,430,True,1.6882,-1,4,0.9213,-0.1063,644.09,53,56,38
RandomPlacer,60,431,True,1.7274,-1,2,0.7344,-0.0701,644.33,50,42,31
RandomPlacer,60,432,True,1.9544,-1,4,1.2531,0.0497,782.83,59,61,54
RandomPlacer,60,433,True,1.8683,-1,8,0.9275,0.1162,937.24,69,69,65
RandomPlacer,60,434,True,1.6335,-1,4,1.068,0.1844,752.78,57,65,48
RandomPlacer,60,435,True,1.9197,-1,5,0.5378,0.0574,1001.64,73,45,41
RandomPlacer,60,436,True,1.8674,-1,7,0.6256,0.0174,618.73,50,44,40
RandomPlacer,60,437,True,1.915,-1,11,0.8992,-0.2062,756.63,58,51,37
RandomPlacer,60,438,True,1.6796,-1,6,0.917,0.4631,787.61,61,63,37
RandomPlacer,60,439,True,1.6614,-1,5,1.1798,-0.1173,912.45,67,75,30
RandomPlacer,60,440,True,1.8284,-1,5,1.1517,0.1871,849.27,65,62,43
RandomPlacer,60,441,True,1.8271,-1,5,0.9218,0.3162,889.5,67,71,41
RandomPlacer,60,442,True,1.8574,-1,9,1.2426,-0.0714,933.95,69,84,60
RandomPlacer,60,443,True,1.8492,-1,5,0.9043,-0.0685,720.28,54,51,41
RandomPlacer,60,444,True,1.7939,-1,3,0.9927,-0.0583,659.66,51,62,41
RandomPlacer,60,445,True,1.6202,-1,1,1.0271,0.3376,832.28,62,74,50
RandomPlacer,60,446,True,1.8709,-1,7,0.9663,0.1624,614.59,49,58,31
RandomPlacer,60,447,True,1.7642,-1,2,0.9465,0.0336,766.75,58,66,35
RandomPlacer,60,448,True,1.8888,-1,7,0.7356,-0.0159,740.24,57,59,47
RandomPlacer,60,449,True,1.7883,-1,5,1.0753,0.0455,955.12,70,59,37
RandomPlacer,60,450,True,1.9597,-1,4,0.9805,-0.0775,679.77,55,57,41
RandomPlacer,60,451,True,1.9053,-1,5,1.2688,-0.1092,833.9,63,65,46
RandomPlacer,60,452,True,1.6572,-1,2,0.879,0.3292,741.72,58,59,37
RandomPlacer,60,453,True,1.876,-1,5,0.8196,0.0013,931.85,69,56,44
RandomPlacer,60,454,True,1.9059,-1,6,0.963,-0.0762,762.53,56,54,49
RandomPlacer,60,455,True,1.6106,-1,3,0.9573,0.0612,668.67,51,48,39
RandomPlacer,60,456,True,1.762,-1,5,1.24,0.2594,853.84,64,83,49
RandomPlacer,60,457,True,1.8384,-1,5,0.8982,0.1481,942.15,70,73,50
RandomPlacer,60,458,True,1.9064,-1,8,1.0002,-0.1781,845.33,65,73,45
RandomPlacer,60,459,True,1.9384,-1,4,0.7091,0.293,571.86,45,38,38
RandomPlacer,60,460,True,1.6874,-1,2,1.1282,-0.4755,532.33,43,51,28
RandomPlacer,60,461,True,1.8725,-1,5,1.0714,-0.0474,711.58,56,56,45
RandomPlacer,60,462,True,1.9286,-1,6,1.0054,0.3165,622.39,49,55,36
RandomPlacer,60,463,True,1.8302,-1,3,0.9053,0.4322,867.3,64,62,35
RandomPlacer,60,464,True,1.7652,-1,4,0.7637,0.0323,950.27,72,71,52
RandomPlacer,60,465,True,1.927,-1,5,0.898,0.0796,758.09,59,58,32
RandomPlacer,60,466,True,1.7234,-1,4,0.9297,0.1924,913.03,68,79,57
RandomPlacer,60,467,True,1.5912,-1,1,1.1067,-0.0369,861.23,65,93,53
RandomPlacer,60,468,True,1.7665,-1,6,1.0723,-0.22,818.52,61,67,46
RandomPlacer,60,469,True,1.801,-1,5,0.9613,0.2273,989.01,74,66,40
RandomPlacer,60,470,True,1.8873,-1,7,1.2414,0.1815,828.22,62,70,57
RandomPlacer,60,471,True,1.7637,-1,4,1.0417,-0.0117,665.88,48,48,50
RandomPlacer,60,472,True,1.8406,-1,3,1.0267,0.0341,760.04,59,64,57
RandomPlacer,60,473,True,1.8203,-1,4,1.0474,-0.0049,778.03,59,81,47
RandomPlacer,60,474,True,1.8079,-1,3,1.0556,0.1191,612.69,48,56,39
RandomPlacer,60,475,True,1.8071,-1,3,1.0137,0.0662,629.51,49,53,39
RandomPlacer,60,476,True,1.8551,-1,7,1.0784,0.216,922.98,70,76,46
RandomPlacer,60,477,True,1.9086,-1,5,0.8956,-0.202,811.18,60,56,50
RandomPlacer,60,478,True,1.7821,-1,4,1.0224,-0.1973,837.07,63,73,56
RandomPlacer,60,479,True,1.9004,-1,8,0.9188,-0.2075,828.12,62,70,43
RandomPlacer,60,480,True,1.7244,-1,6,0.9204,0.1057,771.87,59,49,44
RandomPlacer,60,481,True,1.7371,-1,5,0.913,0.0622,1088.35,81,79,40
RandomPlacer,60,482,True,1.8411,-1,3,0.9123,-0.1563,972.55,74,68,48
RandomPlacer,60,483,True,1.8879,-1,4,1.2521,0.0872,738.19,58,72,45
RandomPlacer,60,484,True,1.7658,-1,5,0.7906,0.133,916.48,69,79,62
RandomPlacer,60,485,True,1.8029,-1,6,1.1363,-0.294,800.3,61,76,52
RandomPlacer,60,486,True,1.868,-1,6,1.0131,0.2156,871.37,66,69,52
RandomPlacer,60,487,True,1.8466,-1,6,1.0716,0.1813,702.64,53,61,42
RandomPlacer,60,488,True,1.6768,-1,4,0.9911,0.0232,707.3,53,58,49
RandomPlacer,60,489,True,1.5226,-1,1,0.802,0.1431,732.69,55,48,36
RandomPlacer,60,490,True,1.8611,-1,4,1.1346,0.126,939.21,69,85,49
RandomPlacer,60,491,True,1.8869,-1,9,0.8352,-0.2517,928.0,71,60,50
RandomPlacer,60,492,True,1.9331,-1,11,1.149,0.2002,892.99,67,68,59
RandomPlacer,60,493,True,1.8482,-1,5,0.969,0.2797,844.49,65,64,47
RandomPlacer,60,494,True,1.8048,-1,5,0.9742,-0.013,726.2,56,61,30
RandomPlacer,60,495,True,1.9758,-1,4,0.7256,-0.119,853.57,63,54,37
RandomPlacer,60,496,True,1.7775,-1,4,0.8117,-0.0109,1012.28,75,72,42
RandomPlacer,60,497,True,1.8568,-1,7,0.9111,-0.2357,769.79,58,61,39
RandomPlacer,60,498,True,1.7201,-1,4,0.9804,-0.2665,788.98,61,77,48
RandomPlacer,60,499,True,1.8708,-1,3,0.9591,-0.1235,686.02,53,56,50
RandomPlacer,60,500,True,1.8643,-1,10,1.1285,0.3219,888.4,67,86,50
RandomPlacer,60,501,True,1.7211,-1,3,0.8961,-0.115,861.35,65,72,55
RandomPlacer,60,502,True,1.9414,-1,7,0.9375,0.2375,860.97,64,64,51
RandomPlacer,60,503,True,1.7517,-1,5,0.9308,-0.5208,996.34,73,71,41
RandomPlacer,60,504,True,1.8088,-1,3,0.7959,-0.2276,716.82,57,51,35
RandomPlacer,60,505,True,1.8003,-1,3,0.9438,-0.0869,1017.5,77,82,36
RandomPlacer,60,506,True,1.7448,-1,4,0.7155,0.1658,892.4,67,69,39
RandomPlacer,60,507,True,1.9354,-1,6,1.0348,0.0082,804.82,58,75,47
RandomPlacer,60,508,True,1.8256,-1,6,0.9342,-0.0484,729.94,55,78,37
RandomPlacer,60,509,True,1.8133,-1,3,0.9235,-0.0507,945.99,70,65,51
RandomPlacer,60,510,True,1.8803,-1,6,0.6902,0.3315,884.04,65,62,44
RandomPlacer,60,511,True,1.6499,-1,1,1.1451,0.2629,762.37,58,76,46
RandomPlacer,60,512,True,1.7962,-1,4,0.9067,0.1235,972.72,75,75,44
RandomPlacer,60,513,True,1.6886,-1,6,0.7574,0.0175,743.47,58,56,31
RandomPlacer,60,514,True,1.5534,-1,4,0.9382,0.0854,755.33,58,76,45
RandomPlacer,60,515,True,1.7673,-1,4,0.973,0.2442,826.43,67,78,32
RandomPlacer,60,516,True,1.8953,-1,8,0.7584,0.2013,912.24,70,62,58
RandomPlacer,60,517,True,1.5838,-1,1,0.843,0.038,738.33,58,50,57
RandomPlacer,60,518,True,1.8974,-1,7,0.9379,0.144,938.76,71,81,50
RandomPlacer,60,519,True,1.7485,-1,4,1.2088,0.2404,495.27,41,51,36
RandomPlacer,60,520,True,1.9609,-1,6,1.2084,0.0788,716.5,57,65,42
RandomPlacer,60,521,True,1.8155,-1,8,0.9725,-0.1262,807.9,63,82,48
RandomPlacer,60,522,True,1.7809,-1,6,0.9722,0.1573,789.6,62,75,49
RandomPlacer,60,523,True,1.9077,-1,5,1.1488,-0.0385,833.73,66,78,48
RandomPlacer,60,524,True,1.7988,-1,5,1.2398,-0.0148,710.54,57,76,38
RandomPlacer,60,525,True,1.7939,-1,6,0.9263,0.0311,742.94,58,62,33
RandomPlacer,60,526,True,1.8692,-1,6,1.0859,0.3556,741.34,58,59,50
RandomPlacer,60,527,True,1.7755,-1,6,1.1066,-0.2038,824.75,63,75,42
RandomPlacer,60,528,True,1.7695,-1,3,0.8789,0.3733,891.01,68,72,45
RandomPlacer,60,529,True,1.8966,-1,4,1.1973,0.1341,677.15,57,67,47
RandomPlacer,60,530,True,1.7003,-1,2,0.8086,0.0683,839.29,64,60,31
RandomPlacer,60,531,True,1.6652,-1,4,1.179,0.0073,666.48,52,58,37
RandomPlacer,60,532,True,1.8132,-1,4,1.108,0.4346,663.87,51,56,42
RandomPlacer,60,533,True,1.8805,-1,4,0.9643,0.2718,761.72,58,56,44
RandomPlacer,60,534,True,1.8199,-1,8,0.9267,0.0398,1016.34,70,73,45
RandomPlacer,60,535,True,1.8043,-1,5,0.5418,-0.2427,931.46,66,70,44
RandomPlacer,60,536,True,1.9061,-1,5,0.7797,0.05,769.37,59,59,25
RandomPlacer,60,537,True,1.8317,-1,6,0.9316,0.1838,850.28,65,82,55
RandomPlacer,60,538,True,1.7524,-1,2,1.0345,0.1156,644.23,53,56,37
RandomPlacer,60,539,True,1.9458,-1,5,1.1506,0.0857,636.22,53,54,35
RandomPlacer,60,540,True,1.7837,-1,4,0.8411,-0.2164,734.94,59,68,42
RandomPlacer,60,541,True,1.7527,-1,4,0.7153,-0.1964,944.54,72,66,44
RandomPlacer,60,542,True,1.9409,-1,9,0.9715,0.0477,951.92,72,74,57
RandomPlacer,60,543,True,1.7447,-1,5,1.0348,0.0416,824.04,57,56,41
RandomPlacer,60,544,True,1.6077,-1,1,1.0699,-0.2711,926.35,68,85,37
RandomPlacer,60,545,True,1.8002,-1,5,1.0954,-0.4256,666.7,49,53,30
RandomPlacer,60,546,True,1.8583,-1,6,0.8946,-0.0101,1036.5,77,74,62
RandomPlacer,60,547,True,1.6307,-1,3,0.9506,-0.3338,707.95,54,66,30
RandomPlacer,60,548,True,1.4566,-1,1,1.0532,0.1098,711.59,55,68,30
RandomPlacer,60,549,True,1.7717,-1,5,0.9454,0.1587,787.72,61,70,34
RandomPlacer,60,550,True,1.9611,-1,6,1.0278,-0.2296,934.74,70,68,62
RandomPlacer,60,551,True,1.8737,-1,3,0.8519,-0.0788,712.9,54,54,45
RandomPlacer,60,552,True,1.8595,-1,7,0.8016,-0.2547,634.48,48,37,38
RandomPlacer,60,553,True,1.6582,-1,2,0.6621,0.1993,860.89,63,54,36
RandomPlacer,60,554,True,1.9297,-1,9,1.2786,0.111,917.96,70,105,44
RandomPlacer,60,555,True,1.794,-1,5,0.8956,0.1623,768.99,60,64,42
RandomPlacer,60,556,True,1.8481,-1,5,1.0859,0.0972,819.01,63,80,45
RandomPlacer,60,557,True,1.7983,-1,4,0.923,0.7298,524.8,46,41,34
RandomPlacer,60,558,True,1.8382,-1,3,0.8083,0.2746,860.21,64,55,40
RandomPlacer,60,559,True,1.9516,-1,6,0.9432,-0.2555,891.12,67,78,61
RandomPlacer,60,560,True,1.7848,-1,3,1.0164,0.1987,639.19,50,53,57
RandomPlacer,60,561,True,1.8727,-1,7,0.9191,-0.0369,816.88,62,63,55
RandomPlacer,60,562,True,1.8687,-1,5,0.7685,0.0647,667.95,54,45,27
RandomPlacer,60,563,True,1.8547,-1,4,0.8929,-0.1309,767.61,56,56,39
RandomPlacer,60,564,True,1.8818,-1,8,1.0875,0.4443,800.63,60,75,50
RandomPlacer,60,565,True,1.8517,-1,6,0.822,0.1959,848.91,64,69,54
RandomPlacer,60,566,True,1.8517,-1,3,1.0618,-0.1915,915.53,65,73,51
RandomPlacer,60,567,True,1.9474,-1,8,1.0831,0.0158,824.99,60,79,47
RandomPlacer,60,568,True,1.7726,-1,3,1.133,0.3239,1197.7,78,85,53
RandomPlacer,60,569,True,1.665,-1,7,0.8694,0.5183,934.81,68,54,43
RandomPlacer,60,570,True,1.7433,-1,3,0.904,0.1472,695.87,54,46,37
RandomPlacer,60,571,True,1.879,-1,3,1.0957,-0.2585,953.91,66,87,53
RandomPlacer,60,572,True,1.8243,-1,4,1.0133,0.329,1025.48,75,75,43
RandomPlacer,60,573,True,1.82,-1,3,0.7952,0.0645,748.25,59,51,49
RandomPlacer,60,574,True,1.7088,-1,4,0.8628,-0.1138,957.2,73,74,56
RandomPlacer,60,575,True,1.8992,-1,5,0.9991,0.0938,872.2,66,68,47
RandomPlacer,60,576,True,1.7367,-1,3,0.8202,0.1118,822.54,62,59,45
RandomPlacer,60,577,True,1.8674,-1,4,0.9785,-0.1783,800.36,59,63,44
RandomPlacer,60,578,True,1.8702,-1,5,0.9443,0.0334,860.87,64,74,48
RandomPlacer,60,579,True,1.9438,-1,6,0.8549,0.0659,1051.12,78,83,54
RandomPlacer,60,580,True,1.8775,-1,7,0.9086,0.0331,957.25,73,80,43
RandomPlacer,60,581,True,1.6362,-1,2,1.0054,-0.0211,588.99,49,55,37
RandomPlacer,60,582,True,1.7663,-1,5,1.0854,-0.0853,850.99,65,87,30
RandomPlacer,60,583,True,1.8493,-1,3,0.8842,-0.0113,771.53,59,52,44
RandomPlacer,60,584,True,1.8718,-1,6,1.2216,0.1126,914.0,69,76,49
RandomPlacer,60,585,True,1.798,-1,3,1.43,0.1092,750.89,57,73,42
RandomPlacer,60,586,True,1.8487,-1,4,1.0304,-0.1209,795.86,61,64,37
RandomPlacer,60,587,True,1.6848,-1,3,1.1133,0.1547,826.24,58,53,53
RandomPlacer,60,588,True,1.8211,-1,6,0.8259,0.289,928.83,69,68,43
RandomPlacer,60,589,True,1.8608,-1,6,0.9675,-0.1632,806.32,61,72,42
RandomPlacer,60,590,True,1.8477,-1,2,0.8635,-0.1677,673.85,51,61,38
RandomPlacer,60,591,True,1.7908,-1,7,0.8333,0.1421,976.71,72,60,53
RandomPlacer,60,592,True,1.8909,-1,5,0.9079,0.2383,856.31,65,57,50
RandomPlacer,60,593,True,1.8796,-1,4,1.118,0.1684,766.13,58,55,51
RandomPlacer,60,594,True,1.8669,-1,4,0.9269,0.241,730.1,55,56,57
RandomPlacer,60,595,True,1.8555,-1,6,0.9971,0.3024,1100.51,81,91,45
RandomPlacer,60,596,True,1.7518,-1,2,0.8516,-0.2958,723.11,55,58,51
RandomPlacer,60,597,True,1.8668,-1,5,0.8919,-0.3092,618.09,48,45,49
RandomPlacer,60,598,True,1.7051,-1,2,1.1806,-0.2619,568.89,48,56,37
RandomPlacer,60,599,True,1.8711,-1,6,0.9514,0.1543,809.94,62,63,50
RandomPlacer,60,600,True,1.8997,-1,7,0.9956,0.1681,1003.15,75,65,56
RandomPlacer,60,601,True,1.979,-1,8,1.01,0.1488,650.5,50,65,49
RandomPlacer,60,602,True,1.7921,-1,5,0.8737,0.3418,981.88,73,77,58
RandomPlacer,60,603,True,1.7893,-1,3,0.8364,0.2626,821.73,60,67,39
RandomPlacer,60,604,True,1.7648,-1,2,0.9204,0.0952,1026.73,76,78,53
RandomPlacer,60,605,True,1.8473,-1,4,0.964,-0.0238,725.77,56,83,52
RandomPlacer,60,606,True,1.8657,-1,4,1.1826,0.1892,496.67,41,53,36
RandomPlacer,60,607,True,1.8046,-1,3,1.1763,0.3113,584.95,46,61,41
RandomPlacer,60,608,True,1.8704,-1,5,0.9079,0.0568,863.83,65,73,46
RandomPlacer,60,609,True,1.7414,-1,4,0.7487,-0.034,823.97,61,52,47
RandomPlacer,60,610,True,1.8872,-1,8,0.8538,-0.1333,973.2,73,66,44
RandomPlacer,60,611,True,1.801,-1,3,0.8686,0.247,1022.53,75,83,44
RandomPlacer,60,612,True,1.8222,-1,4,1.0286,-0.144,978.54,65,62,48
RandomPlacer,60,613,True,1.812,-1,4,0.8621,-0.0617,794.66,61,66,30
RandomPlacer,60,614,True,1.8,-1,6,1.0974,-0.3429,944.54,71,90,36
RandomPlacer,60,615,True,1.7845,-1,5,1.1024,0.1983,652.12,50,62,45
RandomPlacer,60,616,True,1.8971,-1,4,0.6384,-0.0672,875.26,64,61,44
RandomPlacer,60,617,True,1.8767,-1,5,0.9025,0.0882,1077.82,80,68,44
RandomPlacer,60,618,True,1.855,-1,7,0.7289,-0.3255,1005.25,75,65,41
RandomPlacer,60,619,True,1.8943,-1,5,1.0416,0.3066,571.8,46,44,28
RandomPlacer,60,620,True,1.9401,-1,7,0.8937,-0.1255,883.84,66,67,54
RandomPlacer,60,621,True,1.6808,-1,4,1.0596,-0.0617,644.56,50,51,44
RandomPlacer,60,622,True,1.8428,-1,4,1.216,0.2174,676.32,52,64,59
RandomPlacer,60,623,True,1.8287,-1,3,1.2653,0.2,640.55,49,56,31
RandomPlacer,60,624,True,1.8208,-1,3,1.1954,0.0712,710.85,55,72,43
RandomPlacer,60,625,True,1.7421,-1,7,1.0693,0.0805,901.3,67,82,43
RandomPlacer,60,626,True,1.9242,-1,9,0.853,0.3146,889.33,65,71,52
RandomPlacer,60,627,True,1.8392,-1,6,0.8807,0.1287,736.73,55,69,44
RandomPlacer,60,628,True,1.8292,-1,5,0.8275,-0.4365,794.47,60,69,34
RandomPlacer,60,629,True,1.9256,-1,9,1.1327,0.0408,963.43,73,86,61
RandomPlacer,60,630,True,1.7318,-1,4,1.0322,0.3722,813.09,60,82,45
RandomPlacer,60,631,True,1.9048,-1,5,0.9223,-0.2895,911.58,67,76,47
RandomPlacer,60,632,True,1.7732,-1,3,0.917,-0.1293,797.57,61,63,49
RandomPlacer,60,633,True,1.7965,-1,5,1.0532,0.2204,722.68,55,57,50
RandomPlacer,60,634,True,1.848,-1,4,1.3919,-0.3261,644.76,49,75,58
RandomPlacer,60,635,True,1.8399,-1,5,1.0135,0.2244,824.92,62,76,45
RandomPlacer,60,636,True,1.8346,-1,3,0.4965,0.1885,426.0,38,29,37
RandomPlacer,60,637,True,1.7345,-1,3,0.999,-0.0163,839.27,62,60,39
RandomPlacer,60,638,True,1.8615,-1,5,1.1623,0.2918,728.88,55,68,45
RandomPlacer,60,639,True,1.7819,-1,4,1.051,-0.2098,965.84,71,84,50
RandomPlacer,60,640,True,1.9217,-1,6,0.8029,-0.1433,876.33,67,58,44
RandomPlacer,60,641,True,1.9544,-1,5,1.0,0.1047,588.77,48,48,40
RandomPlacer,60,642,True,1.9714,-1,4,0.9538,-0.3206,856.31,65,65,52
RandomPlacer,60,643,True,1.7265,-1,6,0.8514,-0.0061,784.26,58,64,42
RandomPlacer,60,644,True,1.8021,-1,3,1.0216,-0.1154,908.64,68,74,42
RandomPlacer,60,645,True,1.9034,-1,3,1.0629,-0.1081,962.71,68,75,46
RandomPlacer,60,646,True,1.7484,-1,4,0.9681,-0.1067,890.82,67,70,54
RandomPlacer,60,647,True,1.7001,-1,4,1.0857,0.0335,942.63,70,70,50
RandomPlacer,60,648,True,1.8811,-1,7,1.056,0.3621,699.66,59,69,52
RandomPlacer,60,649,True,1.7283,-1,4,1.1431,0.075,789.05,60,65,57
RandomPlacer,60,650,True,1.8903,-1,6,0.8196,0.2133,904.35,69,79,38
RandomPlacer,60,651,True,1.7634,-1,7,0.8882,-0.1587,774.97,58,70,52
RandomPlacer,60,652,True,1.8632,-1,5,0.9128,-0.1613,893.93,69,68,59
RandomPlacer,60,653,True,1.6944,-1,4,0.9533,-0.0549,998.76,74,90,45
RandomPlacer,60,654,True,1.8914,-1,5,0.9922,0.0754,882.63,67,80,59
RandomPlacer,60,655,True,1.678,-1,4,0.9825,0.4462,762.3,57,57,44
RandomPlacer,60,656,True,1.8982,-1,6,1.0737,0.2023,718.62,58,68,39
RandomPlacer,60,657,True,1.9291,-1,4,0.9622,-0.0898,758.31,60,56,37
RandomPlacer,60,658,True,1.7792,-1,3,1.1046,0.323,716.94,54,71,25
RandomPlacer,60,659,True,1.7809,-1,3,0.7524,0.0653,604.83,46,38,43
RandomPlacer,60,660,True,1.505,-1,2,1.1364,-0.2621,795.31,60,67,50
RandomPlacer,60,661,True,1.809,-1,3,0.9211,0.0091,960.9,72,79,66
RandomPlacer,60,662,True,1.8299,-1,5,0.8686,0.3643,791.9,61,60,35
RandomPlacer,60,663,True,1.7963,-1,5,0.7707,-0.0593,851.89,66,69,36
RandomPlacer,60,664,True,1.9256,-1,6,1.0966,-0.0862,779.11,58,67,56
RandomPlacer,60,665,True,1.877,-1,5,1.1512,0.3367,899.97,68,75,48
RandomPlacer,60,666,True,1.6405,-1,4,0.8086,-0.3008,882.71,68,69,41
RandomPlacer,60,667,True,1.6929,-1,5,0.7792,-0.3571,1041.98,77,77,47
RandomPlacer,60,668,True,1.8057,-1,7,0.8311,-0.3641,674.54,55,59,49
RandomPlacer,60,669,True,1.8968,-1,6,0.9922,0.0362,999.85,76,87,40
RandomPlacer,60,670,True,1.8016,-1,3,0.8222,0.3093,781.21,59,77,43
RandomPlacer,60,671,True,1.8166,-1,4,1.0058,-0.0504,673.51,51,57,43
RandomPlacer,60,672,True,1.916,-1,3,0.9804,0.2487,809.39,61,77,36
RandomPlacer,60,673,True,1.7297,-1,5,0.8328,-0.1199,876.81,68,73,44
RandomPlacer,60,674,True,1.7761,-1,2,0.7567,0.1968,787.8,60,66,55
RandomPlacer,60,675,True,1.9542,-1,9,1.1704,0.0095,917.77,71,79,66
RandomPlacer,60,676,True,1.8669,-1,5,1.436,-0.1443,730.37,55,76,36
RandomPlacer,60,677,True,1.7082,-1,4,0.968,-0.0652,850.56,63,71,44
RandomPlacer,60,678,True,1.7923,-1,3,0.9732,-0.3221,692.89,55,64,35
RandomPlacer,60,679,True,1.794,-1,7,1.2114,0.2135,839.53,63,76,39
RandomPlacer,60,680,True,1.8576,-1,5,0.96,-0.0597,1020.49,75,75,56
RandomPlacer,60,681,True,1.8396,-1,5,1.0068,0.2157,861.94,63,78,48
RandomPlacer,60,682,True,1.8514,-1,9,0.8914,-0.0162,811.28,65,63,40
RandomPlacer,60,683,True,1.8526,-1,4,0.8963,0.1961,640.75,49,51,29
RandomPlacer,60,684,True,1.8852,-1,10,1.1224,0.144,745.13,56,76,45
RandomPlacer,60,685,True,1.8297,-1,5,0.8698,0.1087,716.27,57,48,40
RandomPlacer,60,686,True,1.9281,-1,10,0.8712,-0.4391,945.53,70,71,55
RandomPlacer,60,687,True,1.8736,-1,7,1.0509,0.0977,701.47,53,57,33
RandomPlacer,60,688,True,1.9342,-1,6,1.1782,0.1245,810.79,62,73,48
RandomPlacer,60,689,True,1.8329,-1,3,1.1338,0.2035,835.77,63,78,38
RandomPlacer,60,690,True,1.7193,-1,2,0.8313,0.2432,855.08,66,63,48
RandomPlacer,60,691,True,1.8647,-1,4,1.2851,0.5948,652.25,52,49,40
RandomPlacer,60,692,True,1.7607,-1,5,1.1812,-0.0238,822.25,63,80,47
RandomPlacer,60,693,True,1.9329,-1,5,0.8968,0.2424,874.4,68,69,41
RandomPlacer,60,694,True,1.8691,-1,3,0.8842,0.0661,806.08,61,63,39
RandomPlacer,60,695,True,1.8714,-1,6,1.0797,0.1792,703.87,55,67,40
RandomPlacer,60,696,True,1.814,-1,3,0.8539,0.3897,943.77,70,66,49
RandomPlacer,60,697,True,1.8674,-1,6,1.28,-0.083,672.3,50,60,49
RandomPlacer,60,698,True,1.9117,-1,4,0.9624,0.0696,903.82,67,80,52
RandomPlacer,60,699,True,1.88,-1,8,1.1684,0.1611,690.32,53,55,40
RandomPlacer,60,700,True,1.8322,-1,4,0.8208,-0.2105,951.34,69,64,37
RandomPlacer,60,701,True,1.734,-1,4,1.0711,0.1715,910.81,67,71,52
RandomPlacer,60,702,True,1.9462,-1,5,1.0349,-0.3802,598.52,47,55,26
RandomPlacer,60,703,True,1.8011,-1,6,0.9831,0.103,840.91,63,65,47
RandomPlacer,60,704,True,1.8793,-1,5,1.1233,0.1159,872.78,65,83,44
RandomPlacer,60,705,True,1.8179,-1,2,0.912,0.1293,658.69,51,56,35
RandomPlacer,60,706,True,1.721,-1,5,1.2099,-0.0772,829.95,63,70,49
RandomPlacer,60,707,True,1.8996,-1,7,0.8864,-0.2919,926.15,69,83,46
RandomPlacer,60,708,True,1.7024,-1,2,1.2095,-0.0565,645.12,49,55,37
RandomPlacer,60,709,True,1.7657,-1,3,0.8259,0.2656,840.38,64,61,42
RandomPlacer,60,710,True,1.7965,-1,5,0.8772,0.053,1003.22,75,79,37
RandomPlacer,60,711,True,1.841,-1,5,0.7906,-0.094,948.33,69,79,44
RandomPlacer,60,712,True,1.7077,-1,3,0.8845,0.1008,1065.28,78,79,48
RandomPlacer,60,713,True,1.8522,-1,7,1.0149,0.1504,870.89,66,65,64
RandomPlacer,60,714,True,1.7291,-1,2,0.9959,0.4072,589.55,47,44,46
RandomPlacer,60,715,True,1.8903,-1,5,0.8944,-0.1207,732.65,57,56,62
RandomPlacer,60,716,True,1.9057,-1,7,0.9997,0.1034,703.96,55,54,46
RandomPlacer,60,717,True,1.7872,-1,5,0.7921,0.4214,592.07,45,41,19
RandomPlacer,60,718,True,1.7906,-1,6,0.9333,-0.0844,854.97,64,55,39
RandomPlacer,60,719,True,1.8847,-1,7,0.6788,0.1314,806.25,61,55,32
RandomPlacer,60,720,True,1.9527,-1,6,0.843,0.2313,776.41,58,50,44
RandomPlacer,60,721,True,1.8592,-1,4,0.9998,0.1111,1006.47,73,72,41
RandomPlacer,60,722,True,1.9039,-1,5,0.868,-0.1502,807.35,61,53,41
RandomPlacer,60,723,True,1.875,-1,5,0.8842,0.0942,802.19,61,63,51
RandomPlacer,60,724,True,1.6627,-1,4,0.9711,0.1609,814.78,62,69,60
RandomPlacer,60,725,True,1.8738,-1,4,0.8257,0.382,605.91,47,50,44
RandomPlacer,60,726,True,1.9093,-1,8,0.9056,-0.1757,1041.71,79,73,35
RandomPlacer,60,727,True,1.8381,-1,5,0.9658,0.1097,784.89,59,60,34
RandomPlacer,60,728,True,1.8368,-1,5,0.9218,-0.1918,797.99,61,48,49
RandomPlacer,60,729,True,1.769,-1,4,1.026,-0.0053,905.78,68,64,49
RandomPlacer,60,730,True,1.9264,-1,5,1.3258,0.1801,779.71,58,66,38
RandomPlacer,60,731,True,1.8711,-1,5,1.0697,0.2123,777.33,60,77,50
RandomPlacer,60,732,True,1.7074,-1,5,1.0848,-0.0936,932.16,68,72,56
RandomPlacer,60,733,True,1.8909,-1,3,0.9753,-0.0623,602.99,48,51,41
RandomPlacer,60,734,True,1.8286,-1,5,1.0737,-0.0616,755.51,58,68,48
RandomPlacer,60,735,True,1.7999,-1,5,0.9908,-0.0241,557.04,43,62,38
RandomPlacer,60,736,True,1.8966,-1,3,0.7908,-0.0427,583.03,44,41,49
RandomPlacer,60,737,True,1.7884,-1,5,0.7732,-0.1552,749.16,58,55,46
RandomPlacer,60,738,True,1.957,-1,9,0.9102,-0.1417,903.91,67,66,48
RandomPlacer,60,739,True,1.7387,-1,4,0.8714,0.0415,735.37,55,42,54
RandomPlacer,60,740,True,1.647,-1,5,0.9996,0.1239,625.0,48,71,45
RandomPlacer,60,741,True,1.7511,-1,4,1.0895,-0.2721,710.34,54,69,27
RandomPlacer,60,742,True,1.802,-1,4,0.8614,-0.0839,921.05,70,63,52
RandomPlacer,60,743,True,1.7215,-1,3,1.0533,0.0707,740.48,56,57,54
RandomPlacer,60,744,True,1.8551,-1,4,0.7284,0.3415,934.29,70,71,47
RandomPlacer,60,745,True,1.7067,-1,4,0.9949,0.2166,807.42,61,79,56
RandomPlacer,60,746,True,1.7977,-1,8,0.7544,0.0964,959.51,72,65,60
RandomPlacer,60,747,True,1.7921,-1,7,0.9109,0.0633,914.4,68,70,52
RandomPlacer,60,748,True,1.8762,-1,4,0.8779,0.0629,869.52,66,68,40
RandomPlacer,60,749,True,1.8247,-1,7,0.8512,0.1844,869.91,68,56,35
RandomPlacer,60,750,True,1.8408,-1,2,0.8772,0.0623,714.31,57,57,51
RandomPlacer,60,751,True,1.7921,-1,7,0.81,0.0303,901.3,67,60,52
RandomPlacer,60,752,True,1.8967,-1,7,1.0009,0.2365,736.98,57,72,45
RandomPlacer,60,753,True,1.8049,-1,4,0.9055,-0.0093,582.04,46,42,46
RandomPlacer,60,754,True,1.7755,-1,5,0.8653,-0.2259,962.92,70,60,58
RandomPlacer,60,755,True,1.9168,-1,11,0.9597,0.1404,1102.98,85,91,50
RandomPlacer,60,756,True,1.7799,-1,5,0.6521,-0.0749,832.65,64,55,53
RandomPlacer,60,757,True,1.7706,-1,4,0.9193,-0.0463,881.67,65,61,58
RandomPlacer,60,758,True,1.8811,-1,4,1.1675,-0.123,812.21,62,72,56
RandomPlacer,60,759,True,1.8596,-1,5,0.9008,0.2679,829.12,61,69,22
RandomPlacer,60,760,True,1.8516,-1,7,1.2001,-0.2854,747.33,58,67,44
RandomPlacer,60,761,True,1.8398,-1,6,0.8002,0.4044,847.68,63,46,43
RandomPlacer,60,762,True,1.8555,-1,4,0.8154,-0.0574,1010.37,74,67,46
RandomPlacer,60,763,True,1.8698,-1,7,0.9107,-0.2327,754.82,59,55,57
RandomPlacer,60,764,True,1.8954,-1,12,0.9022,-0.1128,799.9,62,64,45
RandomPlacer,60,765,True,1.871,-1,6,1.1584,0.0742,1033.19,76,99,43
RandomPlacer,60,766,True,1.9466,-1,6,0.9784,0.0258,884.37,68,78,67
RandomPlacer,60,767,True,1.8355,-1,5,0.9434,0.0023,740.41,53,53,40
RandomPlacer,60,768,True,1.817,-1,7,0.8937,-0.0191,897.02,66,65,53
RandomPlacer,60,769,True,1.878,-1,3,0.999,0.0792,797.04,62,64,45
RandomPlacer,60,770,True,1.86,-1,4,0.8511,-0.2779,474.2,38,43,33
RandomPlacer,60,771,True,1.7916,-1,3,1.0681,-0.1341,917.71,68,63,46
RandomPlacer,60,772,True,1.8558,-1,5,1.0766,0.2848,820.36,61,70,43
RandomPlacer,60,773,True,1.8333,-1,5,1.0179,0.0498,867.78,68,79,45
RandomPlacer,60,774,True,1.8567,-1,3,0.8808,0.3568,777.89,60,63,61
RandomPlacer,60,775,True,1.8795,-1,6,0.925,0.3531,678.56,51,63,41
RandomPlacer,60,776,True,1.7811,-1,2,1.0965,-0.2436,827.04,63,74,46
RandomPlacer,60,777,True,1.72,-1,4,1.1597,-0.2588,919.96,72,78,52
RandomPlacer,60,778,True,1.7244,-1,2,0.9997,-0.0049,750.99,59,60,41
RandomPlacer,60,779,True,1.8844,-1,7,1.0238,0.064,760.63,59,84,44
RandomPlacer,60,780,True,1.8064,-1,5,1.0092,0.0271,921.44,70,75,42
RandomPlacer,60,781,True,1.9422,-1,9,1.0187,0.1103,880.89,69,76,49
RandomPlacer,60,782,True,1.5634,-1,2,1.0784,-0.0548,798.4,63,65,37
RandomPlacer,60,783,True,1.8466,-1,7,0.9403,-0.0959,897.71,68,66,54
RandomPlacer,60,784,True,1.8997,-1,8,0.819,0.281,887.3,68,53,43
RandomPlacer,60,785,True,1.8818,-1,5,0.7989,-0.1642,783.5,60,62,52
RandomPlacer,60,786,True,1.8977,-1,6,0.9952,-0.0344,727.48,58,62,53
RandomPlacer,60,787,True,1.8023,-1,3,0.8748,-0.2436,805.3,65,62,43
RandomPlacer,60,788,True,1.872,-1,5,1.0758,-0.2534,688.29,54,61,44
RandomPlacer,60,789,True,1.8706,-1,5,1.2265,-0.4592,809.14,63,89,46
RandomPlacer,60,790,True,1.7151,-1,2,1.0817,-0.0723,516.66,43,51,51
RandomPlacer,60,791,True,1.7525,-1,5,1.0238,-0.3498,740.75,58,64,48
RandomPlacer,60,792,True,1.7822,-1,4,0.8584,-0.0924,797.51,61,71,47
RandomPlacer,60,793,True,1.7553,-1,4,0.6982,-0.2173,697.55,54,58,40
RandomPlacer,60,794,True,1.8322,-1,4,0.8029,-0.1275,751.63,58,53,41
RandomPlacer,60,795,True,1.8434,-1,3,0.8943,-0.1708,951.04,71,77,51
RandomPlacer,60,796,True,1.7534,-1,3,0.8637,-0.1617,836.03,62,82,41
RandomPlacer,60,797,True,1.8984,-1,8,1.0121,-0.2343,886.74,65,77,49
RandomPlacer,60,798,True,1.7201,-1,3,0.8621,0.2134,796.92,61,66,30
RandomPlacer,60,799,True,1.8578,-1,4,0.8814,-0.1176,759.7,56,62,32
RandomPlacer,60,800,True,1.7522,-1,7,0.9387,-0.1589,921.55,71,76,51
RandomPlacer,60,801,True,1.8063,-1,3,1.0067,0.2501,887.45,66,79,38
RandomPlacer,60,802,True,1.6813,-1,7,0.835,0.4324,827.29,64,58,47
RandomPlacer,60,803,True,1.7626,-1,4,0.9856,0.0183,975.6,73,71,44
RandomPlacer,60,804,True,1.7249,-1,4,0.9678,0.252,900.25,68,77,49
RandomPlacer,60,805,True,1.7201,-1,3,0.9986,-0.4085,609.43,47,59,37
RandomPlacer,60,806,True,1.6771,-1,3,1.0502,-0.2796,765.9,58,69,38
RandomPlacer,60,807,True,1.904,-1,7,0.8018,0.2571,687.63,52,48,32
RandomPlacer,60,808,True,1.8225,-1,3,0.9868,0.2632,807.22,61,68,52
RandomPlacer,60,809,True,1.8109,-1,7,0.7304,0.0609,924.31,71,62,56
RandomPlacer,60,810,True,1.8364,-1,6,0.86,0.2574,777.05,60,72,37
RandomPlacer,60,811,True,1.887,-1,4,1.16,-0.0958,814.37,63,74,51
RandomPlacer,60,812,True,1.906,-1,5,1.0531,-0.0642,943.69,73,70,69
RandomPlacer,60,813,True,1.8423,-1,8,0.9796,0.2608,662.65,50,51,45
RandomPlacer,60,814,True,1.8959,-1,6,1.0336,-0.2308,784.92,59,58,41
RandomPlacer,60,815,True,1.8148,-1,7,0.9543,-0.1974,862.24,66,65,38
RandomPlacer,60,816,True,1.7967,-1,4,0.7536,0.1921,861.89,65,51,48
RandomPlacer,60,817,True,1.8769,-1,5,0.8263,0.284,901.9,70,61,63
RandomPlacer,60,818,True,1.8335,-1,5,0.9471,-0.1029,946.62,70,77,37
RandomPlacer,60,819,True,1.8376,-1,4,0.9514,0.1017,617.66,48,68,36
RandomPlacer,60,820,True,1.7831,-1,7,1.2563,0.1998,923.58,70,82,49
RandomPlacer,60,821,True,1.8556,-1,2,0.8319,-0.1675,1052.97,78,75,50
RandomPlacer,60,822,True,1.8191,-1,5,0.7957,-0.0761,1059.83,79,66,63
RandomPlacer,60,823,True,1.9112,-1,5,0.7422,0.1494,838.73,65,72,43
RandomPlacer,60,824,True,1.7504,-1,2,1.0736,-0.0029,624.32,50,54,49
RandomPlacer,60,825,True,1.8412,-1,8,0.8875,0.1016,710.45,54,56,51
RandomPlacer,60,826,True,1.7683,-1,4,0.7689,0.1171,928.98,71,61,43
RandomPlacer,60,827,True,1.7415,-1,5,0.9527,-0.2693,890.52,69,54,56
RandomPlacer,60,828,True,1.8002,-1,3,0.9512,0.0401,627.74,51,46,31
RandomPlacer,60,829,True,1.842,-1,11,0.7879,0.1331,846.68,66,66,58
RandomPlacer,60,830,True,1.9531,-1,10,1.1117,0.0923,743.08,57,63,44
RandomPlacer,60,831,True,1.871,-1,4,0.9197,0.0956,943.77,71,82,43
RandomPlacer,60,832,True,1.733,-1,4,0.777,-0.049,962.73,72,70,51
RandomPlacer,60,833,True,1.8689,-1,6,0.8979,0.1302,900.52,68,76,49
RandomPlacer,60,834,True,1.7802,-1,2,0.8575,-0.0188,749.31,57,65,36
RandomPlacer,60,835,True,1.831,-1,7,0.7825,0.0901,851.03,65,62,40
RandomPlacer,60,836,True,1.6008,-1,2,1.1583,-0.0946,716.59,55,59,41
RandomPlacer,60,837,True,1.7229,-1,3,0.7844,-0.0445,729.53,56,54,40
RandomPlacer,60,838,True,1.7701,-1,4,0.8951,0.2885,907.47,68,71,33
RandomPlacer,60,839,True,1.8983,-1,3,0.9528,0.2391,712.45,56,62,32
RandomPlacer,60,840,True,1.9141,-1,10,1.0642,-0.2015,995.63,76,73,50
RandomPlacer,60,841,True,1.7072,-1,7,1.1947,-0.0846,703.72,55,59,37
RandomPlacer,60,842,True,1.777,-1,8,0.8661,0.1327,948.72,71,65,44
RandomPlacer,60,843,True,1.8588,-1,7,0.8331,0.0197,877.31,66,67,53
RandomPlacer,60,844,True,1.8046,-1,4,0.9371,-0.0313,617.73,48,47,44
RandomPlacer,60,845,True,1.9556,-1,6,1.0216,-0.1029,903.24,68,74,54
RandomPlacer,60,846,True,1.8547,-1,6,0.9227,0.0418,904.02,70,57,64
RandomPlacer,60,847,True,1.7714,-1,3,0.9475,0.1079,794.9,60,57,51
RandomPlacer,60,848,True,1.9186,-1,7,0.8641,0.5702,707.3,55,46,45
RandomPlacer,60,849,True,1.8868,-1,4,1.1583,0.1105,686.14,55,59,46
RandomPlacer,60,850,True,1.8873,-1,6,1.0479,-0.1706,832.75,62,70,46
RandomPlacer,60,851,True,1.8801,-1,4,0.9383,-0.2038,868.96,67,64,54
RandomPlacer,60,852,True,1.7588,-1,7,1.0048,-0.0421,753.17,58,68,50
RandomPlacer,60,853,True,1.9427,-1,8,0.7725,0.1236,827.41,64,58,50
RandomPlacer,60,854,True,1.7305,-1,4,0.7744,0.3402,1081.63,80,78,40
RandomPlacer,60,855,True,1.9557,-1,12,1.1534,-0.3413,865.44,66,82,39
RandomPlacer,60,856,True,1.9505,-1,10,1.0175,0.2479,788.25,56,71,48
RandomPlacer,60,857,True,1.8289,-1,5,0.9263,-0.1174,748.4,58,62,35
RandomPlacer,60,858,True,1.8427,-1,6,0.9365,-0.1739,840.2,64,66,36
RandomPlacer,60,859,True,1.8072,-1,2,0.8961,0.1417,883.44,65,72,49
RandomPlacer,60,860,True,1.8515,-1,5,0.8707,-0.1339,850.52,63,66,30
RandomPlacer,60,861,True,1.8881,-1,4,1.1733,0.0655,720.92,57,65,43
RandomPlacer,60,862,True,1.8513,-1,11,1.33,0.2873,635.59,50,75,53
RandomPlacer,60,863,True,1.7454,-1,4,1.0297,0.0455,765.26,58,62,31
RandomPlacer,60,864,True,1.8846,-1,7,0.9097,0.0226,739.0,60,65,36
RandomPlacer,60,865,True,1.8806,-1,4,0.6497,-0.2031,785.85,60,59,45
RandomPlacer,60,866,True,1.8203,-1,3,1.0316,0.2975,656.55,54,58,54
RandomPlacer,60,867,True,1.6744,-1,4,1.1039,0.0832,866.94,65,69,43
RandomPlacer,60,868,True,1.8473,-1,2,1.0091,-0.0992,975.2,72,77,45
RandomPlacer,60,869,True,1.8216,-1,5,1.0786,0.4135,894.66,67,60,53
RandomPlacer,60,870,True,1.8688,-1,3,1.02,-0.252,739.85,57,64,42
RandomPlacer,60,871,True,1.909,-1,6,0.8728,0.0991,829.48,63,64,43
RandomPlacer,60,872,True,1.8303,-1,3,1.0867,0.205,728.69,56,64,39
RandomPlacer,60,873,True,1.9051,-1,3,0.7313,0.1364,974.6,72,59,44
RandomPlacer,60,874,True,1.7392,-1,3,0.8736,0.2082,993.17,74,84,39
RandomPlacer,60,875,True,1.8522,-1,3,1.1287,0.3254,843.58,64,71,41
RandomPlacer,60,876,True,1.6338,-1,1,1.0011,0.0234,680.56,52,59,37
RandomPlacer,60,877,True,1.9422,-1,9,0.8227,0.44,903.87,68,70,41
RandomPlacer,60,878,True,1.8758,-1,5,1.0942,-0.1056,715.38,55,65,56
RandomPlacer,60,879,True,1.7293,-1,3,0.8416,0.0776,1030.82,77,64,56
RandomPlacer,60,880,True,1.7328,-1,3,0.8428,0.0587,851.25,64,62,48
RandomPlacer,60,881,True,1.8127,-1,6,0.8622,0.2105,812.37,60,64,37
RandomPlacer,60,882,True,1.9104,-1,6,0.9287,0.0409,827.89,64,58,57
RandomPlacer,60,883,True,1.8586,-1,3,0.9461,-0.3924,723.32,56,57,44
RandomPlacer,60,884,True,1.9293,-1,4,1.1525,-0.3192,525.86,42,61,41
RandomPlacer,60,885,True,1.9134,-1,3,1.2041,-0.3579,526.68,42,54,36
RandomPlacer,60,886,True,1.6661,-1,5,0.7284,0.1866,963.86,72,52,51
RandomPlacer,60,887,True,1.7856,-1,8,0.7748,-0.0892,1022.77,76,73,40
RandomPlacer,60,888,True,1.8711,-1,5,1.0249,0.1283,834.78,65,60,51
RandomPlacer,60,889,True,1.7606,-1,2,1.2431,-0.1639,541.32,47,58,29
RandomPlacer,60,890,True,1.812,-1,4,1.0608,-0.2,886.22,67,81,44
RandomPlacer,60,891,True,1.8641,-1,7,0.8811,0.0036,990.89,75,63,47
RandomPlacer,60,892,True,1.6938,-1,4,0.7355,0.188,922.73,70,64,45
RandomPlacer,60,893,True,1.8678,-1,9,0.8532,-0.0263,975.81,74,66,64
RandomPlacer,60,894,True,1.9003,-1,10,0.9575,0.2035,693.86,54,58,29
RandomPlacer,60,895,True,1.7347,-1,2,0.8559,-0.2908,718.67,56,58,53
RandomPlacer,60,896,True,1.8838,-1,7,0.8083,-0.0603,836.8,64,55,42
RandomPlacer,60,897,True,1.9785,-1,5,1.0028,-0.1026,510.99,42,59,32
RandomPlacer,60,898,True,1.9333,-1,8,0.9014,0.0414,929.62,71,71,46
RandomPlacer,60,899,True,1.8076,-1,9,0.9931,0.1768,600.99,48,44,47
RandomPlacer,60,900,True,1.8654,-1,4,0.7949,-0.1401,968.12,73,61,51
RandomPlacer,60,901,True,1.8834,-1,4,0.8377,0.1472,826.83,62,60,37
RandomPlacer,60,902,True,1.9392,-1,6,1.1023,-0.1938,733.62,58,60,43
RandomPlacer,60,903,True,1.9629,-1,6,0.8377,-0.1535,808.46,62,60,53
RandomPlacer,60,904,True,1.8658,-1,5,1.0,0.0566,824.53,64,64,58
RandomPlacer,60,905,True,1.6923,-1,4,0.9821,0.07,879.62,69,73,50
RandomPlacer,60,906,True,1.7464,-1,2,1.1277,-0.0557,799.08,61,75,40
RandomPlacer,60,907,True,1.8246,-1,3,1.0,0.0319,585.37,46,46,30
RandomPlacer,60,908,True,1.8555,-1,5,0.9669,-0.0725,954.62,71,66,55
RandomPlacer,60,909,True,1.8381,-1,3,1.0737,0.1964,901.71,67,69,74
RandomPlacer,60,910,True,1.806,-1,3,1.0847,0.1367,760.15,58,69,49
RandomPlacer,60,911,True,1.9157,-1,6,0.8831,-0.2391,790.1,60,61,36
RandomPlacer,60,912,True,1.7491,-1,4,1.0767,-0.3238,906.64,69,76,49
RandomPlacer,60,913,True,1.8294,-1,6,0.8954,0.2632,759.92,58,56,51
RandomPlacer,60,914,True,1.9794,-1,3,0.9461,0.1429,733.98,57,55,32
RandomPlacer,60,915,True,1.9091,-1,3,1.1603,0.1438,636.12,51,63,39
RandomPlacer,60,916,True,1.8501,-1,5,0.9797,0.3046,665.62,53,55,37
RandomPlacer,60,917,True,1.7626,-1,4,1.185,-0.0246,884.34,69,73,45
RandomPlacer,60,918,True,1.8096,-1,7,0.7873,0.3252,727.5,57,65,31
RandomPlacer,60,919,True,1.764,-1,4,0.8928,0.2879,662.69,53,47,48
RandomPlacer,60,920,True,1.8852,-1,8,0.9355,0.1996,907.85,69,82,47
RandomPlacer,60,921,True,1.8095,-1,5,0.7814,0.0106,935.31,73,56,55
RandomPlacer,60,922,True,1.9304,-1,9,1.0527,0.1734,901.11,69,74,46
RandomPlacer,60,923,True,1.889,-1,8,1.0707,-0.0543,815.68,61,76,44
RandomPlacer,60,924,True,1.6994,-1,2,1.0156,0.0405,824.96,62,70,42
RandomPlacer,60,925,True,1.9025,-1,6,0.8546,0.0509,815.58,62,63,25
RandomPlacer,60,926,True,1.9265,-1,8,0.9828,-0.2885,859.29,67,79,38
RandomPlacer,60,927,True,1.8716,-1,6,1.0068,0.0064,831.22,63,78,41
RandomPlacer,60,928,True,1.6711,-1,6,0.8556,-0.5123,795.56,62,73,39
RandomPlacer,60,929,True,1.8913,-1,7,1.1927,0.3519,577.08,48,66,46
RandomPlacer,60,930,True,1.8234,-1,8,1.0327,0.2635,870.34,67,78,39
RandomPlacer,60,931,True,1.9152,-1,7,1.0911,-0.1269,881.28,67,90,60
RandomPlacer,60,932,True,1.7564,-1,3,1.0027,0.0443,689.2,54,64,49
RandomPlacer,60,933,True,1.8004,-1,6,0.8851,0.1304,931.94,69,77,32
RandomPlacer,60,934,True,1.8954,-1,5,0.9333,0.1774,563.09,45,45,34
RandomPlacer,60,935,True,1.9527,-1,9,1.1462,0.144,576.69,47,57,42
RandomPlacer,60,936,True,1.7791,-1,5,0.6695,0.2519,975.97,73,70,55
RandomPlacer,60,937,True,1.921,-1,7,0.7262,0.0544,758.2,59,62,42
RandomPlacer,60,938,True,1.727,-1,5,1.0134,0.1529,831.97,64,67,45
RandomPlacer,60,939,True,1.8618,-1,7,0.9375,-0.1479,682.01,56,70,43
RandomPlacer,60,940,True,1.8714,-1,4,1.0532,-0.1609,699.22,55,57,37
RandomPlacer,60,941,True,1.823,-1,5,0.9505,-0.2214,966.94,74,67,53
RandomPlacer,60,942,True,1.8125,-1,4,1.0486,0.0778,938.56,72,66,49
RandomPlacer,60,943,True,1.8043,-1,5,1.0156,-0.1367,859.74,66,74,50
RandomPlacer,60,944,True,1.822,-1,6,1.16,-0.0742,872.23,68,90,43
RandomPlacer,60,945,True,1.8733,-1,3,1.0229,-0.0238,806.29,62,68,46
RandomPlacer,60,946,True,1.7131,-1,3,1.0196,-0.002,757.52,61,68,56
RandomPlacer,60,947,True,1.9108,-1,7,1.1042,0.2615,965.02,72,78,40
RandomPlacer,60,948,True,1.9857,-1,9,0.9236,0.1583,700.35,55,66,44
RandomPlacer,60,949,True,1.9054,-1,8,0.8062,0.0402,1034.57,78,75,44
RandomPlacer,60,950,True,1.6894,-1,6,0.9669,0.1016,802.5,61,60,44
RandomPlacer,60,951,True,1.8321,-1,7,0.9045,0.3202,810.16,63,64,50
RandomPlacer,60,952,True,1.9029,-1,4,1.1456,0.1969,708.65,53,64,39
RandomPlacer,60,953,True,1.885,-1,6,0.9874,-0.0235,870.03,66,77,57
RandomPlacer,60,954,True,1.5736,-1,4,0.7184,-0.1901,637.33,50,48,52
RandomPlacer,60,955,True,1.892,-1,7,0.5805,-0.0215,1044.51,77,67,36
RandomPlacer,60,956,True,1.9089,-1,5,0.8573,-0.0854,757.5,58,54,36
RandomPlacer,60,957,True,1.8201,-1,5,1.0062,0.1237,816.11,62,72,38
RandomPlacer,60,958,True,1.7648,-1,3,0.956,-0.083,769.42,59,84,50
RandomPlacer,60,959,True,1.9504,-1,10,0.7245,-0.1266,808.81,61,54,51
RandomPlacer,60,960,True,1.8496,-1,6,1.0615,-0.2246,857.93,64,66,40
RandomPlacer,60,961,True,1.8736,-1,4,1.068,0.1818,754.81,57,68,43
RandomPlacer,60,962,True,1.7646,-1,6,0.5808,-0.0243,885.69,65,61,36
RandomPlacer,60,963,True,1.8073,-1,7,0.9593,0.1146,965.86,73,85,31
RandomPlacer,60,964,True,1.9321,-1,5,0.9625,0.3642,797.93,62,74,47
RandomPlacer,60,965,True,1.9074,-1,9,1.0831,0.1603,789.74,60,71,44
RandomPlacer,60,966,True,1.754,-1,4,1.0711,0.1056,878.51,67,71,52
RandomPlacer,60,967,True,1.8676,-1,4,0.8779,-0.0087,852.2,66,64,53
RandomPlacer,60,968,True,1.9484,-1,10,0.9584,0.1899,793.54,62,68,47
RandomPlacer,60,969,True,1.8323,-1,5,0.9648,-0.0008,829.35,64,60,53
RandomPlacer,60,970,True,1.7867,-1,7,1.0066,-0.3059,768.43,59,65,45
RandomPlacer,60,971,True,1.7723,-1,4,1.0812,0.1182,623.39,49,50,39
RandomPlacer,60,972,True,1.8356,-1,4,1.1141,-0.0008,1006.43,76,81,48
RandomPlacer,60,973,True,1.6911,-1,4,0.9583,-0.0113,578.83,48,48,44
RandomPlacer,60,974,True,1.7508,-1,5,0.8481,0.2322,787.61,63,69,35
RandomPlacer,60,975,True,1.7664,-1,3,1.2082,-0.2479,654.02,52,49,30
RandomPlacer,60,976,True,1.8616,-1,5,1.1206,0.1692,526.42,43,54,47
RandomPlacer,60,977,True,1.9727,-1,10,1.3484,0.3561,678.64,54,62,51
RandomPlacer,60,978,True,1.8354,-1,4,0.8544,0.098,842.79,65,80,48
RandomPlacer,60,979,True,1.674,-1,7,0.7881,-0.2912,665.85,52,53,30
RandomPlacer,60,980,True,1.7981,-1,5,0.5671,-0.1769,777.52,61,66,37
RandomPlacer,60,981,True,1.7596,-1,6,1.0069,0.0948,721.38,55,67,39
RandomPlacer,60,982,True,1.7932,-1,6,0.8223,-0.1374,798.94,62,63,32
RandomPlacer,60,983,True,1.6851,-1,5,1.0704,0.2177,581.91,46,55,43
RandomPlacer,60,984,True,1.8026,-1,3,0.7812,-0.1221,820.98,64,64,49
RandomPlacer,60,985,True,1.7866,-1,5,0.7816,0.1298,912.39,71,65,52
RandomPlacer,60,986,True,1.93,-1,4,0.9095,0.0363,801.87,62,52,54
RandomPlacer,60,987,True,1.8374,-1,4,0.8077,0.1291,639.74,52,52,51
RandomPlacer,60,988,True,1.8659,-1,7,0.9431,-0.0421,783.9,60,55,40
RandomPlacer,60,989,True,1.8547,-1,6,1.045,0.494,638.1,51,57,43
RandomPlacer,60,990,True,1.8643,-1,5,0.853,0.1304,580.5,46,55,42
RandomPlacer,60,991,True,1.7998,-1,2,1.0424,0.2596,866.37,65,74,50
RandomPlacer,60,992,True,1.9556,-1,10,1.152,-0.1921,926.97,70,75,48
RandomPlacer,60,993,True,1.7262,-1,3,0.7771,0.0258,831.38,64,55,44
RandomPlacer,60,994,True,1.7807,-1,2,1.1361,-0.1667,661.61,52,68,40
RandomPlacer,60,995,True,1.7211,-1,3,0.9049,-0.2472,781.16,59,53,36
RandomPlacer,60,996,True,1.5878,-1,6,0.8603,0.3531,956.22,72,74,50
RandomPlacer,60,997,True,1.8281,-1,7,1.0123,0.2428,1007.97,77,68,56
RandomPlacer,60,998,True,1.8527,-1,5,0.909,0.1223,918.65,68,77,48
RandomPlacer,60,999,True,1.7721,-1,5,1.0329,0.3791,719.24,57,49,41
GreedyPlacer,20,0,True,1.8424,-1,2,0.5306,0.4,8.51,7,4,6
GreedyPlacer,20,1,True,1.5567,-1,2,0.5714,0.5,7.85,7,7,3
GreedyPlacer,20,2,True,1.3788,-1,3,0.6939,0.8,7.66,7,6,4
GreedyPlacer,20,3,True,1.9502,-1,3,1.8367,-0.5,7.83,7,6,9
GreedyPlacer,20,4,True,1.6645,-1,2,0.7755,0.5,7.44,7,5,3
GreedyPlacer,20,5,True,1.5613,-1,2,0.8594,-0.5,9.75,8,7,3
GreedyPlacer,20,6,True,1.8424,-1,2,0.7755,-0.5,8.1,7,5,6
GreedyPlacer,20,7,True,1.8424,-1,1,1.2653,-0.5,7.91,7,8,5
GreedyPlacer,20,8,True,1.5567,-1,2,1.2653,0.0,8.07,7,8,3
GreedyPlacer,20,9,True,1.4056,-1,2,0.7344,1.0,9.8,8,5,3
GreedyPlacer,20,10,True,1.8424,-1,3,2.0,0.4,7.71,7,7,7
GreedyPlacer,20,11,True,1.8424,-1,1,3.102,0.0,8.17,7,11,3
GreedyPlacer,20,12,True,1.5567,-1,2,0.4898,0.0,8.39,7,5,2
GreedyPlacer,20,13,True,1.3788,-1,3,0.1224,0.9,7.96,7,1,7
GreedyPlacer,20,14,True,1.8424,-1,0,0.6939,0.0,8.29,7,8,2
GreedyPlacer,20,15,True,1.5567,-1,2,1.2653,0.9,8.26,7,6,5
GreedyPlacer,20,16,True,1.5567,-1,2,0.2449,1.0,8.0,7,3,4
GreedyPlacer,20,17,True,1.8113,-1,2,0.25,0.9429,9.86,8,4,7
GreedyPlacer,20,18,True,1.4488,-1,1,1.1429,0.4,7.95,7,7,4
GreedyPlacer,20,19,True,1.5567,-1,2,1.9592,0.0,8.2,7,11,1
GreedyPlacer,20,20,True,1.8424,-1,1,0.5306,0.9,7.81,7,3,6
GreedyPlacer,20,21,True,1.3788,-1,1,1.1429,0.0,8.37,7,7,1
GreedyPlacer,20,22,True,1.6645,-1,0,3.8367,1.0,7.67,7,13,4
GreedyPlacer,20,23,True,1.9502,-1,5,0.4898,0.0,8.11,7,2,3
GreedyPlacer,20,24,True,1.3788,-1,3,0.8163,0.4,8.13,7,4,8
GreedyPlacer,20,25,True,1.9502,-1,2,0.2041,0.4,8.34,7,2,6
GreedyPlacer,20,26,True,0.9852,-1,3,0.4898,1.0,8.03,7,2,3
GreedyPlacer,20,27,True,1.8424,-1,2,0.6939,-1.0,8.03,7,6,7
GreedyPlacer,20,28,True,1.4488,-1,1,0.7755,0.2,8.21,7,9,5
GreedyPlacer,20,29,True,1.5488,-1,5,0.4844,0.4,9.94,8,3,7
GreedyPlacer,20,30,True,1.6645,-1,1,2.5306,0.0,7.96,7,11,8
GreedyPlacer,20,31,True,0.5917,-1,2,0.6939,1.0,8.07,7,6,5
GreedyPlacer,20,32,True,1.8424,-1,1,0.7755,-0.5,8.1,7,5,4
GreedyPlacer,20,33,True,1.5567,-1,2,0.8571,0.0,7.71,7,7,0
GreedyPlacer,20,34,True,1.5567,-1,2,0.8163,1.0,8.27,7,4,3
GreedyPlacer,20,35,True,1.5613,-1,2,2.1094,1.0,9.51,8,9,3
GreedyPlacer,20,36,True,1.3788,-1,3,0.9796,0.0,8.06,7,6,2
GreedyPlacer,20,37,True,1.9502,-1,2,0.6939,0.0,8.14,7,6,5
GreedyPlacer,20,38,True,1.75,-1,0,1.1094,0.7,9.78,8,9,6
GreedyPlacer,20,39,True,1.8424,-1,1,2.4898,0.0,8.01,7,9,6
GreedyPlacer,20,40,True,1.9502,-1,3,3.2653,0.2,8.7,7,8,7
GreedyPlacer,20,41,True,1.8424,-1,1,0.8571,0.0,8.63,7,7,4
GreedyPlacer,20,42,True,1.4488,-1,2,0.5306,0.0,8.06,7,4,2
GreedyPlacer,20,43,True,0.8631,-1,3,0.5306,1.0,8.13,7,3,3
GreedyPlacer,20,44,True,1.8424,-1,3,0.8163,1.0,8.38,7,4,3
GreedyPlacer,20,45,True,1.6645,-1,1,1.0612,0.0,8.26,7,5,4
GreedyPlacer,20,46,True,1.3788,-1,1,1.6735,1.0,8.19,7,11,4
GreedyPlacer,20,47,True,1.3788,-1,1,0.6939,0.0,8.31,7,8,2
GreedyPlacer,20,48,True,1.8424,-1,0,0.4898,0.0,8.83,7,5,3
GreedyPlacer,20,49,True,1.6645,-1,0,0.6939,0.5,8.17,7,6,5
GreedyPlacer,20,50,True,1.75,-1,2,0.4375,0.5,9.82,8,2,5
GreedyPlacer,20,51,True,1.5567,-1,2,0.7755,0.0,8.29,7,5,0
GreedyPlacer,20,52,True,1.9502,-1,1,1.1429,0.0,7.83,7,7,3
GreedyPlacer,20,53,True,1.8424,-1,0,0.4898,1.0,8.14,7,5,6
GreedyPlacer,20,54,True,1.6645,-1,1,0.9796,0.4,7.75,7,6,6
GreedyPlacer,20,55,True,1.8424,-1,3,0.8571,0.5,8.28,7,7,6
GreedyPlacer,20,56,True,1.3788,-1,2,0.6939,1.0,8.42,7,6,5
GreedyPlacer,20,57,True,1.6645,-1,0,3.551,0.4,8.01,7,13,7
GreedyPlacer,20,58,True,1.3788,-1,3,0.2449,0.0,8.41,7,4,2
GreedyPlacer,20,59,True,1.8424,-1,3,0.5306,1.0,8.73,7,4,3
GreedyPlacer,20,60,True,1.0613,-1,2,0.4844,1.0,9.8,8,5,3
GreedyPlacer,20,61,True,1.4488,-1,1,1.9592,0.0,8.13,7,11,2
GreedyPlacer,20,62,True,1.9502,-1,2,1.0612,1.0,8.13,7,5,8
GreedyPlacer,20,63,True,1.4488,-1,3,0.5306,0.0,8.39,7,4,2
GreedyPlacer,20,64,True,1.8424,-1,2,0.6939,0.0,8.41,7,6,1
GreedyPlacer,20,65,True,1.6645,-1,2,1.0612,0.5,8.13,7,9,4
GreedyPlacer,20,66,True,1.6645,-1,2,1.0612,0.4,7.96,7,9,4
GreedyPlacer,20,67,True,1.8424,-1,0,1.3878,0.0,8.31,7,11,3
GreedyPlacer,20,68,True,1.3788,-1,2,1.7143,0.5,7.8,7,7,3
GreedyPlacer,20,69,True,0.8631,-1,3,0.7755,1.0,7.81,7,5,4
GreedyPlacer,20,70,True,1.3788,-1,3,1.3469,1.0,8.28,7,5,4
GreedyPlacer,20,71,True,1.1488,-1,2,0.8571,0.5,8.14,7,7,3
GreedyPlacer,20,72,True,1.5567,-1,2,0.6939,0.0,8.15,7,8,2
GreedyPlacer,20,73,True,1.8424,-1,3,1.3469,-0.5,8.11,7,5,6
GreedyPlacer,20,74,True,1.6645,-1,1,1.9184,0.8,8.29,7,5,4
GreedyPlacer,20,75,True,1.4488,-1,1,1.3878,0.0,8.44,7,11,1
GreedyPlacer,20,76,True,1.5567,-1,2,0.5714,0.0,8.22,7,7,0
GreedyPlacer,20,77,True,1.8113,-1,4,0.1875,0.8,9.61,8,2,4
GreedyPlacer,20,78,True,1.3788,-1,2,0.9796,0.5,8.83,7,6,5
GreedyPlacer,20,79,True,1.0613,-1,1,0.4844,0.0,9.72,8,5,3
GreedyPlacer,20,80,True,1.1488,-1,1,0.7755,0.8,7.55,7,5,5
GreedyPlacer,20,81,True,1.4488,-1,3,0.7755,1.0,8.41,7,5,3
GreedyPlacer,20,82,True,1.9502,-1,3,1.2653,0.7,8.31,7,6,5
GreedyPlacer,20,83,True,1.1488,-1,2,0.6939,0.0,7.93,7,6,1
GreedyPlacer,20,84,True,1.8424,-1,1,0.9796,0.0,8.03,7,8,3
GreedyPlacer,20,85,True,0.9852,-1,3,0.5306,0.5,7.9,7,4,3
GreedyPlacer,20,86,True,1.5567,-1,2,1.3469,1.0,7.97,7,9,3
GreedyPlacer,20,87,True,1.9502,-1,4,0.2041,-0.5,8.29,7,2,6
GreedyPlacer,20,88,True,1.75,-1,2,1.1094,0.9,9.14,8,9,6
GreedyPlacer,20,89,True,0.9852,-1,3,0.4898,1.0,7.93,7,2,4
GreedyPlacer,20,90,True,1.9502,-1,2,0.4898,0.0,8.32,7,5,2
GreedyPlacer,20,91,True,1.3788,-1,2,2.7755,0.5,7.68,7,12,3
GreedyPlacer,20,92,True,1.5567,-1,2,0.8571,0.0,8.26,7,7,2
GreedyPlacer,20,93,True,1.75,-1,0,0.6875,1.0,9.57,8,6,3
GreedyPlacer,20,94,True,1.1488,-1,5,0.1224,0.4,7.84,7,1,5
GreedyPlacer,20,95,True,1.6645,-1,2,0.8571,0.8,7.97,7,7,5
GreedyPlacer,20,96,True,1.5567,-1,2,1.0612,0.0,7.9,7,5,2
GreedyPlacer,20,97,True,1.5488,-1,0,0.5,0.0,9.66,8,8,3
GreedyPlacer,20,98,True,1.8113,-1,2,1.1094,1.0,9.17,8,7,6
GreedyPlacer,20,99,True,0.8631,-1,3,0.5306,1.0,7.75,7,4,3
GreedyPlacer,20,100,True,1.6645,-1,2,0.6939,0.5,8.12,7,6,5
GreedyPlacer,20,101,True,1.6645,-1,2,0.9796,0.4,8.27,7,6,8
GreedyPlacer,20,102,True,1.8424,-1,3,0.2041,1.0,7.96,7,2,7
GreedyPlacer,20,103,True,1.8424,-1,2,2.9796,0.5,7.95,7,8,4
GreedyPlacer,20,104,True,1.6645,-1,0,1.6735,1.0,8.3,7,10,6
GreedyPlacer,20,105,True,1.4056,-1,3,0.1875,0.8,9.66,8,2,6
GreedyPlacer,20,106,True,1.8424,-1,0,2.2041,0.8,8.38,7,9,6
GreedyPlacer,20,107,True,1.8424,-1,3,0.5306,0.2,8.05,7,4,6
GreedyPlacer,20,108,True,1.4488,-1,3,0.2041,0.4,8.48,7,2,7
GreedyPlacer,20,109,True,1.9502,-1,1,2.4082,0.2571,7.91,7,8,11
GreedyPlacer,20,110,True,1.1488,-1,2,0.6939,0.0,7.78,7,6,0
GreedyPlacer,20,111,True,1.5,-1,5,0.4375,0.3214,9.51,8,2,15
GreedyPlacer,20,112,True,1.8424,-1,1,0.9796,-1.0,8.22,7,8,5
GreedyPlacer,20,113,True,1.8424,-1,0,0.6939,0.0,8.28,7,8,2
GreedyPlacer,20,114,True,1.5,-1,4,0.7344,0.6,9.74,8,5,6
GreedyPlacer,20,115,True,1.5567,-1,2,1.3469,0.8,8.03,7,9,5
GreedyPlacer,20,116,True,1.8424,-1,0,1.9184,1.0,8.13,7,12,5
GreedyPlacer,20,117,True,1.8424,-1,2,0.6939,0.1429,8.13,7,6,10
GreedyPlacer,20,118,True,1.5567,-1,2,2.1224,0.0,8.16,7,8,2
GreedyPlacer,20,119,True,1.8424,-1,2,0.4898,0.5,8.24,7,5,4
GreedyPlacer,20,120,True,1.9502,-1,1,0.7755,0.5,8.66,7,5,4
GreedyPlacer,20,121,True,1.6645,-1,0,0.6939,0.5,8.4,7,6,4
GreedyPlacer,20,122,True,1.3788,-1,1,1.2653,1.0,8.09,7,13,4
GreedyPlacer,20,123,True,1.1488,-1,2,0.9796,0.0,7.74,7,6,2
GreedyPlacer,20,124,True,1.8424,-1,2,1.7143,0.8,7.69,7,7,6
GreedyPlacer,20,125,True,1.8424,-1,2,0.8571,-0.5,8.28,7,7,6
GreedyPlacer,20,126,True,1.8424,-1,1,1.4286,0.9,8.36,7,7,6
GreedyPlacer,20,127,True,1.1488,-1,2,1.0612,0.7,8.07,7,9,5
GreedyPlacer,20,128,True,1.3788,-1,3,1.0612,1.0,8.43,7,5,4
GreedyPlacer,20,129,True,1.4488,-1,1,1.102,0.5,8.06,7,10,3
GreedyPlacer,20,130,True,1.6645,-1,3,0.2041,0.0,7.64,7,2,3
GreedyPlacer,20,131,True,1.4488,-1,1,0.6939,0.0,8.33,7,8,1
GreedyPlacer,20,132,True,1.8424,-1,3,2.9796,0.1,7.7,7,6,6
GreedyPlacer,20,133,True,1.6645,-1,1,1.6735,-0.5,8.28,7,11,4
GreedyPlacer,20,134,True,1.4488,-1,3,0.1224,0.5,8.35,7,1,5
GreedyPlacer,20,135,True,1.3788,-1,1,0.4898,1.0,8.25,7,5,4
GreedyPlacer,20,136,True,1.3788,-1,1,2.7755,1.0,7.65,7,12,4
GreedyPlacer,20,137,True,1.6645,-1,2,0.4898,0.4,7.9,7,5,4
GreedyPlacer,20,138,True,1.8424,-1,2,0.2041,0.5,8.38,7,2,5
GreedyPlacer,20,139,True,1.5567,-1,2,1.3469,0.0,8.2,7,5,5
GreedyPlacer,20,140,True,1.6645,-1,4,1.3469,0.3571,8.08,7,5,14
GreedyPlacer,20,141,True,1.8424,-1,3,0.6939,0.4,8.07,7,6,5
GreedyPlacer,20,142,True,1.4056,-1,2,0.4844,0.9,8.87,8,3,5
GreedyPlacer,20,143,True,1.8424,-1,1,1.551,-1.0,7.87,7,8,5
GreedyPlacer,20,144,True,1.9502,-1,2,1.8367,0.4,7.81,7,8,7
GreedyPlacer,20,145,True,1.5567,-1,2,1.2653,1.0,8.2,7,8,3
GreedyPlacer,20,146,True,1.3788,-1,1,0.5714,0.9,8.05,7,7,5
GreedyPlacer,20,147,True,1.8424,-1,3,1.2653,-0.5,8.13,7,6,4
GreedyPlacer,20,148,True,1.5567,-1,2,1.6327,0.5,8.26,7,9,4
GreedyPlacer,20,149,True,1.8424,-1,1,0.4082,0.0,8.46,7,6,3
GreedyPlacer,20,150,True,1.9502,-1,3,0.7755,0.5,7.89,7,5,7
GreedyPlacer,20,151,True,0.8631,-1,3,0.7755,1.0,8.14,7,5,3
GreedyPlacer,20,152,True,1.3788,-1,1,0.5714,0.0,9.07,7,7,0
GreedyPlacer,20,153,True,1.9502,-1,3,1.8367,-1.0,8.56,7,6,7
GreedyPlacer,20,154,True,1.9502,-1,2,1.2653,0.2,9.37,7,8,6
GreedyPlacer,20,155,True,1.8424,-1,3,0.5306,-0.2,10.45,7,3,5
GreedyPlacer,20,156,True,1.9056,-1,1,0.5,1.0,9.8,8,4,4
GreedyPlacer,20,157,True,1.9502,-1,1,0.2449,1.0,8.25,7,4,4
GreedyPlacer,20,158,True,1.1488,-1,2,0.6939,0.0,8.64,7,6,2
GreedyPlacer,20,159,True,1.5567,-1,4,0.1224,0.4,7.4,7,1,12
GreedyPlacer,20,160,True,1.5613,-1,2,1.1875,0.0,9.59,8,10,2
GreedyPlacer,20,161,True,1.8424,-1,2,1.2653,0.0,8.01,7,6,5
GreedyPlacer,20,162,True,1.8424,-1,0,2.4898,1.0,8.22,7,9,5
GreedyPlacer,20,163,True,1.75,-1,2,0.5,0.6571,9.77,8,4,12
GreedyPlacer,20,164,True,1.4488,-1,1,1.8367,0.0,8.22,7,8,3
GreedyPlacer,20,165,True,1.9502,-1,2,1.8367,0.2,8.31,7,6,8
GreedyPlacer,20,166,True,1.5567,-1,2,1.0612,0.0,7.39,7,9,2
GreedyPlacer,20,167,True,1.9056,-1,1,0.6875,-0.6,9.7,8,6,8
GreedyPlacer,20,168,True,1.3788,-1,1,1.551,0.9,8.51,7,13,6
GreedyPlacer,20,169,True,1.75,-1,3,1.25,0.5,9.68,8,8,3
GreedyPlacer,20,170,True,1.5567,-1,2,0.8163,0.0,8.33,7,4,3
GreedyPlacer,20,171,True,1.5567,-1,2,0.2449,0.9,8.2,7,3,6
GreedyPlacer,20,172,True,1.8424,-1,0,1.1429,0.8,8.42,7,7,6
GreedyPlacer,20,173,True,1.6645,-1,1,0.8163,0.0,8.75,7,4,2
GreedyPlacer,20,174,True,1.4488,-1,1,1.1429,1.0,8.29,7,7,3
GreedyPlacer,20,175,True,1.8424,-1,1,0.6939,0.5,8.11,7,6,5
GreedyPlacer,20,176,True,1.8424,-1,1,0.2449,0.5,8.26,7,4,4
GreedyPlacer,20,177,True,1.9502,-1,2,0.2449,-1.0,7.88,7,3,6
GreedyPlacer,20,178,True,1.3788,-1,4,0.1224,0.6,8.38,7,1,10
GreedyPlacer,20,179,True,1.5567,-1,2,0.6939,0.0,8.45,7,6,3
GreedyPlacer,20,180,True,1.5567,-1,2,1.2653,0.7,8.5,7,8,5
GreedyPlacer,20,181,True,1.5567,-1,2,1.2653,-0.2,7.81,7,6,4
GreedyPlacer,20,182,True,1.9502,-1,1,0.5306,0.5,8.54,7,4,3
GreedyPlacer,20,183,True,1.5613,-1,4,0.4375,0.0,9.68,8,2,5
GreedyPlacer,20,184,True,1.2988,-1,2,0.6875,0.9429,9.43,8,6,7
GreedyPlacer,20,185,True,1.5567,-1,2,1.7143,0.0,8.32,7,7,2
GreedyPlacer,20,186,True,1.8424,-1,1,1.7143,1.0,8.22,7,7,5
GreedyPlacer,20,187,True,1.9502,-1,1,0.8571,0.4,7.77,7,7,9
GreedyPlacer,20,188,True,1.6645,-1,2,0.4898,0.0,8.27,7,5,3
GreedyPlacer,20,189,True,1.5567,-1,2,1.3878,0.0,8.3,7,10,2
GreedyPlacer,20,190,True,1.75,-1,2,1.3594,0.5,9.39,8,7,4
GreedyPlacer,20,191,True,1.8424,-1,0,1.2653,0.7,8.34,7,8,5
GreedyPlacer,20,192,True,1.4488,-1,6,0.1224,0.7,8.22,7,1,13
GreedyPlacer,20,193,True,1.4488,-1,2,3.3878,0.9,7.95,7,11,8
GreedyPlacer,20,194,True,1.8424,-1,1,2.9796,1.0,8.12,7,8,9
GreedyPlacer,20,195,True,1.4488,-1,3,0.5306,-0.5,8.18,7,3,4
GreedyPlacer,20,196,True,1.8424,-1,1,2.2041,1.0,8.0,7,9,4
GreedyPlacer,20,197,True,1.9502,-1,0,1.0612,0.8286,7.72,7,5,13
GreedyPlacer,20,198,True,1.5567,-1,2,0.5714,0.0,8.19,7,7,3
GreedyPlacer,20,199,True,1.3788,-1,3,0.1224,1.0,7.84,7,1,4
GreedyPlacer,20,200,True,1.6645,-1,4,0.5306,0.6571,8.12,7,3,15
GreedyPlacer,20,201,True,1.75,-1,1,0.3594,0.0,9.77,8,7,2
GreedyPlacer,20,202,True,1.3788,-1,1,1.102,-0.2,7.86,7,4,4
GreedyPlacer,20,203,True,1.8424,-1,3,1.9184,0.6,7.67,7,5,6
GreedyPlacer,20,204,True,1.8424,-1,0,2.8163,1.0,7.88,7,10,5
GreedyPlacer,20,205,True,1.3788,-1,3,0.7755,0.0,8.28,7,9,2
GreedyPlacer,20,206,True,1.4488,-1,2,0.5306,0.4,8.16,7,4,6
GreedyPlacer,20,207,True,1.8424,-1,2,1.102,0.5,8.19,7,3,5
GreedyPlacer,20,208,True,1.6645,-1,2,0.2449,-1.0,8.13,7,3,6
GreedyPlacer,20,209,True,1.8424,-1,2,0.7755,0.5,8.28,7,5,5
GreedyPlacer,20,210,True,1.3788,-1,2,0.5306,1.0,8.18,7,4,3
GreedyPlacer,20,211,True,1.3788,-1,3,2.1224,0.0,8.39,7,6,5
GreedyPlacer,20,212,True,1.4488,-1,1,0.6939,0.0,8.35,7,8,2
GreedyPlacer,20,213,True,1.9502,-1,3,2.0,0.0,8.03,7,7,6
GreedyPlacer,20,214,True,1.5,-1,2,0.75,0.0,9.85,8,4,2
GreedyPlacer,20,215,True,1.4056,-1,3,0.4844,0.0,10.12,8,5,1
GreedyPlacer,20,216,True,1.9502,-1,0,1.1429,1.0,8.02,7,7,7
GreedyPlacer,20,217,True,1.8424,-1,4,0.8163,0.8,7.92,7,4,8
GreedyPlacer,20,218,True,1.8424,-1,3,0.2449,1.0,8.13,7,3,5
GreedyPlacer,20,219,True,1.2988,-1,3,0.4844,1.0,9.99,8,5,4
GreedyPlacer,20,220,True,1.8424,-1,3,0.2041,0.4,8.27,7,2,4
GreedyPlacer,20,221,True,1.1488,-1,2,1.1429,0.0,8.23,7,7,1
GreedyPlacer,20,222,True,1.5567,-1,2,0.9796,0.0,7.93,7,6,2
GreedyPlacer,20,223,True,1.9502,-1,1,1.6327,0.2,8.16,7,9,7
GreedyPlacer,20,224,True,1.8424,-1,0,2.8163,0.5,8.04,7,11,3
GreedyPlacer,20,225,True,1.9502,-1,1,0.5306,0.9,8.16,7,3,6
GreedyPlacer,20,226,True,0.8113,-1,3,0.25,1.0,9.67,8,4,3
GreedyPlacer,20,227,True,1.3788,-1,4,0.4898,0.7,7.91,7,2,5
GreedyPlacer,20,228,True,1.5567,-1,2,3.102,0.0,8.09,7,10,2
GreedyPlacer,20,229,True,1.3788,-1,3,0.5306,-0.5,7.79,7,3,3
GreedyPlacer,20,230,True,1.5567,-1,2,2.0,1.0,8.16,7,7,3
GreedyPlacer,20,231,True,1.3788,-1,4,0.2041,0.8,8.33,7,2,4
GreedyPlacer,20,232,True,1.5567,-1,2,0.7755,-1.0,7.92,7,5,9
GreedyPlacer,20,233,True,1.3788,-1,3,0.5306,1.0,7.6,7,4,3
GreedyPlacer,20,234,True,1.8424,-1,3,0.9796,0.4,8.54,7,6,5
GreedyPlacer,20,235,True,1.8424,-1,0,0.4082,0.0,8.27,7,6,3
GreedyPlacer,20,236,True,0.9852,-1,3,0.7755,1.0,8.0,7,5,3
GreedyPlacer,20,237,True,1.3788,-1,1,1.3878,1.0,7.79,7,11,4
GreedyPlacer,20,238,True,1.9502,-1,2,0.5306,-0.6,8.08,7,4,6
GreedyPlacer,20,239,True,1.5567,-1,2,0.4898,0.0,8.27,7,5,2
GreedyPlacer,20,240,True,1.8424,-1,2,0.5306,0.8,8.0,7,3,7
GreedyPlacer,20,241,True,1.9056,-1,1,0.5,0.0,9.71,8,4,1
GreedyPlacer,20,242,True,1.5567,-1,2,0.6939,0.0,8.51,7,8,1
GreedyPlacer,20,243,True,1.8424,-1,4,0.1224,1.0,8.23,7,1,5
GreedyPlacer,20,244,True,1.3788,-1,3,0.5306,1.0,8.22,7,3,4
GreedyPlacer,20,245,True,1.4488,-1,1,1.3469,0.0,8.09,7,9,2
GreedyPlacer,20,246,True,1.3788,-1,1,0.9796,0.0,8.35,7,8,1
GreedyPlacer,20,247,True,1.9056,-1,1,0.4844,0.0,9.57,8,5,2
GreedyPlacer,20,248,True,1.8113,-1,1,1.1094,0.0,9.66,8,9,2
GreedyPlacer,20,249,True,1.4488,-1,2,0.7755,0.5,7.81,7,5,3
GreedyPlacer,20,250,True,1.8424,-1,1,2.5306,0.5,7.39,7,11,7
GreedyPlacer,20,251,True,1.9502,-1,2,2.0,0.7,8.25,7,7,6
GreedyPlacer,20,252,True,1.5567,-1,5,0.1224,-0.0286,8.27,7,1,8
GreedyPlacer,20,253,True,1.3788,-1,3,0.5306,0.4,8.04,7,3,4
GreedyPlacer,20,254,True,1.3788,-1,1,1.2653,0.0,7.82,7,8,3
GreedyPlacer,20,255,True,1.9502,-1,2,0.9796,1.0,8.06,7,6,6
GreedyPlacer,20,256,True,1.3788,-1,2,0.1224,1.0,8.0,7,1,7
GreedyPlacer,20,257,True,1.8424,-1,3,0.5306,0.0,8.43,7,3,3
GreedyPlacer,20,258,True,1.8424,-1,1,1.1429,0.5,7.61,7,7,6
GreedyPlacer,20,259,True,1.9502,-1,0,2.0,0.7,8.2,7,7,8
GreedyPlacer,20,260,True,1.9502,-1,3,2.4898,-0.3,8.0,7,9,10
GreedyPlacer,20,261,True,1.3788,-1,1,0.4898,0.8,7.67,7,5,5
GreedyPlacer,20,262,True,1.6645,-1,1,4.1224,0.4,7.85,7,15,7
GreedyPlacer,20,263,True,1.3788,-1,2,0.8163,0.0,8.45,7,4,3
GreedyPlacer,20,264,True,1.3788,-1,1,1.1429,0.0,8.14,7,7,2
GreedyPlacer,20,265,True,1.5567,-1,2,0.9796,0.0,8.11,7,8,2
GreedyPlacer,20,266,True,1.3788,-1,1,0.6939,1.0,8.24,7,6,3
GreedyPlacer,20,267,True,1.6645,-1,2,0.5306,0.8,8.3,7,3,4
GreedyPlacer,20,268,True,0.9852,-1,3,0.2449,1.0,8.17,7,3,4
GreedyPlacer,20,269,True,1.4488,-1,3,0.2449,1.0,8.22,7,4,4
GreedyPlacer,20,270,True,1.5613,-1,2,0.5,0.0,9.83,8,8,2
GreedyPlacer,20,271,True,1.4056,-1,2,1.75,0.0,9.86,8,8,2
GreedyPlacer,20,272,True,1.5488,-1,2,0.4375,0.3714,9.6,8,6,6
GreedyPlacer,20,273,True,1.8424,-1,0,0.6939,1.0,8.3,7,6,3
GreedyPlacer,20,274,True,1.5613,-1,2,1.4375,0.0,9.68,8,10,2
GreedyPlacer,20,275,True,1.8424,-1,3,1.9184,0.0,8.09,7,5,5
GreedyPlacer,20,276,True,1.9056,-1,2,0.5,0.0,9.55,8,4,6
GreedyPlacer,20,277,True,1.9502,-1,1,1.2653,0.0,8.18,7,6,2
GreedyPlacer,20,278,True,1.9056,-1,4,0.7344,-0.5,9.65,8,5,6
GreedyPlacer,20,279,True,1.9502,-1,2,1.0612,0.0,8.58,7,5,9
GreedyPlacer,20,280,True,1.8424,-1,4,1.102,0.6,8.16,7,4,7
GreedyPlacer,20,281,True,1.3788,-1,1,1.3878,1.0,7.65,7,10,5
GreedyPlacer,20,282,True,1.3788,-1,3,0.5306,0.0,8.18,7,4,6
GreedyPlacer,20,283,True,1.5567,-1,2,0.9796,1.0,8.11,7,6,4
GreedyPlacer,20,284,True,1.75,-1,3,0.5,0.1,9.76,8,4,6
GreedyPlacer,20,285,True,1.5613,-1,2,0.75,0.0,9.73,8,8,2
GreedyPlacer,20,286,True,0.9544,-1,3,0.1875,1.0,9.22,8,2,4
GreedyPlacer,20,287,True,1.8113,-1,2,0.2344,0.9,9.68,8,3,7
GreedyPlacer,20,288,True,1.8424,-1,2,0.6939,0.4,8.4,7,6,6
GreedyPlacer,20,289,True,1.8424,-1,0,0.6939,0.0,8.11,7,6,5
GreedyPlacer,20,290,True,2.0,-1,1,1.1875,1.0,8.75,8,6,5
GreedyPlacer,20,291,True,1.3788,-1,3,0.9796,1.0,8.35,7,6,4
GreedyPlacer,20,292,True,1.9502,-1,1,0.5306,0.8,7.64,7,3,5
GreedyPlacer,20,293,True,1.3788,-1,1,0.6939,0.0,8.28,7,8,1
GreedyPlacer,20,294,True,1.9502,-1,3,3.0612,0.0,8.0,7,12,4
GreedyPlacer,20,295,True,1.9502,-1,2,1.102,0.5,8.18,7,4,3
GreedyPlacer,20,296,True,1.8113,-1,0,0.25,0.5,9.63,8,4,7
GreedyPlacer,20,297,True,1.3788,-1,1,0.5306,1.0,8.22,7,4,5
GreedyPlacer,20,298,True,1.8424,-1,0,1.2653,0.8,7.32,7,6,4
GreedyPlacer,20,299,True,1.4488,-1,3,0.7755,1.0,8.11,7,5,5
GreedyPlacer,20,300,True,1.8113,-1,3,0.9844,1.0,9.82,8,5,3
GreedyPlacer,20,301,True,1.5567,-1,2,2.7755,-0.5,8.37,7,9,3
GreedyPlacer,20,302,True,1.3788,-1,2,0.5306,-0.5,8.04,7,4,5
GreedyPlacer,20,303,True,1.4488,-1,4,0.5306,0.0,8.28,7,4,3
GreedyPlacer,20,304,True,1.3788,-1,2,2.2449,0.0,8.26,7,10,3
GreedyPlacer,20,305,True,1.4488,-1,2,0.8163,1.0,8.07,7,4,8
GreedyPlacer,20,306,True,1.5567,-1,2,2.7755,-0.5,7.88,7,9,3
GreedyPlacer,20,307,True,0.8631,-1,3,0.8163,1.0,7.99,7,4,3
GreedyPlacer,20,308,True,1.5567,-1,2,1.102,0.0,8.3,7,10,2
GreedyPlacer,20,309,True,1.4488,-1,1,3.3469,0.0,8.0,7,9,1
GreedyPlacer,20,310,True,1.9502,-1,2,2.1224,0.5,8.25,7,8,7
GreedyPlacer,20,311,True,1.8424,-1,3,0.9796,-1.0,8.31,7,6,4
GreedyPlacer,20,312,True,0.9852,-1,3,0.8163,0.0,8.3,7,4,1
GreedyPlacer,20,313,True,1.2988,-1,3,0.1875,0.0,9.43,8,2,3
GreedyPlacer,20,314,True,1.3788,-1,1,0.4898,0.0,7.53,7,9,0
GreedyPlacer,20,315,True,1.4488,-1,4,0.4898,0.0,8.51,7,2,3
GreedyPlacer,20,316,True,1.75,-1,3,0.2344,-0.2,9.72,8,3,7
GreedyPlacer,20,317,True,1.3788,-1,2,0.9796,0.0,8.19,7,6,2
GreedyPlacer,20,318,True,1.5567,-1,5,0.2041,0.0,8.32,7,2,5
GreedyPlacer,20,319,True,1.8424,-1,0,2.1224,0.8,8.04,7,6,6
GreedyPlacer,20,320,True,1.8424,-1,2,0.7755,0.8,8.15,7,5,4
GreedyPlacer,20,321,True,1.9056,-1,2,0.8594,0.8,9.38,8,7,6
GreedyPlacer,20,322,True,1.5567,-1,4,0.4898,0.4,7.68,7,2,6
GreedyPlacer,20,323,True,1.8424,-1,3,0.6939,-0.2,8.32,7,6,5
GreedyPlacer,20,324,True,1.6645,-1,4,0.5306,-0.8,8.45,7,3,5
GreedyPlacer,20,325,True,1.4488,-1,1,0.4898,0.8,8.0,7,5,4
GreedyPlacer,20,326,True,1.5567,-1,2,1.4286,0.0,8.32,7,7,2
GreedyPlacer,20,327,True,1.3788,-1,3,1.102,0.5,8.25,7,4,3
GreedyPlacer,20,328,True,1.75,-1,3,0.25,0.5,10.21,8,4,6
GreedyPlacer,20,329,True,1.5567,-1,2,0.6939,0.0,8.17,7,6,2
GreedyPlacer,20,330,True,1.9502,-1,3,1.2653,0.8,7.91,7,8,6
GreedyPlacer,20,331,True,1.9056,-1,3,1.1094,0.0,9.2,8,7,3
GreedyPlacer,20,332,True,1.5567,-1,2,3.3878,0.7,8.13,7,10,5
GreedyPlacer,20,333,True,1.5613,-1,2,0.8594,0.0,9.14,8,7,2
GreedyPlacer,20,334,True,1.9056,-1,1,1.75,1.0,9.1,8,8,8
GreedyPlacer,20,335,True,1.8424,-1,3,0.6939,1.0,8.44,7,6,4
GreedyPlacer,20,336,True,1.8424,-1,2,0.9796,0.1,8.12,7,6,8
GreedyPlacer,20,337,True,1.3788,-1,3,0.7755,1.0,8.09,7,5,4
GreedyPlacer,20,338,True,1.3788,-1,2,0.9796,0.0,8.36,7,6,2
GreedyPlacer,20,339,True,1.8424,-1,0,0.5306,0.7,8.49,7,4,7
GreedyPlacer,20,340,True,1.4488,-1,1,0.5714,0.0,8.2,7,7,1
GreedyPlacer,20,341,True,1.8424,-1,0,0.7755,0.0,8.22,7,5,4
GreedyPlacer,20,342,True,1.5567,-1,2,2.2449,0.8,7.85,7,10,4
GreedyPlacer,20,343,True,1.5567,-1,4,0.4898,1.0,8.16,7,2,9
GreedyPlacer,20,344,True,1.8424,-1,2,0.8571,1.0,8.22,7,7,3
GreedyPlacer,20,345,True,1.9502,-1,2,0.9796,0.0,7.92,7,6,2
GreedyPlacer,20,346,True,1.5613,-1,2,0.6094,1.0,9.29,8,7,4
GreedyPlacer,20,347,True,1.5613,-1,2,0.8594,0.8,9.83,8,7,5
GreedyPlacer,20,348,True,1.8424,-1,1,1.8367,-1.0,8.17,7,8,6
GreedyPlacer,20,349,True,2.0,-1,1,0.9844,0.8286,9.59,8,5,6
GreedyPlacer,20,350,True,1.8424,-1,1,0.2449,0.4,7.45,7,3,8
GreedyPlacer,20,351,True,1.9502,-1,2,2.0,0.4,8.11,7,7,6
GreedyPlacer,20,352,True,1.8424,-1,2,0.2041,0.4,7.93,7,2,7
GreedyPlacer,20,353,True,1.6645,-1,0,0.6939,1.0,8.19,7,8,4
GreedyPlacer,20,354,True,1.1488,-1,2,0.4898,1.0,7.99,7,5,3
GreedyPlacer,20,355,True,1.6645,-1,1,2.1224,0.9,7.47,7,8,5
GreedyPlacer,20,356,True,1.9502,-1,1,0.4898,0.7,7.98,7,5,9
GreedyPlacer,20,357,True,1.8424,-1,0,1.0612,0.0,7.92,7,9,2
GreedyPlacer,20,358,True,1.4488,-1,3,0.8163,1.0,8.21,7,4,3
GreedyPlacer,20,359,True,1.3788,-1,1,1.3878,1.0,8.11,7,10,3
GreedyPlacer,20,360,True,1.8424,-1,3,1.102,0.4,8.31,7,4,5
GreedyPlacer,20,361,True,1.3788,-1,1,0.8163,0.0,8.61,7,11,2
GreedyPlacer,20,362,True,1.8424,-1,1,1.2653,0.5,8.02,7,8,5
GreedyPlacer,20,363,True,1.9502,-1,2,1.0612,0.2,7.96,7,5,10
GreedyPlacer,20,364,True,1.8424,-1,3,0.5306,0.8,7.83,7,3,6
GreedyPlacer,20,365,True,1.3788,-1,2,0.1224,0.4,8.22,7,1,6
GreedyPlacer,20,366,True,1.5567,-1,2,1.6735,0.0,8.36,7,10,2
GreedyPlacer,20,367,True,1.1488,-1,2,0.4082,1.0,8.09,7,6,3
GreedyPlacer,20,368,True,1.3788,-1,3,0.2449,0.9,8.29,7,3,5
GreedyPlacer,20,369,True,1.5567,-1,2,0.4082,0.0,8.37,7,6,0
GreedyPlacer,20,370,True,1.9502,-1,2,0.4898,0.0,8.06,7,5,4
GreedyPlacer,20,371,True,1.5,-1,4,0.75,0.5,9.79,8,4,5
GreedyPlacer,20,372,True,1.4056,-1,1,0.4375,0.2,9.71,8,10,4
GreedyPlacer,20,373,True,1.9502,-1,2,0.7755,0.0,8.25,7,5,5
GreedyPlacer,20,374,True,1.5567,-1,2,0.6939,1.0,7.82,7,6,3
GreedyPlacer,20,375,True,1.5567,-1,2,1.3469,0.0,8.18,7,5,2
GreedyPlacer,20,376,True,1.9502,-1,2,0.5306,0.8,7.86,7,4,5
GreedyPlacer,20,377,True,1.9502,-1,1,0.2449,0.3,7.98,7,3,7
GreedyPlacer,20,378,True,1.3788,-1,3,0.5306,-0.2,8.01,7,3,5
GreedyPlacer,20,379,True,1.5567,-1,2,0.6939,1.0,8.1,7,8,4
GreedyPlacer,20,380,True,1.5613,-1,2,0.4375,0.0,9.35,8,6,2
GreedyPlacer,20,381,True,1.8424,-1,0,1.8367,0.0,8.25,7,8,5
GreedyPlacer,20,382,True,0.5436,-1,2,0.6875,1.0,9.69,8,10,3
GreedyPlacer,20,383,True,1.3788,-1,1,1.9592,0.0,8.13,7,11,2
GreedyPlacer,20,384,True,1.6645,-1,1,0.4898,0.9429,8.12,7,5,8
GreedyPlacer,20,385,True,1.8424,-1,1,0.9796,-0.5,8.45,7,6,5
GreedyPlacer,20,386,True,1.3788,-1,3,0.8163,1.0,8.28,7,4,4
GreedyPlacer,20,387,True,1.8424,-1,2,1.2653,0.0,8.14,7,6,3
GreedyPlacer,20,388,True,1.2988,-1,3,0.5,0.6571,9.53,8,4,8
GreedyPlacer,20,389,True,1.3788,-1,3,0.5306,1.0,8.47,7,4,4
GreedyPlacer,20,390,True,1.4488,-1,3,0.5306,1.0,8.34,7,3,8
GreedyPlacer,20,391,True,1.9502,-1,2,1.2653,0.5,7.85,7,8,3
GreedyPlacer,20,392,True,1.8424,-1,0,1.1429,0.0,8.38,7,7,3
GreedyPlacer,20,393,True,1.8424,-1,2,1.551,0.5,8.4,7,8,4
GreedyPlacer,20,394,True,1.5488,-1,2,0.75,0.4,9.37,8,8,6
GreedyPlacer,20,395,True,1.9502,-1,1,0.8571,0.4,8.64,7,7,7
GreedyPlacer,20,396,True,1.4488,-1,1,1.2653,0.0,7.77,7,13,1
GreedyPlacer,20,397,True,1.9502,-1,1,0.7755,0.0,7.94,7,5,9
GreedyPlacer,20,398,True,1.8424,-1,4,1.1429,0.5,8.4,7,7,3
GreedyPlacer,20,399,True,1.9502,-1,4,0.5306,0.4,8.06,7,4,5
GreedyPlacer,20,400,True,1.8424,-1,2,0.7755,1.0,8.16,7,5,4
GreedyPlacer,20,401,True,1.5567,-1,2,2.4082,0.8,7.96,7,8,4
GreedyPlacer,20,402,True,1.6645,-1,1,0.6939,1.0,8.17,7,6,4
GreedyPlacer,20,403,True,1.8113,-1,1,0.4844,0.9,9.31,8,3,7
GreedyPlacer,20,404,True,1.4056,-1,1,1.25,0.0,9.67,8,8,1
GreedyPlacer,20,405,True,1.8424,-1,1,2.4898,0.8,8.17,7,9,9
GreedyPlacer,20,406,True,1.9502,-1,2,0.2449,0.0,8.11,7,3,6
GreedyPlacer,20,407,True,1.5567,-1,2,1.0612,0.0,8.3,7,9,1
GreedyPlacer,20,408,True,1.4488,-1,3,0.1224,1.0,8.06,7,1,3
GreedyPlacer,20,409,True,1.8424,-1,0,1.3878,1.0,8.27,7,10,5
GreedyPlacer,20,410,True,1.5567,-1,5,0.2041,-0.5,8.39,7,2,8
GreedyPlacer,20,411,True,1.9056,-1,2,0.6094,-0.5,9.52,8,7,5
GreedyPlacer,20,412,True,1.8424,-1,0,0.5306,0.8,7.75,7,4,11
GreedyPlacer,20,413,True,1.8424,-1,3,0.4898,0.8,8.13,7,5,4
GreedyPlacer,20,414,True,1.9056,-1,2,0.5,0.8,9.69,8,4,5
GreedyPlacer,20,415,True,1.8424,-1,0,2.2449,0.4,7.99,7,10,5
GreedyPlacer,20,416,True,1.5567,-1,2,1.2653,0.0,8.29,7,8,2
GreedyPlacer,20,417,True,1.8424,-1,3,0.9796,0.9,7.93,7,8,5
GreedyPlacer,20,418,True,1.5567,-1,5,0.2449,0.4,8.26,7,3,5
GreedyPlacer,20,419,True,0.8631,-1,3,0.4898,0.0,7.66,7,5,1
GreedyPlacer,20,420,True,2.0,-1,1,0.5,0.8,9.74,8,4,4
GreedyPlacer,20,421,True,1.8424,-1,1,1.0612,0.5,8.1,7,9,4
GreedyPlacer,20,422,True,1.8113,-1,3,0.2344,0.5,8.94,8,3,3
GreedyPlacer,20,423,True,1.3788,-1,1,0.7755,0.0,8.17,7,5,1
GreedyPlacer,20,424,True,1.8424,-1,3,2.8571,0.1,8.07,7,7,6
GreedyPlacer,20,425,True,1.8113,-1,3,0.1094,1.0,9.55,8,1,7
GreedyPlacer,20,426,True,1.9056,-1,4,0.4844,0.4857,9.74,8,3,7
GreedyPlacer,20,427,True,1.8424,-1,1,0.9796,-1.0,7.99,7,8,5
GreedyPlacer,20,428,True,1.1488,-1,1,0.4898,0.5,7.93,7,5,6
GreedyPlacer,20,429,True,1.5567,-1,2,0.7755,0.9,8.25,7,5,5
GreedyPlacer,20,430,True,1.6645,-1,3,0.4898,-0.5,8.04,7,2,4
GreedyPlacer,20,431,True,1.8424,-1,3,0.5306,-0.5,8.19,7,4,6
GreedyPlacer,20,432,True,1.4488,-1,3,1.8367,1.0,8.09,7,6,4
GreedyPlacer,20,433,True,1.8424,-1,3,1.102,-0.5,8.11,7,4,5
GreedyPlacer,20,434,True,1.9502,-1,2,2.0,0.2,7.86,7,7,8
GreedyPlacer,20,435,True,1.3788,-1,3,1.9184,0.0,7.86,7,9,1
GreedyPlacer,20,436,True,1.8424,-1,0,3.3469,0.7,7.85,7,9,8
GreedyPlacer,20,437,True,1.3788,-1,3,1.102,0.5,7.7,7,10,3
GreedyPlacer,20,438,True,1.8424,-1,0,1.4286,0.9,8.2,7,7,7
GreedyPlacer,20,439,True,1.8424,-1,2,0.8163,0.5429,8.08,7,4,8
GreedyPlacer,20,440,True,1.8424,-1,1,3.0612,0.0,8.11,7,9,3
GreedyPlacer,20,441,True,1.5567,-1,3,0.5306,0.2,8.05,7,3,6
GreedyPlacer,20,442,True,1.3788,-1,2,0.9796,0.0,8.34,7,8,0
GreedyPlacer,20,443,True,1.8424,-1,1,1.0612,0.3,8.32,7,5,5
GreedyPlacer,20,444,True,1.1488,-1,1,0.4082,0.0,8.08,7,6,3
GreedyPlacer,20,445,True,1.8424,-1,0,1.2653,0.0,8.32,7,8,2
GreedyPlacer,20,446,True,1.3788,-1,3,0.2449,1.0,8.59,7,4,6
GreedyPlacer,20,447,True,1.6645,-1,1,1.1429,0.4,8.12,7,7,5
GreedyPlacer,20,448,True,1.3788,-1,3,0.8571,1.0,7.97,7,7,3
GreedyPlacer,20,449,True,1.6645,-1,2,0.5306,0.4,7.39,7,3,9
GreedyPlacer,20,450,True,1.8424,-1,3,0.8163,0.2,7.03,7,4,9
GreedyPlacer,20,451,True,1.6645,-1,2,0.7755,0.0,8.15,7,5,2
GreedyPlacer,20,452,True,1.4488,-1,3,0.6939,0.0,8.0,7,6,2
GreedyPlacer,20,453,True,1.6645,-1,2,0.4898,0.0,7.81,7,5,4
GreedyPlacer,20,454,True,1.1488,-1,2,0.9796,0.8,7.78,7,8,4
GreedyPlacer,20,455,True,1.4488,-1,3,0.7755,1.0,8.23,7,5,3
GreedyPlacer,20,456,True,1.5567,-1,2,1.4286,1.0,8.04,7,7,4
GreedyPlacer,20,457,True,1.5613,-1,2,2.9375,0.5,9.51,8,14,3
GreedyPlacer,20,458,True,1.2988,-1,3,0.7344,1.0,9.34,8,5,3
GreedyPlacer,20,459,True,1.8424,-1,1,1.1429,1.0,8.14,7,7,5
GreedyPlacer,20,460,True,1.4488,-1,1,1.9592,0.0,8.06,7,10,1
GreedyPlacer,20,461,True,1.3788,-1,3,0.5714,0.0,8.77,7,7,2
GreedyPlacer,20,462,True,0.9852,-1,3,0.0,1.0,8.39,7,0,3
GreedyPlacer,20,463,True,1.8424,-1,1,1.0612,0.4,8.07,7,5,8
GreedyPlacer,20,464,True,1.4056,-1,3,0.1875,0.8,9.47,8,2,4
GreedyPlacer,20,465,True,1.3788,-1,2,0.4082,1.0,8.36,7,6,5
GreedyPlacer,20,466,True,1.5567,-1,2,2.5306,0.0,8.09,7,11,2
GreedyPlacer,20,467,True,1.8424,-1,1,1.2653,0.2,8.03,7,8,6
GreedyPlacer,20,468,True,1.8424,-1,0,0.9796,0.8,8.3,7,6,5
GreedyPlacer,20,469,True,1.4488,-1,1,1.3878,1.0,8.36,7,10,3
GreedyPlacer,20,470,True,1.9056,-1,2,0.4844,0.0,9.69,8,5,3
GreedyPlacer,20,471,True,1.3788,-1,1,3.102,0.0,8.12,7,11,2
GreedyPlacer,20,472,True,1.3788,-1,3,0.7755,0.5,8.14,7,5,3
GreedyPlacer,20,473,True,1.8424,-1,2,0.4898,1.0,8.03,7,5,8
GreedyPlacer,20,474,True,1.4488,-1,2,2.7755,0.0,8.15,7,9,2
GreedyPlacer,20,475,True,1.8424,-1,1,1.6735,0.0,8.26,7,11,3
GreedyPlacer,20,476,True,1.9502,-1,1,1.8367,0.2,7.89,7,6,12
GreedyPlacer,20,477,True,1.8424,-1,2,0.5306,0.0,8.63,7,3,2
GreedyPlacer,20,478,True,1.8424,-1,0,1.1429,0.0,8.12,7,7,6
GreedyPlacer,20,479,True,1.4488,-1,3,0.5306,0.4,8.15,7,3,7
GreedyPlacer,20,480,True,1.1488,-1,2,0.5306,0.5,8.57,7,4,3
GreedyPlacer,20,481,True,1.3788,-1,1,0.4898,1.0,8.46,7,5,4
GreedyPlacer,20,482,True,1.8424,-1,1,1.0612,-0.5,7.92,7,5,5
GreedyPlacer,20,483,True,1.4488,-1,3,0.8163,1.0,7.84,7,4,3
GreedyPlacer,20,484,True,1.8424,-1,2,0.6939,1.0,8.28,7,6,5
GreedyPlacer,20,485,True,1.4488,-1,3,0.2449,0.0,8.28,7,4,2
GreedyPlacer,20,486,True,1.3788,-1,3,0.6939,0.0,8.23,7,6,2
GreedyPlacer,20,487,True,1.5567,-1,2,0.6939,0.4,7.95,7,6,4
GreedyPlacer,20,488,True,1.2988,-1,3,0.9844,1.0,9.33,8,5,4
GreedyPlacer,20,489,True,1.3788,-1,3,0.6939,0.0,8.27,7,6,2
GreedyPlacer,20,490,True,1.4488,-1,3,0.5306,0.8,8.06,7,3,5
GreedyPlacer,20,491,True,1.4488,-1,3,0.5306,1.0,7.98,7,3,3
GreedyPlacer,20,492,True,2.0,-1,1,0.4844,0.0,9.56,8,5,6
GreedyPlacer,20,493,True,1.9056,-1,2,0.4844,1.0,8.91,8,5,4
GreedyPlacer,20,494,True,1.9502,-1,3,1.102,0.5429,8.22,7,4,9
GreedyPlacer,20,495,True,1.5567,-1,3,0.5306,0.7,7.95,7,3,8
GreedyPlacer,20,496,True,1.5567,-1,2,0.9796,0.0,8.23,7,8,3
GreedyPlacer,20,497,True,1.75,-1,2,0.1875,1.0,9.65,8,2,4
GreedyPlacer,20,498,True,1.5567,-1,2,0.5306,1.0,7.74,7,4,3
GreedyPlacer,20,499,True,1.8424,-1,2,0.8571,0.5,8.56,7,7,7
GreedyPlacer,20,500,True,1.9502,-1,2,0.5306,0.8,8.47,7,4,8
GreedyPlacer,20,501,True,1.5613,-1,2,0.2344,0.0,9.64,8,5,1
GreedyPlacer,20,502,True,1.8424,-1,4,0.5306,1.0,8.36,7,3,5
GreedyPlacer,20,503,True,1.5,-1,2,0.9844,0.0,8.88,8,5,2
GreedyPlacer,20,504,True,1.9502,-1,0,0.7755,1.0,8.28,7,5,5
GreedyPlacer,20,505,True,1.8424,-1,4,0.9796,0.7,7.81,7,6,8
GreedyPlacer,20,506,True,1.8424,-1,3,0.2041,0.7,8.2,7,2,11
GreedyPlacer,20,507,True,1.9056,-1,2,1.8594,0.5,9.25,8,7,6
GreedyPlacer,20,508,True,1.8424,-1,2,0.4898,0.8,8.09,7,5,7
GreedyPlacer,20,509,True,0.5917,-1,2,0.4898,1.0,8.31,7,2,3
GreedyPlacer,20,510,True,1.8424,-1,1,1.102,0.0,7.93,7,11,3
GreedyPlacer,20,511,True,1.8424,-1,4,0.5306,0.5,8.01,7,3,4
GreedyPlacer,20,512,True,1.5567,-1,2,0.7755,0.0,7.91,7,5,2
GreedyPlacer,20,513,True,1.5567,-1,2,0.5714,0.0,8.1,7,7,1
GreedyPlacer,20,514,True,1.4488,-1,3,1.8367,0.0,7.99,7,8,2
GreedyPlacer,20,515,True,1.9502,-1,4,0.2041,-0.0286,8.13,7,2,9
GreedyPlacer,20,516,True,1.5567,-1,4,3.1429,0.6,8.26,7,7,10
GreedyPlacer,20,517,True,1.8424,-1,2,1.0612,0.0,7.9,7,5,3
GreedyPlacer,20,518,True,1.5488,-1,2,0.9844,0.4,9.54,8,5,5
GreedyPlacer,20,519,True,1.4056,-1,1,0.5,1.0,9.55,8,8,3
GreedyPlacer,20,520,True,1.9502,-1,4,0.2449,0.0,7.74,7,3,8
GreedyPlacer,20,521,True,1.3788,-1,3,1.102,0.4,7.76,7,4,4
GreedyPlacer,20,522,True,1.5567,-1,2,2.4082,1.0,7.75,7,8,4
GreedyPlacer,20,523,True,1.5567,-1,2,1.551,0.0,7.39,7,8,2
GreedyPlacer,20,524,True,1.8424,-1,1,0.4898,0.2,8.55,7,5,5
GreedyPlacer,20,525,True,1.8424,-1,1,1.9592,0.4,8.02,7,11,5
GreedyPlacer,20,526,True,1.8424,-1,4,3.0612,0.2,8.34,7,9,6
GreedyPlacer,20,527,True,1.3788,-1,1,1.3469,0.0,8.19,7,9,1
GreedyPlacer,20,528,True,1.4488,-1,2,1.2653,1.0,8.14,7,6,3
GreedyPlacer,20,529,True,1.5567,-1,2,0.4898,0.0,8.34,7,5,2
GreedyPlacer,20,530,True,1.6645,-1,1,0.2449,1.0,8.13,7,3,4
GreedyPlacer,20,531,True,1.3788,-1,1,1.102,0.5,8.19,7,10,3
GreedyPlacer,20,532,True,1.4488,-1,3,0.2449,0.0,8.26,7,4,0
GreedyPlacer,20,533,True,1.9056,-1,3,0.6875,0.5,9.76,8,6,7
GreedyPlacer,20,534,True,2.0,-1,2,0.5,0.8,9.77,8,4,5
GreedyPlacer,20,535,True,1.3788,-1,3,0.5306,0.5,8.35,7,4,3
GreedyPlacer,20,536,True,1.3788,-1,1,1.551,0.0,8.22,7,8,2
GreedyPlacer,20,537,True,1.5567,-1,2,0.9796,1.0,8.64,7,6,3
GreedyPlacer,20,538,True,1.1488,-1,3,1.9592,0.8286,8.27,7,4,6
GreedyPlacer,20,539,True,1.3788,-1,1,0.5714,1.0,8.33,7,7,3
GreedyPlacer,20,540,True,1.8424,-1,1,0.8571,0.5,7.97,7,7,7
GreedyPlacer,20,541,True,1.4056,-1,1,1.9375,0.0,9.47,8,14,2
GreedyPlacer,20,542,True,1.8424,-1,3,0.5306,0.5,8.18,7,3,6
GreedyPlacer,20,543,True,1.9502,-1,1,2.9796,0.3,7.73,7,6,7
GreedyPlacer,20,544,True,1.3788,-1,3,0.4898,1.0,8.28,7,5,4
GreedyPlacer,20,545,True,1.5613,-1,2,0.25,0.0,9.59,8,4,1
GreedyPlacer,20,546,True,1.9502,-1,3,0.5306,0.2,8.15,7,4,6
GreedyPlacer,20,547,True,1.9056,-1,3,0.75,-0.5,9.96,8,4,4
GreedyPlacer,20,548,True,1.3788,-1,1,1.102,1.0,7.84,7,10,4
GreedyPlacer,20,549,True,1.8424,-1,3,0.5306,-0.2,8.35,7,3,9
GreedyPlacer,20,550,True,1.3788,-1,2,3.102,1.0,8.17,7,10,3
GreedyPlacer,20,551,True,1.3788,-1,1,0.8163,0.0,7.95,7,11,3
GreedyPlacer,20,552,True,1.3788,-1,3,0.5306,1.0,7.77,7,3,6
GreedyPlacer,20,553,True,1.5567,-1,2,0.4898,0.0,8.36,7,5,1
GreedyPlacer,20,554,True,1.5,-1,2,2.75,0.8,8.9,8,8,4
GreedyPlacer,20,555,True,1.3788,-1,3,0.4082,1.0,8.11,7,6,4
GreedyPlacer,20,556,True,1.3788,-1,1,1.6735,0.0,8.44,7,11,2
GreedyPlacer,20,557,True,1.9502,-1,2,0.5306,0.2,7.99,7,3,8
GreedyPlacer,20,558,True,1.5567,-1,2,1.7143,1.0,8.23,7,7,3
GreedyPlacer,20,559,True,1.8424,-1,1,1.2653,0.5,8.24,7,8,5
GreedyPlacer,20,560,True,1.8424,-1,2,0.2449,0.8,8.14,7,3,6
GreedyPlacer,20,561,True,1.9502,-1,2,1.4286,0.0,8.27,7,7,2
GreedyPlacer,20,562,True,1.8424,-1,3,0.9796,0.0,8.22,7,6,4
GreedyPlacer,20,563,True,1.3788,-1,2,3.3469,-0.5,8.28,7,12,5
GreedyPlacer,20,564,True,1.9056,-1,2,0.4844,-0.5,9.49,8,5,9
GreedyPlacer,20,565,True,1.0613,-1,1,0.6875,0.0,9.28,8,6,3
GreedyPlacer,20,566,True,1.5567,-1,2,0.1224,0.6,8.39,7,1,10
GreedyPlacer,20,567,True,1.8424,-1,0,1.1429,0.8,8.32,7,7,5
GreedyPlacer,20,568,True,1.3788,-1,3,0.5306,1.0,8.25,7,4,3
GreedyPlacer,20,569,True,1.4488,-1,3,1.2653,1.0,7.98,7,6,5
GreedyPlacer,20,570,True,1.5,-1,2,0.4844,0.8,9.63,8,5,5
GreedyPlacer,20,571,True,1.9502,-1,0,3.1429,1.0,8.16,7,7,8
GreedyPlacer,20,572,True,1.3788,-1,4,0.5306,-0.4,8.29,7,4,5
GreedyPlacer,20,573,True,1.5567,-1,2,0.4082,0.8286,7.81,7,6,7
GreedyPlacer,20,574,True,1.8424,-1,0,1.2653,1.0,8.04,7,6,6
GreedyPlacer,20,575,True,1.3788,-1,3,0.0,0.4,8.07,7,0,6
GreedyPlacer,20,576,True,1.8113,-1,2,0.4844,1.0,9.47,8,5,3
GreedyPlacer,20,577,True,1.9056,-1,1,1.0,0.8,9.68,8,8,6
GreedyPlacer,20,578,True,1.9502,-1,2,0.8571,0.0,8.27,7,7,5
GreedyPlacer,20,579,True,1.5567,-1,2,1.1429,1.0,8.64,7,7,4
GreedyPlacer,20,580,True,1.8424,-1,1,0.8571,-1.0,8.18,7,7,7
GreedyPlacer,20,581,True,1.3788,-1,3,2.9796,0.4,8.0,7,6,4
GreedyPlacer,20,582,True,1.8424,-1,2,0.5306,0.0,8.17,7,4,2
GreedyPlacer,20,583,True,1.4488,-1,1,1.3878,0.0,7.93,7,10,3
GreedyPlacer,20,584,True,1.8424,-1,1,2.8163,-0.5,8.06,7,10,9
GreedyPlacer,20,585,True,1.3788,-1,1,1.3469,0.5,7.9,7,12,4
GreedyPlacer,20,586,True,1.1488,-1,2,0.6939,0.0,8.25,7,8,2
GreedyPlacer,20,587,True,1.9056,-1,1,1.4844,1.0,9.49,8,11,5
GreedyPlacer,20,588,True,0.9852,-1,2,2.2449,0.0,8.11,7,11,3
GreedyPlacer,20,589,True,1.6645,-1,3,0.2041,1.0,7.57,7,2,4
GreedyPlacer,20,590,True,1.8424,-1,2,0.2041,0.0,8.13,7,2,4
GreedyPlacer,20,591,True,1.8424,-1,0,0.6939,0.8,8.17,7,6,5
GreedyPlacer,20,592,True,1.4488,-1,3,0.5306,0.0,8.12,7,4,1
GreedyPlacer,20,593,True,1.8113,-1,0,0.75,0.0,9.85,8,8,2
GreedyPlacer,20,594,True,1.9502,-1,2,1.551,0.0,8.35,7,8,5
GreedyPlacer,20,595,True,1.9056,-1,5,1.0,-0.8,9.64,8,4,8
GreedyPlacer,20,596,True,1.5567,-1,2,2.4082,0.4,7.92,7,8,4
GreedyPlacer,20,597,True,1.8424,-1,1,1.4286,0.5,8.33,7,7,4
GreedyPlacer,20,598,True,1.9502,-1,1,2.6939,1.0,8.85,7,8,8
GreedyPlacer,20,599,True,1.9056,-1,3,0.1875,-0.5,9.79,8,2,4
GreedyPlacer,20,600,True,1.75,-1,1,1.2344,0.0,9.2,8,11,4
GreedyPlacer,20,601,True,1.8424,-1,2,0.2041,0.0,8.04,7,2,4
GreedyPlacer,20,602,True,1.2988,-1,3,0.1875,0.7,9.51,8,2,6
GreedyPlacer,20,603,True,1.6645,-1,2,0.6939,0.0,8.34,7,8,2
GreedyPlacer,20,604,True,1.8424,-1,1,1.0612,0.0,8.11,7,9,5
GreedyPlacer,20,605,True,1.6645,-1,2,0.5306,0.0,8.47,7,4,5
GreedyPlacer,20,606,True,1.4056,-1,1,0.3594,0.0,9.57,8,7,1
GreedyPlacer,20,607,True,1.6645,-1,2,0.4898,0.5,8.19,7,5,6
GreedyPlacer,20,608,True,1.8424,-1,3,0.2449,0.4,7.86,7,3,6
GreedyPlacer,20,609,True,1.1488,-1,1,2.6939,0.8,8.1,7,13,5
GreedyPlacer,20,610,True,0.8631,-1,3,0.5306,1.0,8.17,7,3,4
GreedyPlacer,20,611,True,1.2988,-1,3,0.2344,1.0,9.34,8,3,4
GreedyPlacer,20,612,True,1.3788,-1,2,0.7755,0.7,8.48,7,5,5
GreedyPlacer,20,613,True,1.9502,-1,2,0.6939,0.0,8.49,7,6,4
GreedyPlacer,20,614,True,1.4488,-1,3,0.1224,0.9,8.23,7,1,5
GreedyPlacer,20,615,True,1.5567,-1,4,0.1224,0.4,8.33,7,1,6
GreedyPlacer,20,616,True,1.5567,-1,2,1.2653,-0.5,8.29,7,6,4
GreedyPlacer,20,617,True,0.5436,-1,2,0.5,0.0,9.56,8,8,2
GreedyPlacer,20,618,True,1.8424,-1,1,1.102,-0.5,8.41,7,10,4
GreedyPlacer,20,619,True,1.8424,-1,2,0.2449,0.0,7.55,7,3,5
GreedyPlacer,20,620,True,1.8424,-1,0,0.8571,0.0,8.32,7,7,2
GreedyPlacer,20,621,True,1.9502,-1,2,0.8163,1.0,7.97,7,4,6
GreedyPlacer,20,622,True,0.5917,-1,3,0.1224,1.0,8.32,7,1,3
GreedyPlacer,20,623,True,1.9502,-1,5,0.5306,-0.6,8.24,7,3,5
GreedyPlacer,20,624,True,1.5567,-1,2,1.3469,1.0,7.63,7,5,4
GreedyPlacer,20,625,True,1.8424,-1,0,2.9796,0.5,8.05,7,13,4
GreedyPlacer,20,626,True,1.8424,-1,4,0.1224,0.9,7.82,7,1,9
GreedyPlacer,20,627,True,0.9852,-1,3,0.5306,0.9429,8.33,7,3,6
GreedyPlacer,20,628,True,1.4488,-1,2,1.2653,0.0,8.63,7,8,2
GreedyPlacer,20,629,True,1.3788,-1,1,0.9796,0.0,8.29,7,8,1
GreedyPlacer,20,630,True,1.8424,-1,1,1.7143,0.4,7.88,7,7,12
GreedyPlacer,20,631,True,1.8113,-1,0,1.1875,0.0,9.72,8,10,4
GreedyPlacer,20,632,True,1.3788,-1,2,0.4898,0.0,7.95,7,5,3
GreedyPlacer,20,633,True,1.5613,-1,6,0.4844,0.1,8.93,8,3,7
GreedyPlacer,20,634,True,1.6645,-1,1,1.8367,0.4,8.31,7,8,5
GreedyPlacer,20,635,True,1.8424,-1,0,0.8571,1.0,8.73,7,7,5
GreedyPlacer,20,636,True,1.8424,-1,2,0.4898,1.0,8.01,7,2,5
GreedyPlacer,20,637,True,1.1488,-1,1,0.6939,1.0,8.55,7,6,4
GreedyPlacer,20,638,True,1.9056,-1,1,2.9844,1.0,9.52,8,11,4
GreedyPlacer,20,639,True,1.4488,-1,1,0.6939,0.8,8.23,7,8,4
GreedyPlacer,20,640,True,1.5567,-1,3,0.1224,0.7,8.31,7,1,9
GreedyPlacer,20,641,True,1.8424,-1,1,1.9184,0.5,8.27,7,9,3
GreedyPlacer,20,642,True,1.9502,-1,1,0.2449,0.7,7.67,7,3,6
GreedyPlacer,20,643,True,0.8631,-1,3,0.2449,1.0,8.39,7,3,3
GreedyPlacer,20,644,True,1.1488,-1,1,0.6939,0.5,8.22,7,6,4
GreedyPlacer,20,645,True,1.3788,-1,3,1.2653,1.0,8.38,7,6,5
GreedyPlacer,20,646,True,1.8424,-1,3,0.2449,-1.0,7.95,7,4,5
GreedyPlacer,20,647,True,1.3788,-1,3,0.4898,-0.5,8.46,7,5,3
GreedyPlacer,20,648,True,1.0613,-1,2,0.6094,0.0,9.8,8,9,1
GreedyPlacer,20,649,True,1.9056,-1,2,1.7344,0.4,9.46,8,5,7
GreedyPlacer,20,650,True,1.8424,-1,1,0.7755,1.0,8.42,7,5,3
GreedyPlacer,20,651,True,1.8424,-1,3,1.102,0.9429,8.25,7,4,8
GreedyPlacer,20,652,True,1.8424,-1,2,0.5306,0.5,7.98,7,4,7
GreedyPlacer,20,653,True,1.8424,-1,2,0.4898,1.0,7.85,7,2,7
GreedyPlacer,20,654,True,1.3788,-1,1,0.5306,1.0,8.27,7,4,3
GreedyPlacer,20,655,True,1.5567,-1,2,1.4286,1.0,8.06,7,7,3
GreedyPlacer,20,656,True,1.8424,-1,2,2.2449,0.0,7.88,7,10,3
GreedyPlacer,20,657,True,1.8113,-1,1,0.9375,0.9,9.55,8,6,9
GreedyPlacer,20,658,True,1.8424,-1,3,0.6939,0.7,8.06,7,6,6
GreedyPlacer,20,659,True,1.3788,-1,1,0.9796,0.0,7.85,7,8,4
GreedyPlacer,20,660,True,1.5567,-1,2,0.4898,0.0,7.98,7,5,2
GreedyPlacer,20,661,True,1.5,-1,2,0.9375,1.0,9.72,8,10,3
GreedyPlacer,20,662,True,1.4488,-1,4,0.0,0.8286,8.09,7,0,9
GreedyPlacer,20,663,True,1.9502,-1,3,1.2653,0.0,7.25,7,8,3
GreedyPlacer,20,664,True,1.5567,-1,2,1.2653,0.0,8.22,7,8,2
GreedyPlacer,20,665,True,1.8424,-1,4,1.102,0.4,8.25,7,3,8
GreedyPlacer,20,666,True,1.5567,-1,2,2.2041,1.0,8.14,7,9,3
GreedyPlacer,20,667,True,1.8424,-1,1,0.4898,0.0,8.26,7,5,3
GreedyPlacer,20,668,True,1.6645,-1,2,0.8571,0.5,8.04,7,7,3
GreedyPlacer,20,669,True,1.3788,-1,3,0.6939,1.0,8.07,7,6,4
GreedyPlacer,20,670,True,1.4488,-1,2,1.3469,0.4,8.25,7,9,4
GreedyPlacer,20,671,True,0.9852,-1,3,0.2449,1.0,8.07,7,3,3
GreedyPlacer,20,672,True,1.8424,-1,1,1.8367,-0.5,8.53,7,8,4
GreedyPlacer,20,673,True,1.5567,-1,2,0.6939,-0.5,8.44,7,8,3
GreedyPlacer,20,674,True,1.9502,-1,1,2.2041,-0.4,8.02,7,9,8
GreedyPlacer,20,675,True,1.9056,-1,2,0.25,0.4,9.89,8,4,6
GreedyPlacer,20,676,True,1.9056,-1,5,0.5,0.8,9.46,8,4,7
GreedyPlacer,20,677,True,1.4488,-1,2,1.2653,0.0,8.02,7,6,2
GreedyPlacer,20,678,True,1.0613,-1,1,0.7344,0.8,9.71,8,5,6
GreedyPlacer,20,679,True,1.9502,-1,1,0.6939,1.0,8.3,7,6,8
GreedyPlacer,20,680,True,1.3788,-1,2,0.5306,0.5,8.13,7,3,7
GreedyPlacer,20,681,True,1.9056,-1,4,2.8594,-0.6,9.19,8,7,6
GreedyPlacer,20,682,True,1.9502,-1,2,2.2041,0.4857,7.94,7,9,8
GreedyPlacer,20,683,True,1.3788,-1,1,1.0612,1.0,8.33,7,9,4
GreedyPlacer,20,684,True,1.5567,-1,2,0.4082,0.5,8.34,7,6,3
GreedyPlacer,20,685,True,1.6645,-1,2,1.4286,0.5,8.13,7,7,4
GreedyPlacer,20,686,True,1.3788,-1,3,0.2041,0.5,7.89,7,2,3
GreedyPlacer,20,687,True,1.3788,-1,2,0.4898,1.0,8.03,7,2,6
GreedyPlacer,20,688,True,1.5,-1,2,1.1875,-0.6,10.02,8,10,4
GreedyPlacer,20,689,True,1.2988,-1,3,1.1875,1.0,9.71,8,6,4
GreedyPlacer,20,690,True,1.3788,-1,3,0.8163,0.4286,8.18,7,4,9
GreedyPlacer,20,691,True,1.1488,-1,1,0.6939,0.0,8.2,7,6,1
GreedyPlacer,20,692,True,1.3788,-1,3,0.6939,0.0,7.31,7,8,1
GreedyPlacer,20,693,True,1.9502,-1,0,0.5306,0.5,7.79,7,3,8
GreedyPlacer,20,694,True,0.8631,-1,3,0.2449,0.5,8.72,7,3,3
GreedyPlacer,20,695,True,1.8424,-1,0,1.2653,0.5,8.32,7,8,4
GreedyPlacer,20,696,True,1.9502,-1,1,0.5306,1.0,8.13,7,4,10
GreedyPlacer,20,697,True,1.6645,-1,2,0.5306,0.5,8.12,7,4,7
GreedyPlacer,20,698,True,1.5613,-1,2,0.6094,0.8,9.65,8,9,4
GreedyPlacer,20,699,True,1.8424,-1,4,0.2041,0.8,7.32,7,2,6
GreedyPlacer,20,700,True,1.3788,-1,1,1.7143,1.0,8.34,7,7,3
GreedyPlacer,20,701,True,1.8424,-1,2,0.5306,-0.5,8.25,7,4,5
GreedyPlacer,20,702,True,1.8424,-1,1,1.102,0.3,7.66,7,10,5
GreedyPlacer,20,703,True,1.8424,-1,3,0.6939,0.8,7.9,7,6,6
GreedyPlacer,20,704,True,1.4056,-1,2,0.5,1.0,9.33,8,4,10
GreedyPlacer,20,705,True,1.3788,-1,3,0.6939,1.0,8.12,7,6,3
GreedyPlacer,20,706,True,1.3788,-1,1,0.7755,0.0,8.0,7,12,2
GreedyPlacer,20,707,True,1.4488,-1,1,0.8163,0.0,8.0,7,10,1
GreedyPlacer,20,708,True,1.5567,-1,4,0.5306,0.8,8.12,7,4,7
GreedyPlacer,20,709,True,1.4488,-1,3,0.5306,0.0,8.22,7,4,3
GreedyPlacer,20,710,True,1.9502,-1,3,1.6327,-0.5,8.2,7,9,6
GreedyPlacer,20,711,True,1.8424,-1,0,0.8571,0.8,8.23,7,7,5
GreedyPlacer,20,712,True,0.9852,-1,3,0.5306,0.8,8.07,7,3,4
GreedyPlacer,20,713,True,1.5,-1,2,1.4844,0.0,9.79,8,11,0
GreedyPlacer,20,714,True,1.4056,-1,4,0.1875,0.0,9.45,8,2,2
GreedyPlacer,20,715,True,1.8424,-1,1,0.7755,1.0,7.51,7,5,6
GreedyPlacer,20,716,True,1.5567,-1,2,1.6327,0.0,8.07,7,9,2
GreedyPlacer,20,717,True,1.8424,-1,2,0.5306,0.4,7.76,7,3,5
GreedyPlacer,20,718,True,1.8424,-1,3,1.0612,1.0,7.56,7,5,5
GreedyPlacer,20,719,True,1.6645,-1,2,0.6939,0.0,8.39,7,6,5
GreedyPlacer,20,720,True,1.5567,-1,2,0.8571,1.0,8.16,7,7,4
GreedyPlacer,20,721,True,1.9502,-1,1,1.2653,0.8,8.75,7,6,8
GreedyPlacer,20,722,True,1.3788,-1,1,1.1429,0.8,8.38,7,7,5
GreedyPlacer,20,723,True,1.1488,-1,2,0.5714,0.0,8.49,7,7,1
GreedyPlacer,20,724,True,1.4488,-1,3,1.2653,-0.5,8.07,7,6,3
GreedyPlacer,20,725,True,1.8424,-1,0,1.3878,0.7,8.29,7,10,6
GreedyPlacer,20,726,True,1.5613,-1,2,0.2344,1.0,9.89,8,5,4
GreedyPlacer,20,727,True,1.8424,-1,2,1.102,1.0,8.38,7,4,7
GreedyPlacer,20,728,True,1.9502,-1,4,0.2449,0.0,8.25,7,3,5
GreedyPlacer,20,729,True,1.9056,-1,3,0.4844,1.0,9.92,8,3,4
GreedyPlacer,20,730,True,1.6645,-1,3,1.102,-0.8,8.04,7,4,6
GreedyPlacer,20,731,True,1.8424,-1,2,2.0,1.0,8.18,7,7,6
GreedyPlacer,20,732,True,1.3788,-1,3,0.4898,1.0,7.97,7,5,3
GreedyPlacer,20,733,True,1.8424,-1,4,1.9592,0.7143,8.09,7,4,7
GreedyPlacer,20,734,True,1.6645,-1,0,1.1429,0.0,7.98,7,7,2
GreedyPlacer,20,735,True,1.8424,-1,0,1.3878,0.4,8.24,7,11,8
GreedyPlacer,20,736,True,1.9502,-1,5,0.5306,0.4,8.23,7,4,7
GreedyPlacer,20,737,True,0.9852,-1,3,0.8163,1.0,8.5,7,4,3
GreedyPlacer,20,738,True,1.9502,-1,3,0.8163,0.9,7.67,7,4,7
GreedyPlacer,20,739,True,1.75,-1,1,0.8594,0.0,9.46,8,9,2
GreedyPlacer,20,740,True,1.8424,-1,1,0.6939,0.3,8.07,7,6,9
GreedyPlacer,20,741,True,0.9852,-1,3,0.2041,0.9,8.14,7,2,5
GreedyPlacer,20,742,True,0.5917,-1,2,0.7755,1.0,8.27,7,5,3
GreedyPlacer,20,743,True,1.6645,-1,1,0.5714,0.5,8.33,7,7,3
GreedyPlacer,20,744,True,1.8424,-1,2,2.0,0.4,8.14,7,7,7
GreedyPlacer,20,745,True,1.1488,-1,2,0.7755,0.3,8.12,7,5,7
GreedyPlacer,20,746,True,1.8424,-1,3,2.1224,0.5,7.4,7,8,6
GreedyPlacer,20,747,True,1.3788,-1,1,2.4898,0.5,7.93,7,9,7
GreedyPlacer,20,748,True,1.75,-1,0,1.25,0.0,9.81,8,12,2
GreedyPlacer,20,749,True,1.9056,-1,1,0.2344,0.0,8.92,8,3,4
GreedyPlacer,20,750,True,1.9502,-1,0,0.6939,1.0,8.32,7,6,7
GreedyPlacer,20,751,True,1.3788,-1,3,1.2653,1.0,8.12,7,8,4
GreedyPlacer,20,752,True,1.5,-1,2,0.4375,1.0,9.11,8,6,4
GreedyPlacer,20,753,True,1.4056,-1,3,0.4844,1.0,9.11,8,5,8
GreedyPlacer,20,754,True,1.1488,-1,2,0.4898,1.0,7.96,7,5,3
GreedyPlacer,20,755,True,1.75,-1,1,0.75,0.5,9.7,8,8,3
GreedyPlacer,20,756,True,1.8424,-1,1,0.2449,0.9,8.14,7,3,7
GreedyPlacer,20,757,True,1.1488,-1,1,1.551,0.6571,8.05,7,13,11
GreedyPlacer,20,758,True,1.6645,-1,1,0.5306,0.8,8.25,7,4,6
GreedyPlacer,20,759,True,1.8424,-1,0,1.1429,1.0,8.43,7,7,5
GreedyPlacer,20,760,True,1.5488,-1,2,0.7344,0.4,9.64,8,5,7
GreedyPlacer,20,761,True,1.9502,-1,4,2.5714,0.9,8.26,7,7,6
GreedyPlacer,20,762,True,1.5488,-1,1,0.2344,0.8929,10.16,8,3,7
GreedyPlacer,20,763,True,1.75,-1,2,0.9375,1.0,9.22,8,6,4
GreedyPlacer,20,764,True,1.8424,-1,2,0.4898,0.0,8.28,7,5,5
GreedyPlacer,20,765,True,1.8424,-1,0,0.5714,1.0,8.52,7,7,5
GreedyPlacer,20,766,True,1.5488,-1,1,0.5,-0.2,9.38,8,8,6
GreedyPlacer,20,767,True,1.8424,-1,2,0.4898,0.0,8.0,7,5,4
GreedyPlacer,20,768,True,1.8424,-1,1,0.9796,1.0,8.18,7,6,5
GreedyPlacer,20,769,True,1.3788,-1,3,0.7755,1.0,7.95,7,5,4
GreedyPlacer,20,770,True,1.9502,-1,2,1.8367,0.8,8.08,7,6,9
GreedyPlacer,20,771,True,1.3788,-1,3,0.9796,1.0,8.49,7,8,3
GreedyPlacer,20,772,True,1.9502,-1,2,0.2449,0.5,8.36,7,4,4
GreedyPlacer,20,773,True,1.5567,-1,3,0.2041,1.0,7.91,7,2,8
GreedyPlacer,20,774,True,0.9852,-1,3,0.7755,1.0,8.09,7,5,4
GreedyPlacer,20,775,True,1.8424,-1,3,0.7755,1.0,7.94,7,5,3
GreedyPlacer,20,776,True,1.8424,-1,1,1.8367,0.4,8.09,7,8,6
GreedyPlacer,20,777,True,0.9852,-1,3,0.5306,1.0,8.14,7,3,6
GreedyPlacer,20,778,True,1.4056,-1,2,0.8594,0.0,9.57,8,7,2
GreedyPlacer,20,779,True,1.5567,-1,2,2.4898,0.4,8.01,7,12,5
GreedyPlacer,20,780,True,1.4056,-1,2,0.1875,0.9429,9.62,8,2,7
GreedyPlacer,20,781,True,1.3788,-1,1,1.0612,0.5,8.07,7,9,4
GreedyPlacer,20,782,True,1.5,-1,2,0.2344,1.0,9.72,8,3,4
GreedyPlacer,20,783,True,1.9502,-1,0,0.5306,0.2,8.06,7,4,9
GreedyPlacer,20,784,True,1.5567,-1,2,0.8571,1.0,7.57,7,7,3
GreedyPlacer,20,785,True,1.1488,-1,1,1.7143,1.0,7.95,7,14,3
GreedyPlacer,20,786,True,1.8424,-1,0,1.0612,1.0,7.92,7,5,4
GreedyPlacer,20,787,True,1.8424,-1,2,0.2449,0.0,8.27,7,3,3
GreedyPlacer,20,788,True,1.5613,-1,6,0.1875,0.3,9.15,8,2,5
GreedyPlacer,20,789,True,0.9852,-1,3,0.5306,0.0,7.68,7,4,2
GreedyPlacer,20,790,True,1.5567,-1,2,0.5306,0.0,8.18,7,4,1
GreedyPlacer,20,791,True,1.4056,-1,1,0.4375,0.0,9.24,8,6,2
GreedyPlacer,20,792,True,1.3788,-1,1,1.551,0.0,8.26,7,8,2
GreedyPlacer,20,793,True,1.3788,-1,3,0.8571,1.0,8.01,7,7,3
GreedyPlacer,20,794,True,1.5567,-1,2,0.8571,0.0,8.22,7,7,2
GreedyPlacer,20,795,True,1.75,-1,3,0.5,0.2,9.65,8,4,6
GreedyPlacer,20,796,True,1.3788,-1,2,1.8367,0.5,8.3,7,13,3
GreedyPlacer,20,797,True,1.5567,-1,2,1.102,0.0,8.3,7,11,2
GreedyPlacer,20,798,True,1.8424,-1,2,3.102,0.5,8.06,7,11,4
GreedyPlacer,20,799,True,1.6645,-1,1,0.2449,1.0,8.04,7,3,6
GreedyPlacer,20,800,True,1.6645,-1,1,0.6939,1.0,7.78,7,8,7
GreedyPlacer,20,801,True,1.5,-1,2,1.0,0.0,9.87,8,8,2
GreedyPlacer,20,802,True,1.5567,-1,2,0.7755,0.0,8.31,7,9,1
GreedyPlacer,20,803,True,1.9502,-1,2,0.5306,0.0,8.38,7,3,7
GreedyPlacer,20,804,True,1.8424,-1,2,0.2041,1.0,7.87,7,2,4
GreedyPlacer,20,805,True,1.8424,-1,2,1.9184,0.0,8.41,7,9,3
GreedyPlacer,20,806,True,1.4488,-1,3,0.5306,0.0,8.03,7,3,1
GreedyPlacer,20,807,True,1.9502,-1,0,1.4286,1.0,8.25,7,7,6
GreedyPlacer,20,808,True,1.75,-1,5,0.1875,-0.6,9.3,8,2,4
GreedyPlacer,20,809,True,0.9852,-1,3,0.8163,1.0,8.42,7,4,3
GreedyPlacer,20,810,True,1.8424,-1,2,2.2041,0.0,8.36,7,9,2
GreedyPlacer,20,811,True,0.8631,-1,3,0.2041,1.0,8.17,7,2,4
GreedyPlacer,20,812,True,1.9502,-1,2,1.8367,-0.6,8.02,7,6,5
GreedyPlacer,20,813,True,0.8631,-1,3,0.1224,0.0,8.25,7,1,0
GreedyPlacer,20,814,True,1.6645,-1,0,1.3469,0.5,7.91,7,9,4
GreedyPlacer,20,815,True,1.8424,-1,0,0.8571,1.0,8.2,7,7,10
GreedyPlacer,20,816,True,1.6645,-1,0,2.9796,1.0,8.0,7,15,6
GreedyPlacer,20,817,True,1.9056,-1,2,0.5,0.0,9.98,8,4,3
GreedyPlacer,20,818,True,1.5613,-1,2,0.9375,1.0,9.77,8,6,3
GreedyPlacer,20,819,True,1.4488,-1,2,3.6327,0.5,8.34,7,12,3
GreedyPlacer,20,820,True,1.8424,-1,2,0.4898,0.8,8.29,7,5,4
GreedyPlacer,20,821,True,1.8424,-1,5,0.2041,0.0857,7.95,7,2,9
GreedyPlacer,20,822,True,1.8424,-1,3,0.9796,0.0,8.04,7,6,3
GreedyPlacer,20,823,True,1.3788,-1,3,0.5306,1.0,8.14,7,3,4
GreedyPlacer,20,824,True,1.4488,-1,3,0.2041,1.0,8.36,7,2,4
GreedyPlacer,20,825,True,1.5567,-1,2,0.4898,1.0,8.3,7,5,4
GreedyPlacer,20,826,True,1.5567,-1,2,2.7755,0.5,8.35,7,9,3
GreedyPlacer,20,827,True,1.5567,-1,2,0.8571,0.0,7.87,7,7,2
GreedyPlacer,20,828,True,1.9502,-1,2,1.8367,-0.5,8.0,7,8,3
GreedyPlacer,20,829,True,1.8424,-1,4,1.3469,-0.5,7.79,7,5,7
GreedyPlacer,20,830,True,1.6645,-1,1,0.6939,-0.5,8.14,7,6,3
GreedyPlacer,20,831,True,1.3788,-1,1,0.8163,0.0,8.04,7,10,2
GreedyPlacer,20,832,True,1.3788,-1,3,0.1224,0.5,8.38,7,1,4
GreedyPlacer,20,833,True,1.75,-1,3,1.0,-0.5,9.69,8,8,4
GreedyPlacer,20,834,True,1.3788,-1,1,3.1429,1.0,8.24,7,14,6
GreedyPlacer,20,835,True,1.9056,-1,4,0.5,-0.8,9.71,8,4,4
GreedyPlacer,20,836,True,1.4488,-1,3,1.3469,0.4,8.17,7,5,4
GreedyPlacer,20,837,True,1.8424,-1,2,0.2041,1.0,7.77,7,2,5
GreedyPlacer,20,838,True,1.75,-1,2,0.8594,0.0,9.53,8,7,2
GreedyPlacer,20,839,True,1.9502,-1,3,0.4898,-0.3714,7.93,7,2,9
GreedyPlacer,20,840,True,1.2988,-1,3,0.6875,0.0,9.4,8,6,3
GreedyPlacer,20,841,True,1.8424,-1,1,0.8571,1.0,8.07,7,7,5
GreedyPlacer,20,842,True,1.8424,-1,0,1.2653,1.0,8.4,7,6,6
GreedyPlacer,20,843,True,1.8424,-1,2,1.1429,-1.0,8.55,7,7,8
GreedyPlacer,20,844,True,1.3788,-1,3,0.6939,1.0,8.44,7,6,3
GreedyPlacer,20,845,True,1.8424,-1,0,0.2041,0.5,8.02,7,5,4
GreedyPlacer,20,846,True,1.3788,-1,2,0.2041,1.0,8.26,7,2,7
GreedyPlacer,20,847,True,1.8424,-1,3,0.5306,1.0,8.35,7,3,5
GreedyPlacer,20,848,True,1.8424,-1,3,1.0612,0.0,8.09,7,5,4
GreedyPlacer,20,849,True,1.8424,-1,1,0.6939,0.4,7.93,7,6,5
GreedyPlacer,20,850,True,0.9852,-1,3,0.1224,1.0,8.29,7,1,3
GreedyPlacer,20,851,True,1.5567,-1,2,1.551,0.5,8.26,7,8,4
GreedyPlacer,20,852,True,1.3788,-1,4,0.1224,0.5,8.28,7,1,6
GreedyPlacer,20,853,True,1.5488,-1,1,0.8594,1.0,9.64,8,7,6
GreedyPlacer,20,854,True,1.9056,-1,2,0.6875,0.4,9.77,8,6,4
GreedyPlacer,20,855,True,1.6645,-1,2,0.5306,0.4,8.01,7,3,5
GreedyPlacer,20,856,True,0.9852,-1,2,2.4898,0.0,8.21,7,9,2
GreedyPlacer,20,857,True,1.9502,-1,3,1.102,0.4,8.25,7,4,7
GreedyPlacer,20,858,True,1.75,-1,0,0.2344,0.4,9.3,8,5,5
GreedyPlacer,20,859,True,1.3788,-1,3,0.4898,0.5,8.23,7,5,3
GreedyPlacer,20,860,True,1.5567,-1,2,0.4898,0.0,7.7,7,5,2
GreedyPlacer,20,861,True,1.3788,-1,3,0.5306,-0.5,8.18,7,4,5
GreedyPlacer,20,862,True,1.5567,-1,2,2.7755,0.4,7.98,7,9,5
GreedyPlacer,20,863,True,1.3788,-1,1,0.5714,0.0,8.21,7,7,2
GreedyPlacer,20,864,True,1.5567,-1,2,0.5714,0.0,8.04,7,7,2
GreedyPlacer,20,865,True,1.9502,-1,3,0.7755,0.6,8.26,7,5,8
GreedyPlacer,20,866,True,1.3788,-1,1,3.102,0.5,8.72,7,11,3
GreedyPlacer,20,867,True,1.9502,-1,3,0.6939,0.0,8.04,7,6,5
GreedyPlacer,20,868,True,1.75,-1,0,1.0,0.5,9.78,8,8,4
GreedyPlacer,20,869,True,1.6645,-1,2,0.6939,0.0,8.18,7,6,3
GreedyPlacer,20,870,True,1.8424,-1,3,1.1429,0.8,7.84,7,7,6
GreedyPlacer,20,871,True,1.8424,-1,6,2.1224,0.4,8.14,7,6,7
GreedyPlacer,20,872,True,1.3788,-1,2,0.9796,0.0,8.33,7,8,1
GreedyPlacer,20,873,True,1.8424,-1,3,0.5306,0.0,7.86,7,4,3
GreedyPlacer,20,874,True,1.2988,-1,1,0.4375,0.0,9.7,8,6,2
GreedyPlacer,20,875,True,1.75,-1,2,0.8594,0.0,9.7,8,7,6
GreedyPlacer,20,876,True,1.5567,-1,2,0.6939,0.0,8.24,7,6,2
GreedyPlacer,20,877,True,1.3788,-1,1,2.4898,0.8,8.03,7,12,5
GreedyPlacer,20,878,True,1.8424,-1,1,1.8367,0.0,7.97,7,8,2
GreedyPlacer,20,879,True,1.8424,-1,1,1.8367,0.4,7.82,7,13,7
GreedyPlacer,20,880,True,1.4488,-1,1,1.6327,1.0,8.0,7,9,4
GreedyPlacer,20,881,True,1.8424,-1,1,1.6735,0.0,8.16,7,11,5
GreedyPlacer,20,882,True,1.9502,-1,2,1.9184,0.5,8.18,7,9,5
GreedyPlacer,20,883,True,1.9056,-1,1,0.9375,-0.5,9.94,8,6,5
GreedyPlacer,20,884,True,1.8424,-1,0,1.9184,0.0,8.26,7,9,6
GreedyPlacer,20,885,True,1.3788,-1,2,0.5306,0.0,8.36,7,3,2
GreedyPlacer,20,886,True,1.4488,-1,3,0.5306,0.5,8.23,7,3,4
GreedyPlacer,20,887,True,0.8631,-1,3,0.7755,1.0,8.15,7,5,4
GreedyPlacer,20,888,True,2.0,-1,2,0.4844,0.0,9.03,8,5,3
GreedyPlacer,20,889,True,1.8424,-1,3,0.8163,0.5,7.93,7,4,6
GreedyPlacer,20,890,True,1.5567,-1,2,3.3878,-1.0,7.99,7,10,3
GreedyPlacer,20,891,True,1.8424,-1,1,0.5714,0.5,8.23,7,7,3
GreedyPlacer,20,892,True,1.4488,-1,3,0.2041,0.0,8.46,7,2,2
GreedyPlacer,20,893,True,1.9502,-1,1,0.9796,0.8,8.35,7,8,6
GreedyPlacer,20,894,True,1.9502,-1,1,1.3469,0.9,8.41,7,5,7
GreedyPlacer,20,895,True,1.8424,-1,1,1.3878,0.7,7.9,7,10,7
GreedyPlacer,20,896,True,1.5567,-1,2,0.5714,0.0,8.24,7,7,1
GreedyPlacer,20,897,True,1.9502,-1,0,0.8571,0.2,7.66,7,7,6
GreedyPlacer,20,898,True,1.9056,-1,2,0.2344,0.8,9.07,8,3,8
GreedyPlacer,20,899,True,1.8424,-1,3,2.9796,-0.5,8.2,7,8,3
GreedyPlacer,20,900,True,1.4056,-1,1,1.3594,0.0,9.55,8,15,1
GreedyPlacer,20,901,True,1.6645,-1,1,0.9796,0.5,7.71,7,6,5
GreedyPlacer,20,902,True,1.8424,-1,2,1.1429,-1.0,8.48,7,7,6
GreedyPlacer,20,903,True,1.8424,-1,3,1.102,0.9,8.3,7,3,5
GreedyPlacer,20,904,True,1.3788,-1,3,0.6939,0.0,8.08,7,6,1
GreedyPlacer,20,905,True,1.75,-1,0,2.1875,0.8,9.32,8,10,6
GreedyPlacer,20,906,True,1.4488,-1,1,1.6735,1.0,8.32,7,11,3
GreedyPlacer,20,907,True,1.5567,-1,2,1.0612,0.0,8.04,7,9,3
GreedyPlacer,20,908,True,0.9852,-1,3,0.2449,1.0,8.11,7,3,3
GreedyPlacer,20,909,True,1.8424,-1,2,1.2653,0.8,7.89,7,6,5
GreedyPlacer,20,910,True,1.3788,-1,1,0.4898,0.7,8.22,7,5,8
GreedyPlacer,20,911,True,1.5567,-1,2,0.7755,0.0,8.39,7,9,0
GreedyPlacer,20,912,True,1.9502,-1,2,0.5306,1.0,8.32,7,3,6
GreedyPlacer,20,913,True,1.6645,-1,2,0.5306,0.0,7.7,7,3,5
GreedyPlacer,20,914,True,1.8424,-1,4,0.9796,0.2,8.0,7,6,6
GreedyPlacer,20,915,True,1.5613,-1,2,0.6094,1.0,9.77,8,7,3
GreedyPlacer,20,916,True,1.9502,-1,1,1.2653,0.4,7.94,7,6,7
GreedyPlacer,20,917,True,1.6645,-1,1,0.5306,1.0,8.22,7,3,5
GreedyPlacer,20,918,True,1.5567,-1,2,1.6327,0.0,8.32,7,9,2
GreedyPlacer,20,919,True,0.9852,-1,2,1.0612,0.9,8.54,7,5,6
GreedyPlacer,20,920,True,1.9502,-1,4,2.1224,0.4,7.99,7,6,5
GreedyPlacer,20,921,True,1.4056,-1,1,0.9375,0.0,9.7,8,10,2
GreedyPlacer,20,922,True,1.3788,-1,2,1.7143,1.0,8.19,7,7,5
GreedyPlacer,20,923,True,1.3788,-1,2,1.102,1.0,8.35,7,4,3
GreedyPlacer,20,924,True,1.8113,-1,1,1.5,0.0,9.62,8,8,4
GreedyPlacer,20,925,True,1.5567,-1,2,1.102,0.0,8.16,7,10,2
GreedyPlacer,20,926,True,1.9502,-1,2,1.0612,0.4,8.04,7,5,5
GreedyPlacer,20,927,True,1.5567,-1,2,0.6939,0.8,8.16,7,8,5
GreedyPlacer,20,928,True,0.8631,-1,3,0.4898,1.0,8.26,7,2,3
GreedyPlacer,20,929,True,1.8424,-1,1,0.5306,-0.2,8.18,7,4,5
GreedyPlacer,20,930,True,1.8424,-1,1,1.2653,0.5,8.17,7,8,3
GreedyPlacer,20,931,True,0.9852,-1,2,0.8571,0.0,8.16,7,7,2
GreedyPlacer,20,932,True,1.4488,-1,3,0.5306,0.0,8.0,7,4,2
GreedyPlacer,20,933,True,1.1488,-1,2,0.8571,0.0,7.91,7,7,4
GreedyPlacer,20,934,True,1.8424,-1,0,1.1429,0.8,8.2,7,7,5
GreedyPlacer,20,935,True,1.3788,-1,3,1.1429,0.0,8.21,7,7,2
GreedyPlacer,20,936,True,1.9502,-1,4,0.7755,-0.5,7.72,7,5,7
GreedyPlacer,20,937,True,1.5567,-1,2,1.3469,0.0,7.98,7,5,2
GreedyPlacer,20,938,True,1.9056,-1,1,0.4844,1.0,9.82,8,5,5
GreedyPlacer,20,939,True,1.3788,-1,1,0.7755,0.0,8.4,7,9,2
GreedyPlacer,20,940,True,1.8424,-1,0,0.5714,0.0,8.02,7,7,3
GreedyPlacer,20,941,True,1.9502,-1,1,0.7755,0.5,8.28,7,5,3
GreedyPlacer,20,942,True,1.3788,-1,2,3.1429,0.3714,8.09,7,7,6
GreedyPlacer,20,943,True,1.8424,-1,1,1.2653,0.2,7.75,7,6,7
GreedyPlacer,20,944,True,1.6645,-1,1,0.6939,0.4,8.46,7,6,5
GreedyPlacer,20,945,True,0.5917,-1,2,0.4898,0.0,7.79,7,5,2
GreedyPlacer,20,946,True,1.8424,-1,1,2.8163,0.0,8.11,7,11,4
GreedyPlacer,20,947,True,1.4056,-1,3,0.4844,1.0,9.18,8,3,9
GreedyPlacer,20,948,True,1.1488,-1,2,0.8571,1.0,8.17,7,7,3
GreedyPlacer,20,949,True,1.8113,-1,2,0.4375,0.4643,9.71,8,2,7
GreedyPlacer,20,950,True,1.8424,-1,0,0.7755,0.8,8.44,7,5,5
GreedyPlacer,20,951,True,1.8424,-1,4,0.2041,0.7,8.44,7,2,6
GreedyPlacer,20,952,True,1.9502,-1,2,0.2449,0.4,8.37,7,3,4
GreedyPlacer,20,953,True,1.8424,-1,3,1.6327,0.0,8.72,7,9,2
GreedyPlacer,20,954,True,0.9852,-1,3,0.5306,1.0,7.83,7,4,3
GreedyPlacer,20,955,True,1.75,-1,3,0.75,0.7,9.41,8,4,14
GreedyPlacer,20,956,True,1.8424,-1,0,0.7755,0.0,8.34,7,9,1
GreedyPlacer,20,957,True,1.8424,-1,3,1.102,0.8286,8.31,7,4,11
GreedyPlacer,20,958,True,1.4488,-1,3,0.1224,0.9429,7.95,7,1,7
GreedyPlacer,20,959,True,1.8424,-1,2,1.3469,0.2,8.3,7,5,4
GreedyPlacer,20,960,True,1.3788,-1,1,1.3878,0.0,8.35,7,11,1
GreedyPlacer,20,961,True,1.9502,-1,4,0.2449,0.0,8.34,7,3,9
GreedyPlacer,20,962,True,1.4488,-1,1,0.9796,0.5,8.05,7,8,3
GreedyPlacer,20,963,True,1.3788,-1,1,1.3469,0.0,8.44,7,9,2
GreedyPlacer,20,964,True,1.5567,-1,2,2.8163,0.8,7.79,7,11,4
GreedyPlacer,20,965,True,1.4056,-1,3,0.4375,1.0,9.28,8,6,4
GreedyPlacer,20,966,True,1.5567,-1,2,0.9796,0.0,8.39,7,6,1
GreedyPlacer,20,967,True,1.9502,-1,1,0.8163,0.4,8.25,7,4,5
GreedyPlacer,20,968,True,1.8424,-1,3,0.9796,0.0,7.97,7,6,4
GreedyPlacer,20,969,True,1.8424,-1,2,1.551,0.0,8.37,7,8,2
GreedyPlacer,20,970,True,1.9502,-1,1,0.8571,0.0,8.48,7,7,4
GreedyPlacer,20,971,True,1.6645,-1,1,0.8571,0.0,8.36,7,7,2
GreedyPlacer,20,972,True,1.5567,-1,2,2.4082,1.0,8.18,7,8,3
GreedyPlacer,20,973,True,1.5567,-1,2,1.102,0.0,8.34,7,10,0
GreedyPlacer,20,974,True,1.75,-1,2,1.1094,1.0,9.65,8,7,6
GreedyPlacer,20,975,True,1.3788,-1,3,0.5714,0.0,8.3,7,7,1
GreedyPlacer,20,976,True,1.8113,-1,2,1.6094,1.0,9.02,8,7,8
GreedyPlacer,20,977,True,1.3788,-1,1,1.1429,0.0,7.07,7,7,2
GreedyPlacer,20,978,True,0.9852,-1,3,0.8163,1.0,8.05,7,4,3
GreedyPlacer,20,979,True,1.8424,-1,1,0.9796,1.0,8.27,7,8,4
GreedyPlacer,20,980,True,1.5567,-1,2,0.4082,0.0,8.1,7,6,2
GreedyPlacer,20,981,True,0.9852,-1,3,0.1224,1.0,7.64,7,1,3
GreedyPlacer,20,982,True,1.5613,-1,2,1.1094,0.0,9.78,8,7,2
GreedyPlacer,20,983,True,1.3788,-1,3,0.5306,1.0,8.17,7,3,5
GreedyPlacer,20,984,True,1.5613,-1,3,0.1875,0.0,9.08,8,2,2
GreedyPlacer,20,985,True,1.5613,-1,2,1.1094,0.4,9.76,8,9,4
GreedyPlacer,20,986,True,1.9056,-1,1,0.2344,1.0,9.24,8,3,6
GreedyPlacer,20,987,True,1.3788,-1,1,0.6939,0.0,8.46,7,8,1
GreedyPlacer,20,988,True,1.5567,-1,2,1.3469,0.4,8.12,7,5,4
GreedyPlacer,20,989,True,1.1488,-1,2,0.6939,1.0,7.86,7,8,3
GreedyPlacer,20,990,True,1.5567,-1,2,0.5714,0.0,8.08,7,7,1
GreedyPlacer,20,991,True,1.5567,-1,2,0.4082,0.5,7.86,7,6,3
GreedyPlacer,20,992,True,1.4056,-1,1,0.6094,0.0,9.54,8,9,2
GreedyPlacer,20,993,True,1.9502,-1,2,0.8571,0.4,8.12,7,7,6
GreedyPlacer,20,994,True,1.1488,-1,2,0.7755,1.0,8.38,7,5,3
GreedyPlacer,20,995,True,1.8424,-1,3,0.7755,-0.5,8.18,7,5,4
GreedyPlacer,20,996,True,1.9056,-1,1,2.7344,0.5,9.95,8,11,5
GreedyPlacer,20,997,True,1.4488,-1,3,0.7755,0.0,8.2,7,5,2
GreedyPlacer,20,998,True,1.9502,-1,1,0.7755,1.0,8.18,7,5,7
GreedyPlacer,20,999,True,1.8424,-1,2,0.4898,1.0,7.97,7,5,3
GreedyPlacer,30,0,True,1.9056,-1,1,1.8594,0.7,21.61,8,7,8
GreedyPlacer,30,1,True,1.9056,-1,2,2.6094,0.1429,21.28,8,7,11
GreedyPlacer,30,2,True,1.4488,-1,1,1.0612,0.0,18.11,7,9,3
GreedyPlacer,30,3,True,1.8424,-1,3,2.8163,0.0,16.94,7,10,3
GreedyPlacer,30,4,True,1.9056,-1,1,1.7344,0.5,19.32,8,5,8
GreedyPlacer,30,5,True,1.5,-1,2,0.9375,0.4,20.93,8,10,5
GreedyPlacer,30,6,True,1.9056,-1,1,0.6875,0.7,20.65,8,6,8
GreedyPlacer,30,7,True,1.5488,-1,1,0.5,0.8,22.55,8,4,5
GreedyPlacer,30,8,True,1.4056,-1,2,3.1094,0.0,21.28,8,15,3
GreedyPlacer,30,9,True,1.4056,-1,1,0.6875,0.0,22.2,8,10,1
GreedyPlacer,30,10,True,1.9056,-1,2,3.5,0.2,19.65,8,12,9
GreedyPlacer,30,11,True,1.8113,-1,1,0.25,0.0,22.32,8,4,5
GreedyPlacer,30,12,True,1.75,-1,2,0.8594,0.0,21.02,8,7,6
GreedyPlacer,30,13,True,1.9056,-1,4,0.5,0.8286,20.07,8,4,8
GreedyPlacer,30,14,True,0.9852,-1,3,0.8571,1.0,19.18,7,7,4
GreedyPlacer,30,15,True,1.5567,-1,2,0.9796,1.0,19.16,7,6,3
GreedyPlacer,30,16,True,1.2988,-1,1,0.9375,0.0,23.5,8,14,2
GreedyPlacer,30,17,True,1.2988,-1,1,0.3594,0.7,22.08,8,7,6
GreedyPlacer,30,18,True,1.9056,-1,1,1.1875,0.9,22.06,8,6,9
GreedyPlacer,30,19,True,1.2988,-1,1,3.0,0.9,21.83,8,16,6
GreedyPlacer,30,20,True,1.9056,-1,3,0.2344,0.5,20.38,8,3,9
GreedyPlacer,30,21,True,1.2988,-1,1,2.8594,1.0,22.55,8,9,4
GreedyPlacer,30,22,True,1.5,-1,2,1.5,-0.5,21.1,8,12,3
GreedyPlacer,30,23,True,1.9056,-1,0,2.5,0.4,21.29,8,12,6
GreedyPlacer,30,24,True,0.5917,-1,2,0.6939,1.0,17.35,7,8,4
GreedyPlacer,30,25,True,1.4056,-1,2,1.1094,0.0,17.35,8,7,1
GreedyPlacer,30,26,True,1.75,-1,2,0.4375,0.4,19.35,8,2,6
GreedyPlacer,30,27,True,1.4056,-1,1,2.1875,0.4857,21.84,8,18,6
GreedyPlacer,30,28,True,1.3788,-1,1,1.6327,-0.6,18.36,7,9,6
GreedyPlacer,30,29,True,1.5,-1,2,2.6094,0.5,21.87,8,9,3
GreedyPlacer,30,30,True,1.4056,-1,1,1.0,0.0,19.07,8,12,1
GreedyPlacer,30,31,True,1.75,-1,2,0.9844,0.2,18.83,8,5,8
GreedyPlacer,30,32,True,2.0,-1,3,0.5,-0.5,21.74,8,4,6
GreedyPlacer,30,33,True,1.1488,-1,2,0.2041,-0.5,16.57,7,2,3
GreedyPlacer,30,34,True,1.5567,-1,2,2.0,0.9,18.13,7,7,5
GreedyPlacer,30,35,True,1.2988,-1,3,0.9375,-0.2,21.67,8,6,4
GreedyPlacer,30,36,True,1.5613,-1,2,1.9844,0.8,20.69,8,11,5
GreedyPlacer,30,37,True,1.9502,-1,1,0.2449,1.0,17.92,7,4,4
GreedyPlacer,30,38,True,1.2988,-1,1,3.4375,0.0,21.05,8,18,8
GreedyPlacer,30,39,True,1.4056,-1,2,0.25,0.0,20.67,8,4,1
GreedyPlacer,30,40,True,1.8424,-1,2,2.1224,-0.1,18.26,7,6,10
GreedyPlacer,30,41,True,1.75,-1,3,0.9375,0.6,20.97,8,6,7
GreedyPlacer,30,42,True,1.9056,-1,3,1.2344,0.5,22.3,8,5,9
GreedyPlacer,30,43,True,1.9056,-1,1,1.6094,0.0,22.08,8,9,2
GreedyPlacer,30,44,True,1.8424,-1,2,0.2449,0.7,17.77,7,3,8
GreedyPlacer,30,45,True,1.5613,-1,3,0.5,0.5429,22.47,8,4,7
GreedyPlacer,30,46,True,1.5,-1,2,1.75,1.0,21.94,8,8,4
GreedyPlacer,30,47,True,1.8113,-1,4,3.0,0.8,21.53,8,12,6
GreedyPlacer,30,48,True,1.3788,-1,1,1.102,0.0,17.9,7,10,1
GreedyPlacer,30,49,True,1.75,-1,1,3.75,1.0,22.51,8,16,8
GreedyPlacer,30,50,True,1.75,-1,2,1.1875,0.0,21.73,8,6,10
GreedyPlacer,30,51,True,1.5,-1,2,1.1875,1.0,22.08,8,6,3
GreedyPlacer,30,52,True,1.8424,-1,0,1.6327,0.0,18.38,7,9,6
GreedyPlacer,30,53,True,1.75,-1,2,0.6875,0.8,20.31,8,6,8
GreedyPlacer,30,54,True,1.75,-1,0,1.1875,0.6,22.57,8,10,6
GreedyPlacer,30,55,True,1.2988,-1,3,1.0,0.0,19.85,8,8,2
GreedyPlacer,30,56,True,1.9056,-1,4,0.6875,0.5,22.0,8,6,7
GreedyPlacer,30,57,True,1.5,-1,2,1.4844,0.5,20.71,8,13,6
GreedyPlacer,30,58,True,1.4056,-1,1,0.9375,0.0,21.89,8,10,3
GreedyPlacer,30,59,True,1.4488,-1,1,1.0612,0.0,19.32,7,9,1
GreedyPlacer,30,60,True,1.9056,-1,2,1.2344,1.0,22.14,8,5,6
GreedyPlacer,30,61,True,1.8424,-1,3,0.9796,-0.5,18.27,7,6,6
GreedyPlacer,30,62,True,1.0613,-1,2,0.4844,0.4286,21.63,8,3,7
GreedyPlacer,30,63,True,1.4056,-1,3,0.5,1.0,21.16,8,4,5
GreedyPlacer,30,64,True,1.8113,-1,3,0.8594,0.0,22.03,8,7,3
GreedyPlacer,30,65,True,1.5613,-1,2,1.9375,0.0,22.13,8,10,2
GreedyPlacer,30,66,True,1.2988,-1,3,0.6875,1.0,21.16,8,6,5
GreedyPlacer,30,67,True,1.75,-1,1,2.2344,0.3,22.07,8,11,7
GreedyPlacer,30,68,True,1.9056,-1,1,2.25,0.381,21.51,8,8,13
GreedyPlacer,30,69,True,1.5488,-1,2,0.75,0.7,20.72,8,8,8
GreedyPlacer,30,70,True,1.8113,-1,2,1.25,0.8,20.69,8,8,5
GreedyPlacer,30,71,True,1.9056,-1,2,1.1094,0.5,19.56,8,9,5
GreedyPlacer,30,72,True,1.75,-1,1,0.6094,0.0,21.69,8,9,3
GreedyPlacer,30,73,True,1.8424,-1,1,0.8571,1.0,18.32,7,7,5
GreedyPlacer,30,74,True,1.9056,-1,2,2.6875,0.5,20.91,8,10,7
GreedyPlacer,30,75,True,1.5488,-1,2,0.2344,0.4,21.78,8,3,4
GreedyPlacer,30,76,True,1.9056,-1,1,0.9375,0.0,23.81,8,6,5
GreedyPlacer,30,77,True,1.9056,-1,1,0.2344,0.6,22.38,8,3,7
GreedyPlacer,30,78,True,1.9056,-1,2,0.7344,0.5,17.58,8,5,7
GreedyPlacer,30,79,True,1.0613,-1,2,0.8594,0.0,22.41,8,9,1
GreedyPlacer,30,80,True,1.5488,-1,1,0.8594,0.2,19.29,8,9,8
GreedyPlacer,30,81,True,1.5,-1,2,1.1094,0.5,21.95,8,7,4
GreedyPlacer,30,82,True,1.9056,-1,4,2.6875,0.6071,21.98,8,6,12
GreedyPlacer,30,83,True,1.5613,-1,2,0.7344,0.0,17.41,8,5,1
GreedyPlacer,30,84,True,1.4056,-1,1,1.9375,0.8,21.22,8,14,5
GreedyPlacer,30,85,True,1.2988,-1,3,0.6875,0.9,18.75,8,6,5
GreedyPlacer,30,86,True,1.4488,-1,3,1.4286,0.5,17.02,7,7,4
GreedyPlacer,30,87,True,1.75,-1,3,0.4844,0.5,20.14,8,5,7
GreedyPlacer,30,88,True,1.2988,-1,3,0.6875,1.0,22.09,8,6,5
GreedyPlacer,30,89,True,1.5567,-1,5,0.7755,-0.6,15.27,7,5,7
GreedyPlacer,30,90,True,1.0613,-1,2,0.4375,0.0,20.48,8,6,4
GreedyPlacer,30,91,True,1.9056,-1,4,2.25,0.0857,20.57,8,8,13
GreedyPlacer,30,92,True,1.8424,-1,5,0.1224,0.5,14.88,7,1,6
GreedyPlacer,30,93,True,1.9056,-1,1,1.75,1.0,22.02,8,8,6
GreedyPlacer,30,94,True,1.4056,-1,3,0.75,1.0,20.18,8,4,8
GreedyPlacer,30,95,True,1.4056,-1,1,2.2344,0.5,22.52,8,13,3
GreedyPlacer,30,96,True,1.2988,-1,1,2.1875,0.9,18.25,8,10,6
GreedyPlacer,30,97,True,1.4056,-1,1,1.2344,0.0,18.67,8,13,1
GreedyPlacer,30,98,True,1.9056,-1,2,1.1875,0.9429,22.6,8,6,8
GreedyPlacer,30,99,True,1.5613,-1,2,0.9375,1.0,21.05,8,6,3
GreedyPlacer,30,100,True,1.2988,-1,1,0.6094,0.7,21.99,8,9,6
GreedyPlacer,30,101,True,1.9056,-1,2,0.5,0.5,20.94,8,4,7
GreedyPlacer,30,102,True,0.9544,-1,2,1.5,0.0,18.82,8,12,2
GreedyPlacer,30,103,True,1.8113,-1,2,2.1094,-0.4,21.18,8,9,4
GreedyPlacer,30,104,True,1.9056,-1,2,1.1875,0.4,20.08,8,6,7
GreedyPlacer,30,105,True,1.2988,-1,1,2.4844,0.8,21.09,8,21,6
GreedyPlacer,30,106,True,1.4056,-1,1,2.3594,0.0,21.99,8,15,3
GreedyPlacer,30,107,True,1.75,-1,0,0.4844,1.0,22.83,8,5,4
GreedyPlacer,30,108,True,1.5488,-1,2,2.0,-0.2,18.38,8,8,9
GreedyPlacer,30,109,True,1.5613,-1,2,0.8594,-0.5,20.81,8,7,5
GreedyPlacer,30,110,True,1.75,-1,2,1.0,0.8,20.06,8,8,5
GreedyPlacer,30,111,True,1.9056,-1,1,0.9375,0.9,21.7,8,6,10
GreedyPlacer,30,112,True,1.8113,-1,0,1.4375,1.0,21.77,8,10,6
GreedyPlacer,30,113,True,1.9056,-1,3,1.6094,0.1429,20.83,8,9,6
GreedyPlacer,30,114,True,1.2988,-1,3,0.1875,0.7857,22.02,8,2,7
GreedyPlacer,30,115,True,1.5,-1,2,1.75,1.0,20.0,8,12,3
GreedyPlacer,30,116,True,1.1488,-1,1,2.4082,0.8,19.08,7,13,7
GreedyPlacer,30,117,True,1.5613,-1,2,2.75,0.3714,21.43,8,12,7
GreedyPlacer,30,118,True,1.4056,-1,1,2.2344,0.4,22.86,8,11,4
GreedyPlacer,30,119,True,1.5613,-1,2,0.9844,0.0,21.56,8,11,2
GreedyPlacer,30,120,True,1.9056,-1,1,2.25,0.9,20.41,8,8,8
GreedyPlacer,30,121,True,1.9056,-1,2,0.8594,0.5,21.04,8,7,3
GreedyPlacer,30,122,True,1.5613,-1,2,1.1875,0.4,20.95,8,6,4
GreedyPlacer,30,123,True,1.5,-1,2,1.8594,1.0,19.82,8,7,3
GreedyPlacer,30,124,True,1.6645,-1,1,0.4898,1.0,16.73,7,5,6
GreedyPlacer,30,125,True,1.75,-1,0,1.0,0.9643,19.6,8,8,10
GreedyPlacer,30,126,True,1.9056,-1,2,0.6094,0.0,21.8,8,7,4
GreedyPlacer,30,127,True,1.5,-1,2,2.5,0.4,20.83,8,8,5
GreedyPlacer,30,128,True,1.5613,-1,2,1.1094,0.0,21.84,8,9,2
GreedyPlacer,30,129,True,1.4488,-1,3,2.8571,0.4,18.08,7,7,4
GreedyPlacer,30,130,True,1.5613,-1,2,0.9375,1.0,22.27,8,6,4
GreedyPlacer,30,131,True,0.9852,-1,3,0.0,1.0,18.66,7,0,3
GreedyPlacer,30,132,True,1.75,-1,2,1.9844,-0.8,21.3,8,13,8
GreedyPlacer,30,133,True,1.5613,-1,2,0.8594,1.0,21.03,8,9,4
GreedyPlacer,30,134,True,1.4056,-1,2,0.7344,0.1,21.18,8,5,13
GreedyPlacer,30,135,True,1.8424,-1,2,0.7755,0.9,16.98,7,5,6
GreedyPlacer,30,136,True,1.9502,-1,0,3.3469,1.0,17.25,7,9,7
GreedyPlacer,30,137,True,2.0,-1,2,2.6875,-1.0,21.06,8,10,6
GreedyPlacer,30,138,True,1.8113,-1,4,0.1094,-0.5,23.58,8,1,12
GreedyPlacer,30,139,True,1.4488,-1,2,0.5306,0.9429,19.12,7,3,10
GreedyPlacer,30,140,True,1.9502,-1,1,2.9796,0.9,16.26,7,8,9
GreedyPlacer,30,141,True,1.6645,-1,1,0.5306,0.0,15.3,7,4,2
GreedyPlacer,30,142,True,1.3788,-1,3,0.4898,0.4,17.93,7,2,6
GreedyPlacer,30,143,True,1.8424,-1,2,2.1224,-0.2,17.12,7,6,6
GreedyPlacer,30,144,True,1.5488,-1,1,1.8594,0.7,21.23,8,9,7
GreedyPlacer,30,145,True,1.9056,-1,1,2.9375,0.0,21.31,8,10,2
GreedyPlacer,30,146,True,1.3788,-1,1,1.2653,0.5,17.84,7,8,4
GreedyPlacer,30,147,True,1.5613,-1,2,1.1094,0.5,22.44,8,7,3
GreedyPlacer,30,148,True,1.5,-1,2,0.4844,0.0,21.28,8,5,6
GreedyPlacer,30,149,True,1.5488,-1,1,1.25,1.0,21.8,8,8,4
GreedyPlacer,30,150,True,1.9056,-1,2,1.0,0.5,21.37,8,4,5
GreedyPlacer,30,151,True,1.4488,-1,1,1.6735,1.0,17.27,7,10,4
GreedyPlacer,30,152,True,1.5613,-1,4,0.1094,-0.2,22.25,8,1,8
GreedyPlacer,30,153,True,0.8631,-1,3,0.6939,1.0,17.43,7,6,3
GreedyPlacer,30,154,True,1.9056,-1,2,0.9844,0.0,19.7,8,5,3
GreedyPlacer,30,155,True,1.5567,-1,2,4.8163,0.9429,18.74,7,11,7
GreedyPlacer,30,156,True,1.5,-1,2,0.75,1.0,23.02,8,4,5
GreedyPlacer,30,157,True,1.5613,-1,2,1.0,1.0,21.01,8,8,5
GreedyPlacer,30,158,True,1.8113,-1,3,0.9844,0.6071,21.09,8,3,9
GreedyPlacer,30,159,True,1.5613,-1,2,1.9844,0.0,22.01,8,11,2
GreedyPlacer,30,160,True,1.9056,-1,2,1.9844,0.4,20.69,8,11,9
GreedyPlacer,30,161,True,1.5613,-1,2,1.0,0.0,19.59,8,8,2
GreedyPlacer,30,162,True,1.5567,-1,2,1.7143,0.4,18.01,7,7,5
GreedyPlacer,30,163,True,1.75,-1,1,0.6875,-0.4857,22.24,8,10,7
GreedyPlacer,30,164,True,1.9056,-1,3,1.0,0.5,22.07,8,4,5
GreedyPlacer,30,165,True,1.75,-1,3,0.7344,-0.5,21.01,8,5,5
GreedyPlacer,30,166,True,1.4056,-1,2,1.25,-1.0,19.56,8,8,5
GreedyPlacer,30,167,True,1.9056,-1,3,1.2344,0.0,20.86,8,5,7
GreedyPlacer,30,168,True,1.9502,-1,3,1.0612,0.4,18.61,7,5,4
GreedyPlacer,30,169,True,1.5,-1,2,1.1094,1.0,20.7,8,9,6
GreedyPlacer,30,170,True,1.1488,-1,2,0.4898,1.0,16.59,7,5,4
GreedyPlacer,30,171,True,1.5613,-1,4,0.75,0.0857,20.41,8,4,11
GreedyPlacer,30,172,True,1.5488,-1,1,1.1875,0.6429,20.1,8,6,13
GreedyPlacer,30,173,True,1.9056,-1,1,1.0,-0.5,21.59,8,8,7
GreedyPlacer,30,174,True,1.4056,-1,1,1.1875,0.0,21.22,8,10,1
GreedyPlacer,30,175,True,1.5567,-1,2,0.4898,1.0,18.29,7,5,4
GreedyPlacer,30,176,True,1.5,-1,2,2.75,0.5,20.98,8,8,3
GreedyPlacer,30,177,True,1.75,-1,1,3.4844,0.1,22.26,8,11,10
GreedyPlacer,30,178,True,1.4056,-1,1,0.9375,1.0,20.39,8,14,4
GreedyPlacer,30,179,True,1.9056,-1,1,1.6875,-0.4,21.76,8,6,8
GreedyPlacer,30,180,True,0.8631,-1,3,0.5306,0.0,18.55,7,3,1
GreedyPlacer,30,181,True,1.3788,-1,2,1.8367,0.8,17.31,7,6,4
GreedyPlacer,30,182,True,1.5613,-1,6,0.4844,0.1429,21.62,8,3,11
GreedyPlacer,30,183,True,1.75,-1,3,0.9844,-0.5,20.7,8,3,3
GreedyPlacer,30,184,True,0.8113,-1,3,0.25,1.0,20.59,8,4,5
GreedyPlacer,30,185,True,1.5567,-1,3,0.1224,0.3,17.46,7,1,10
GreedyPlacer,30,186,True,1.9056,-1,2,0.4844,0.7143,20.22,8,3,9
GreedyPlacer,30,187,True,1.9056,-1,4,0.7344,0.4,19.36,8,5,11
GreedyPlacer,30,188,True,1.0613,-1,2,0.2344,0.8,21.24,8,5,4
GreedyPlacer,30,189,True,1.9056,-1,2,1.75,-0.5,18.36,8,8,4
GreedyPlacer,30,190,True,1.5,-1,2,1.6875,1.0,21.16,8,6,5
GreedyPlacer,30,191,True,1.4056,-1,1,0.9844,0.4,22.34,8,11,4
GreedyPlacer,30,192,True,1.4056,-1,3,1.6875,0.4,20.69,8,10,6
GreedyPlacer,30,193,True,1.75,-1,1,1.9375,-0.3,21.59,8,10,9
GreedyPlacer,30,194,True,1.9502,-1,2,2.2449,0.6,17.41,7,11,9
GreedyPlacer,30,195,True,1.8424,-1,3,0.5306,0.0,16.75,7,4,5
GreedyPlacer,30,196,True,1.8113,-1,1,1.5,0.8,21.97,8,8,6
GreedyPlacer,30,197,True,1.75,-1,2,0.6875,0.9,19.47,8,6,6
GreedyPlacer,30,198,True,1.5,-1,2,0.6875,1.0,22.64,8,6,3
GreedyPlacer,30,199,True,1.2988,-1,1,0.4375,0.8,21.23,8,6,4
GreedyPlacer,30,200,True,1.9056,-1,5,1.75,0.1,20.56,8,4,8
GreedyPlacer,30,201,True,1.4056,-1,1,2.4844,0.0,22.04,8,11,2
GreedyPlacer,30,202,True,1.5,-1,4,0.5,0.9,16.74,8,4,10
GreedyPlacer,30,203,True,1.9056,-1,3,1.9375,0.3714,18.54,8,6,11
GreedyPlacer,30,204,True,1.5567,-1,2,1.1429,0.4,18.42,7,7,5
GreedyPlacer,30,205,True,1.9502,-1,5,3.1429,0.4,16.85,7,7,10
GreedyPlacer,30,206,True,1.2988,-1,1,0.8594,1.0,21.27,8,7,6
GreedyPlacer,30,207,True,1.9056,-1,4,0.9844,0.6,20.92,8,5,12
GreedyPlacer,30,208,True,1.9056,-1,2,1.1875,0.4643,20.73,8,6,14
GreedyPlacer,30,209,True,1.9056,-1,0,0.4844,1.0,21.36,8,3,8
GreedyPlacer,30,210,True,2.0,-1,2,1.1875,0.6071,21.79,8,6,9
GreedyPlacer,30,211,True,1.5613,-1,2,3.9844,0.0,20.84,8,13,2
GreedyPlacer,30,212,True,1.5567,-1,2,1.9592,1.0,18.09,7,10,4
GreedyPlacer,30,213,True,1.4056,-1,2,0.5,0.8,22.35,8,4,5
GreedyPlacer,30,214,True,1.9056,-1,5,0.75,0.2,21.24,8,4,9
GreedyPlacer,30,215,True,1.5,-1,2,1.1875,0.5,19.08,8,14,3
GreedyPlacer,30,216,True,1.9502,-1,2,1.2653,0.3,18.6,7,6,8
GreedyPlacer,30,217,True,1.5,-1,2,1.6875,0.7143,20.23,8,14,7
GreedyPlacer,30,218,True,1.9502,-1,4,0.7755,0.0,19.56,7,5,5
GreedyPlacer,30,219,True,1.5,-1,2,0.4375,1.0,22.57,8,6,4
GreedyPlacer,30,220,True,1.75,-1,0,0.4844,1.0,20.45,8,5,6
GreedyPlacer,30,221,True,1.2988,-1,3,0.3594,0.0,21.38,8,7,2
GreedyPlacer,30,222,True,1.5,-1,2,1.1875,0.9,21.1,8,6,7
GreedyPlacer,30,223,True,1.9056,-1,3,0.9844,0.6571,21.02,8,5,8
GreedyPlacer,30,224,True,1.9056,-1,2,2.9375,0.5,19.53,8,10,4
GreedyPlacer,30,225,True,1.5,-1,2,0.6875,0.9,20.53,8,6,5
GreedyPlacer,30,226,True,1.5613,-1,2,0.4844,0.0,21.37,8,5,0
GreedyPlacer,30,227,True,1.9056,-1,2,2.0,-0.5,21.75,8,12,5
GreedyPlacer,30,228,True,1.4056,-1,3,0.2344,0.7,21.27,8,3,6
GreedyPlacer,30,229,True,1.75,-1,2,0.5,0.5,19.98,8,4,7
GreedyPlacer,30,230,True,1.2988,-1,1,1.2344,0.0,19.73,8,11,2
GreedyPlacer,30,231,True,1.9056,-1,1,1.1875,0.5429,20.79,8,6,11
GreedyPlacer,30,232,True,1.4056,-1,1,0.4375,0.4,20.57,8,10,5
GreedyPlacer,30,233,True,1.5567,-1,2,3.0612,0.5,17.34,7,12,4
GreedyPlacer,30,234,True,1.3788,-1,2,0.2041,0.2,18.65,7,2,8
GreedyPlacer,30,235,True,1.9056,-1,3,0.5,0.5,20.5,8,4,5
GreedyPlacer,30,236,True,1.75,-1,0,3.25,0.0,20.7,8,12,1
GreedyPlacer,30,237,True,1.4056,-1,3,0.1875,0.0,20.1,8,2,2
GreedyPlacer,30,238,True,1.5613,-1,2,1.1094,-0.2,21.98,8,9,4
GreedyPlacer,30,239,True,1.8113,-1,3,0.7344,0.5,21.91,8,5,4
GreedyPlacer,30,240,True,1.8424,-1,0,0.7755,-0.4,18.23,7,5,7
GreedyPlacer,30,241,True,1.5,-1,2,0.75,0.0,19.98,8,8,2
GreedyPlacer,30,242,True,1.2988,-1,1,1.4844,0.8,21.14,8,13,6
GreedyPlacer,30,243,True,1.9056,-1,1,1.1875,0.9,21.38,8,10,12
GreedyPlacer,30,244,True,1.5613,-1,2,0.8594,1.0,19.94,8,9,5
GreedyPlacer,30,245,True,1.8113,-1,4,0.5,0.6571,21.26,8,4,6
GreedyPlacer,30,246,True,1.5,-1,4,0.4375,-0.1,21.66,8,2,8
GreedyPlacer,30,247,True,1.0613,-1,1,0.1875,0.5,21.71,8,2,4
GreedyPlacer,30,248,True,1.5488,-1,1,0.75,1.0,18.34,8,8,4
GreedyPlacer,30,249,True,1.8424,-1,1,0.7755,0.5,19.12,7,5,5
GreedyPlacer,30,250,True,1.4056,-1,2,1.75,0.9429,20.8,8,8,14
GreedyPlacer,30,251,True,1.75,-1,1,0.5,1.0,20.76,8,4,7
GreedyPlacer,30,252,True,1.75,-1,2,0.4375,0.5,20.96,8,6,5
GreedyPlacer,30,253,True,1.8113,-1,1,1.25,0.1429,21.04,8,8,13
GreedyPlacer,30,254,True,1.5,-1,2,0.5,1.0,18.97,8,4,4
GreedyPlacer,30,255,True,1.3788,-1,1,1.6327,1.0,17.79,7,9,3
GreedyPlacer,30,256,True,1.5,-1,2,1.25,0.0,22.45,8,8,2
GreedyPlacer,30,257,True,1.8113,-1,0,1.6875,0.0,23.69,8,10,3
GreedyPlacer,30,258,True,1.3788,-1,2,2.7755,0.0,17.15,7,16,2
GreedyPlacer,30,259,True,1.5,-1,4,1.7344,-0.4,20.96,8,5,10
GreedyPlacer,30,260,True,1.9056,-1,3,1.2344,0.6,21.61,8,5,10
GreedyPlacer,30,261,True,1.75,-1,2,2.25,0.3,21.05,8,12,7
GreedyPlacer,30,262,True,1.9056,-1,2,1.6094,0.5,20.37,8,7,6
GreedyPlacer,30,263,True,1.75,-1,6,0.4844,0.0857,21.29,8,3,15
GreedyPlacer,30,264,True,1.8113,-1,4,0.5,0.9,21.1,8,4,5
GreedyPlacer,30,265,True,1.5613,-1,2,1.9375,1.0,21.29,8,10,3
GreedyPlacer,30,266,True,1.3788,-1,1,1.0612,-1.0,15.57,7,12,4
GreedyPlacer,30,267,True,1.9056,-1,1,1.8594,-0.6,21.16,8,9,7
GreedyPlacer,30,268,True,1.5,-1,2,1.0,0.7,21.8,8,12,7
GreedyPlacer,30,269,True,1.4488,-1,3,0.2449,1.0,18.38,7,3,3
GreedyPlacer,30,270,True,1.75,-1,2,0.6875,0.2,20.69,8,6,7
GreedyPlacer,30,271,True,1.5613,-1,2,1.6094,-0.5,21.69,8,9,4
GreedyPlacer,30,272,True,1.75,-1,0,1.1094,0.8,21.49,8,9,7
GreedyPlacer,30,273,True,1.9056,-1,1,1.4375,0.8,17.95,8,10,7
GreedyPlacer,30,274,True,0.8113,-1,3,0.75,1.0,21.12,8,4,5
GreedyPlacer,30,275,True,1.8424,-1,1,3.102,1.0,18.5,7,11,7
GreedyPlacer,30,276,True,1.2988,-1,1,1.6875,-0.6,20.32,8,14,5
GreedyPlacer,30,277,True,1.2988,-1,2,2.9844,0.0,22.17,8,13,2
GreedyPlacer,30,278,True,1.5613,-1,2,0.6875,0.0,23.37,8,6,0
GreedyPlacer,30,279,True,1.5,-1,2,2.4375,0.4,19.9,8,14,6
GreedyPlacer,30,280,True,1.8424,-1,4,0.1224,0.3,17.66,7,1,12
GreedyPlacer,30,281,True,1.75,-1,1,1.2344,0.1,16.68,8,11,5
GreedyPlacer,30,282,True,1.8113,-1,6,0.75,0.1,19.35,8,4,11
GreedyPlacer,30,283,True,1.5567,-1,2,1.3878,0.0,19.17,7,11,3
GreedyPlacer,30,284,True,1.9056,-1,2,0.5,-0.4,21.07,8,4,7
GreedyPlacer,30,285,True,1.5613,-1,2,1.1094,0.5429,21.37,8,9,8
GreedyPlacer,30,286,True,0.9544,-1,2,2.6875,0.4,22.51,8,14,4
GreedyPlacer,30,287,True,1.9056,-1,2,1.8594,0.7,22.92,8,9,6
GreedyPlacer,30,288,True,1.75,-1,2,0.8594,1.0,19.3,8,7,3
GreedyPlacer,30,289,True,1.5613,-1,2,1.1094,1.0,22.17,8,7,3
GreedyPlacer,30,290,True,1.9056,-1,2,0.75,1.0,22.65,8,4,7
GreedyPlacer,30,291,True,1.8424,-1,1,0.7755,0.7,18.6,7,5,5
GreedyPlacer,30,292,True,1.9056,-1,2,1.9375,-0.2,19.91,8,10,7
GreedyPlacer,30,293,True,1.75,-1,2,1.2344,0.3,22.28,8,5,10
GreedyPlacer,30,294,True,1.75,-1,2,1.6875,0.9048,20.75,8,6,11
GreedyPlacer,30,295,True,1.9056,-1,1,1.6875,0.9,21.9,8,6,10
GreedyPlacer,30,296,True,1.5,-1,2,0.6094,-0.5,22.66,8,7,3
GreedyPlacer,30,297,True,1.5613,-1,2,0.9375,1.0,21.83,8,6,3
GreedyPlacer,30,298,True,1.5,-1,2,0.3594,0.0,23.33,8,7,2
GreedyPlacer,30,299,True,1.4056,-1,3,0.5,1.0,20.96,8,4,9
GreedyPlacer,30,300,True,1.9056,-1,2,1.0,0.7143,20.87,8,4,9
GreedyPlacer,30,301,True,1.9056,-1,1,1.8594,0.7,22.08,8,9,6
GreedyPlacer,30,302,True,1.4488,-1,2,1.4286,0.7143,17.15,7,7,11
GreedyPlacer,30,303,True,1.4056,-1,3,0.5,-0.5,19.13,8,4,5
GreedyPlacer,30,304,True,1.75,-1,2,0.75,-0.5,22.21,8,8,5
GreedyPlacer,30,305,True,1.8113,-1,1,0.6875,0.3,21.09,8,6,9
GreedyPlacer,30,306,True,1.5613,-1,2,0.6094,1.0,20.83,8,9,3
GreedyPlacer,30,307,True,1.75,-1,0,1.1875,0.8,21.06,8,6,6
GreedyPlacer,30,308,True,1.4056,-1,1,0.6875,0.7,21.55,8,10,6
GreedyPlacer,30,309,True,1.4488,-1,1,1.8367,1.0,15.78,7,8,4
GreedyPlacer,30,310,True,1.5613,-1,4,1.6094,-0.0857,21.3,8,7,14
GreedyPlacer,30,311,True,1.4056,-1,3,0.8594,0.0,22.3,8,7,0
GreedyPlacer,30,312,True,1.75,-1,2,1.0,0.4,20.83,8,4,11
GreedyPlacer,30,313,True,1.75,-1,2,2.25,0.4,21.06,8,8,9
GreedyPlacer,30,314,True,1.5613,-1,2,1.25,1.0,20.34,8,8,8
GreedyPlacer,30,315,True,1.5613,-1,2,0.2344,0.0,20.54,8,3,2
GreedyPlacer,30,316,True,1.5613,-1,2,1.0,1.0,18.16,8,4,5
GreedyPlacer,30,317,True,1.75,-1,1,0.9375,0.2,23.13,8,6,7
GreedyPlacer,30,318,True,1.9056,-1,1,3.6875,1.0,21.55,8,10,4
GreedyPlacer,30,319,True,1.3788,-1,1,1.2653,1.0,18.4,7,8,3
GreedyPlacer,30,320,True,1.4056,-1,1,2.9844,-0.5,19.9,8,13,4
GreedyPlacer,30,321,True,1.9056,-1,1,0.4375,0.5,18.7,8,6,8
GreedyPlacer,30,322,True,1.8113,-1,3,1.9375,0.0,21.91,8,10,2
GreedyPlacer,30,323,True,1.8424,-1,1,1.6327,0.4,16.83,7,9,8
GreedyPlacer,30,324,True,1.0,-1,3,0.2344,0.0,21.04,8,3,2
GreedyPlacer,30,325,True,1.5567,-1,2,2.8163,0.5,20.23,7,10,3
GreedyPlacer,30,326,True,1.2988,-1,2,1.4375,0.4,21.82,8,14,5
GreedyPlacer,30,327,True,1.4056,-1,1,2.9844,0.0,21.28,8,11,2
GreedyPlacer,30,328,True,1.75,-1,0,1.25,0.6,21.24,8,8,9
GreedyPlacer,30,329,True,1.2988,-1,2,0.1875,-1.0,21.82,8,2,7
GreedyPlacer,30,330,True,1.8424,-1,2,4.7755,0.4,16.19,7,12,5
GreedyPlacer,30,331,True,1.5,-1,6,0.4844,-0.1071,20.39,8,3,14
GreedyPlacer,30,332,True,1.6645,-1,1,3.1429,0.3,17.52,7,14,8
GreedyPlacer,30,333,True,1.2988,-1,3,0.2344,-0.5,21.58,8,3,5
GreedyPlacer,30,334,True,0.9544,-1,3,0.8594,1.0,21.47,8,9,3
GreedyPlacer,30,335,True,1.75,-1,3,1.9844,0.4,19.58,8,11,9
GreedyPlacer,30,336,True,1.2988,-1,1,2.2344,-0.5,20.78,8,13,7
GreedyPlacer,30,337,True,1.8113,-1,0,3.6875,0.75,21.81,8,14,10
GreedyPlacer,30,338,True,1.5613,-1,2,1.1094,1.0,22.21,8,9,5
GreedyPlacer,30,339,True,1.9502,-1,3,1.0612,0.4,15.35,7,5,7
GreedyPlacer,30,340,True,1.3788,-1,1,1.9592,0.0,18.32,7,10,2
GreedyPlacer,30,341,True,1.75,-1,3,2.5,0.4,17.83,8,8,9
GreedyPlacer,30,342,True,1.3788,-1,3,1.0612,0.0,16.98,7,5,3
GreedyPlacer,30,343,True,1.8113,-1,1,1.3594,0.7,21.83,8,7,10
GreedyPlacer,30,344,True,1.5,-1,2,0.25,0.0,20.58,8,4,5
GreedyPlacer,30,345,True,1.5,-1,2,1.0,0.3,20.99,8,4,7
GreedyPlacer,30,346,True,1.75,-1,2,0.5,1.0,20.86,8,4,6
GreedyPlacer,30,347,True,2.0,-1,2,1.1875,0.4,20.33,8,6,10
GreedyPlacer,30,348,True,1.5613,-1,2,2.6875,-0.5,21.9,8,10,4
GreedyPlacer,30,349,True,1.9056,-1,1,0.75,0.5,22.77,8,8,6
GreedyPlacer,30,350,True,1.9056,-1,3,0.5,1.0,21.2,8,4,6
GreedyPlacer,30,351,True,1.8424,-1,2,2.0,-0.4,18.69,7,7,10
GreedyPlacer,30,352,True,1.1488,-1,3,1.102,1.0,17.93,7,3,5
GreedyPlacer,30,353,True,1.5,-1,2,2.6094,0.5,18.59,8,7,3
GreedyPlacer,30,354,True,1.3788,-1,1,1.2653,0.0,16.08,7,8,2
GreedyPlacer,30,355,True,1.8424,-1,2,1.9184,1.0,16.23,7,5,7
GreedyPlacer,30,356,True,1.5,-1,2,0.4844,0.5,20.15,8,5,3
GreedyPlacer,30,357,True,1.5613,-1,2,1.0,0.5,17.84,8,8,3
GreedyPlacer,30,358,True,1.4056,-1,3,0.4844,0.9429,20.69,8,5,6
GreedyPlacer,30,359,True,1.9056,-1,0,2.4375,1.0,21.62,8,10,7
GreedyPlacer,30,360,True,1.9056,-1,2,1.9375,0.9429,21.86,8,6,7
GreedyPlacer,30,361,True,1.5,-1,2,1.2344,1.0,20.71,8,13,5
GreedyPlacer,30,362,True,1.4488,-1,2,1.8367,1.0,18.16,7,8,4
GreedyPlacer,30,363,True,1.5567,-1,2,3.6735,0.5,17.65,7,11,4
GreedyPlacer,30,364,True,1.9056,-1,4,0.4375,1.0,20.04,8,2,12
GreedyPlacer,30,365,True,0.9544,-1,3,0.7344,1.0,22.27,8,5,3
GreedyPlacer,30,366,True,0.5917,-1,2,0.5306,1.0,18.04,7,4,4
GreedyPlacer,30,367,True,1.8424,-1,2,3.9592,0.1429,18.43,7,11,13
GreedyPlacer,30,368,True,1.5567,-1,2,2.0,0.0,18.41,7,7,3
GreedyPlacer,30,369,True,1.75,-1,0,0.9844,0.4,21.15,8,13,5
GreedyPlacer,30,370,True,1.9056,-1,1,1.5,0.5714,19.95,8,8,10
GreedyPlacer,30,371,True,1.75,-1,2,0.4844,-0.5,20.49,8,3,3
GreedyPlacer,30,372,True,1.5,-1,2,0.4375,1.0,21.85,8,6,4
GreedyPlacer,30,373,True,1.4056,-1,1,1.4844,0.5,18.82,8,11,4
GreedyPlacer,30,374,True,1.4488,-1,2,0.5306,0.0,17.04,7,3,5
GreedyPlacer,30,375,True,1.9056,-1,3,0.5,0.6,21.99,8,4,9
GreedyPlacer,30,376,True,1.9056,-1,2,1.1094,0.5,19.95,8,7,3
GreedyPlacer,30,377,True,1.8113,-1,2,1.8594,0.0,21.88,8,7,4
GreedyPlacer,30,378,True,1.9056,-1,3,2.1875,0.0,20.68,8,10,5
GreedyPlacer,30,379,True,1.0613,-1,2,0.8594,1.0,21.45,8,9,5
GreedyPlacer,30,380,True,1.5613,-1,2,1.1875,0.8,18.89,8,6,4
GreedyPlacer,30,381,True,1.5613,-1,4,2.3594,-0.1,21.58,8,9,9
GreedyPlacer,30,382,True,1.0,-1,3,0.6875,1.0,21.94,8,6,3
GreedyPlacer,30,383,True,1.9056,-1,2,0.5,0.9,21.81,8,4,9
GreedyPlacer,30,384,True,1.4056,-1,1,2.1875,-0.5,21.92,8,18,3
GreedyPlacer,30,385,True,1.75,-1,0,1.25,1.0,22.15,8,8,5
GreedyPlacer,30,386,True,1.8113,-1,4,0.8594,0.8,22.18,8,7,4
GreedyPlacer,30,387,True,1.75,-1,1,1.1094,0.1429,21.86,8,9,8
GreedyPlacer,30,388,True,1.4056,-1,3,0.6875,1.0,20.67,8,6,3
GreedyPlacer,30,389,True,1.75,-1,1,2.6875,0.0,21.62,8,10,3
GreedyPlacer,30,390,True,1.9502,-1,2,1.2653,0.1429,18.71,7,6,8
GreedyPlacer,30,391,True,1.9502,-1,2,3.0612,1.0,17.81,7,9,6
GreedyPlacer,30,392,True,1.9056,-1,2,1.1094,0.0,22.64,8,7,6
GreedyPlacer,30,393,True,1.5613,-1,2,2.25,1.0,22.17,8,8,9
GreedyPlacer,30,394,True,1.9056,-1,1,1.6094,0.4286,21.24,8,9,9
GreedyPlacer,30,395,True,1.5567,-1,2,0.2041,0.8,19.17,7,2,8
GreedyPlacer,30,396,True,1.8424,-1,1,1.2653,-0.5,16.8,7,8,7
GreedyPlacer,30,397,True,1.75,-1,1,2.7344,0.9,20.15,8,11,7
GreedyPlacer,30,398,True,1.9056,-1,2,0.4844,-0.8,20.76,8,5,7
GreedyPlacer,30,399,True,1.9502,-1,3,0.5306,-0.4,17.41,7,4,9
GreedyPlacer,30,400,True,1.5613,-1,2,1.1875,1.0,19.96,8,6,4
GreedyPlacer,30,401,True,1.9056,-1,2,1.1094,0.0,22.08,8,9,3
GreedyPlacer,30,402,True,1.8424,-1,3,1.2653,0.4,17.99,7,6,5
GreedyPlacer,30,403,True,1.5,-1,2,1.6094,0.0,20.82,8,9,2
GreedyPlacer,30,404,True,1.5613,-1,2,1.2344,0.0,20.96,8,11,2
GreedyPlacer,30,405,True,1.9056,-1,3,0.9844,0.8,21.67,8,5,8
GreedyPlacer,30,406,True,1.8113,-1,2,0.7344,0.3,21.33,8,5,12
GreedyPlacer,30,407,True,1.75,-1,1,2.75,0.2571,21.93,8,12,10
GreedyPlacer,30,408,True,1.75,-1,3,0.75,0.0,21.85,8,8,1
GreedyPlacer,30,409,True,1.5,-1,2,0.9375,0.3714,21.57,8,10,7
GreedyPlacer,30,410,True,1.9056,-1,1,1.75,1.0,20.6,8,8,4
GreedyPlacer,30,411,True,1.9056,-1,1,0.5,0.4,22.41,8,4,9
GreedyPlacer,30,412,True,1.8424,-1,2,2.7755,-0.0286,16.81,7,12,8
GreedyPlacer,30,413,True,1.75,-1,4,0.1094,0.4,21.08,8,1,6
GreedyPlacer,30,414,True,1.9056,-1,2,1.1875,0.0,21.84,8,10,3
GreedyPlacer,30,415,True,1.5,-1,2,2.0,-0.2,21.29,8,8,4
GreedyPlacer,30,416,True,1.3788,-1,1,1.0612,0.0,16.02,7,9,2
GreedyPlacer,30,417,True,1.6645,-1,2,1.1429,0.4,19.78,7,7,7
GreedyPlacer,30,418,True,1.5488,-1,1,0.8594,1.0,21.4,8,9,6
GreedyPlacer,30,419,True,1.3788,-1,1,1.6327,1.0,16.13,7,12,5
GreedyPlacer,30,420,True,1.9056,-1,2,2.1094,0.8,19.21,8,9,7
GreedyPlacer,30,421,True,1.8424,-1,2,2.8571,0.7143,17.88,7,7,9
GreedyPlacer,30,422,True,1.9056,-1,2,0.5,0.8,21.0,8,4,12
GreedyPlacer,30,423,True,1.8113,-1,0,1.6094,0.0,20.56,8,9,3
GreedyPlacer,30,424,True,1.3788,-1,3,2.0,0.4,16.57,7,7,5
GreedyPlacer,30,425,True,1.75,-1,3,0.5,1.0,21.16,8,4,5
GreedyPlacer,30,426,True,1.8113,-1,0,2.25,1.0,20.07,8,12,7
GreedyPlacer,30,427,True,1.9056,-1,1,1.5,1.0,20.03,8,8,6
GreedyPlacer,30,428,True,1.8424,-1,2,2.0,0.2,16.84,7,7,10
GreedyPlacer,30,429,True,1.4488,-1,3,1.102,0.9,17.75,7,3,5
GreedyPlacer,30,430,True,1.8424,-1,1,2.1224,0.9,16.4,7,8,8
GreedyPlacer,30,431,True,1.8424,-1,3,1.4286,-0.6,17.4,7,7,10
GreedyPlacer,30,432,True,1.2988,-1,3,1.0,1.0,20.76,8,8,3
GreedyPlacer,30,433,True,1.8113,-1,0,3.2344,0.7,21.81,8,11,8
GreedyPlacer,30,434,True,1.75,-1,0,0.8594,0.0,22.24,8,7,5
GreedyPlacer,30,435,True,1.75,-1,2,1.9844,-0.4,21.94,8,11,6
GreedyPlacer,30,436,True,1.2988,-1,0,2.6094,0.9,20.87,8,15,9
GreedyPlacer,30,437,True,1.8424,-1,0,1.1429,1.0,18.73,7,7,6
GreedyPlacer,30,438,True,1.5567,-1,2,2.8163,0.8,19.46,7,10,4
GreedyPlacer,30,439,True,1.8113,-1,3,1.1875,0.0857,21.82,8,6,11
GreedyPlacer,30,440,True,1.2988,-1,3,0.9375,1.0,20.47,8,6,3
GreedyPlacer,30,441,True,1.5613,-1,4,0.7344,0.7,22.21,8,5,9
GreedyPlacer,30,442,True,1.75,-1,0,1.7344,0.7,22.21,8,13,7
GreedyPlacer,30,443,True,1.8424,-1,1,2.8571,1.0,18.71,7,7,7
GreedyPlacer,30,444,True,1.9056,-1,2,1.1094,0.4,21.95,8,9,5
GreedyPlacer,30,445,True,1.9056,-1,3,1.6875,-0.5,21.24,8,6,7
GreedyPlacer,30,446,True,1.9056,-1,3,0.4375,0.5,19.9,8,2,6
GreedyPlacer,30,447,True,1.9502,-1,2,2.9796,0.5,16.66,7,8,8
GreedyPlacer,30,448,True,1.5,-1,2,2.3594,0.7,21.88,8,15,5
GreedyPlacer,30,449,True,1.5613,-1,3,0.4375,0.0,21.42,8,2,7
GreedyPlacer,30,450,True,1.75,-1,1,0.4844,0.9429,17.25,8,3,6
GreedyPlacer,30,451,True,1.5,-1,3,0.25,0.4857,19.95,8,4,7
GreedyPlacer,30,452,True,2.0,-1,3,0.6875,0.5,20.57,8,6,10
GreedyPlacer,30,453,True,1.9056,-1,2,0.75,0.9429,20.68,8,4,10
GreedyPlacer,30,454,True,1.5613,-1,5,0.4375,-0.1,22.14,8,2,9
GreedyPlacer,30,455,True,1.5,-1,2,2.75,0.0,20.86,8,12,3
GreedyPlacer,30,456,True,1.4056,-1,2,0.9375,0.5,20.5,8,6,4
GreedyPlacer,30,457,True,1.0613,-1,2,0.4375,1.0,21.53,8,6,5
GreedyPlacer,30,458,True,0.9852,-1,3,0.2449,1.0,16.59,7,3,3
GreedyPlacer,30,459,True,1.9056,-1,5,0.7344,0.2,21.68,8,5,11
GreedyPlacer,30,460,True,1.5488,-1,0,1.2344,0.0,21.21,8,11,4
GreedyPlacer,30,461,True,1.3788,-1,3,0.8571,0.0,19.04,7,7,1
GreedyPlacer,30,462,True,1.4056,-1,3,0.1094,1.0,18.47,8,1,4
GreedyPlacer,30,463,True,1.8113,-1,0,3.2344,0.0,18.38,8,13,6
GreedyPlacer,30,464,True,1.2988,-1,2,0.9375,0.0,20.91,8,10,3
GreedyPlacer,30,465,True,1.5613,-1,2,2.4375,0.0,20.65,8,10,6
GreedyPlacer,30,466,True,1.8113,-1,0,1.7344,0.4,19.26,8,13,5
GreedyPlacer,30,467,True,1.4056,-1,3,0.9375,0.0,21.64,8,6,1
GreedyPlacer,30,468,True,1.75,-1,0,0.4844,0.8,21.91,8,5,7
GreedyPlacer,30,469,True,1.75,-1,3,2.6875,0.4,20.93,8,10,5
GreedyPlacer,30,470,True,1.75,-1,2,0.4844,0.9,21.75,8,5,7
GreedyPlacer,30,471,True,1.5567,-1,2,1.2653,0.4,18.68,7,8,5
GreedyPlacer,30,472,True,1.5613,-1,2,0.75,0.0,22.47,8,8,2
GreedyPlacer,30,473,True,1.5567,-1,2,1.3469,0.7,18.17,7,9,6
GreedyPlacer,30,474,True,1.75,-1,2,0.5,0.4,21.02,8,4,8
GreedyPlacer,30,475,True,1.5567,-1,2,1.3469,1.0,16.89,7,9,5
GreedyPlacer,30,476,True,1.5613,-1,3,0.1094,0.3,20.51,8,1,8
GreedyPlacer,30,477,True,1.5613,-1,3,0.1875,0.2,20.6,8,2,7
GreedyPlacer,30,478,True,1.3788,-1,1,2.8163,0.0,19.56,7,11,9
GreedyPlacer,30,479,True,1.2988,-1,1,0.8594,0.6571,22.22,8,9,6
GreedyPlacer,30,480,True,1.5488,-1,4,0.4844,0.4857,22.22,8,3,8
GreedyPlacer,30,481,True,1.0613,-1,2,0.7344,1.0,22.13,8,5,5
GreedyPlacer,30,482,True,1.8113,-1,4,2.6875,0.2,21.07,8,10,4
GreedyPlacer,30,483,True,1.8424,-1,2,0.7755,0.2,18.99,7,5,5
GreedyPlacer,30,484,True,1.5613,-1,2,1.1094,-0.2571,20.7,8,9,8
GreedyPlacer,30,485,True,1.5613,-1,2,1.6094,1.0,19.89,8,9,4
GreedyPlacer,30,486,True,1.5,-1,3,0.5,0.0,20.87,8,4,9
GreedyPlacer,30,487,True,1.5567,-1,2,1.3878,1.0,14.83,7,10,6
GreedyPlacer,30,488,True,1.8113,-1,3,1.0,0.7,22.46,8,4,6
GreedyPlacer,30,489,True,1.2988,-1,3,0.7344,0.3,21.15,8,5,6
GreedyPlacer,30,490,True,1.8113,-1,2,0.4844,0.3214,19.04,8,3,10
GreedyPlacer,30,491,True,1.2988,-1,3,1.2344,1.0,20.37,8,5,4
GreedyPlacer,30,492,True,1.9056,-1,1,0.5,1.0,20.8,8,4,5
GreedyPlacer,30,493,True,1.5488,-1,2,0.4375,-1.0,19.43,8,6,6
GreedyPlacer,30,494,True,1.8424,-1,3,1.8367,0.2,17.69,7,6,8
GreedyPlacer,30,495,True,1.75,-1,3,1.25,1.0,18.8,8,8,5
GreedyPlacer,30,496,True,1.9056,-1,3,0.4844,0.5714,21.3,8,3,15
GreedyPlacer,30,497,True,1.8113,-1,2,0.9844,-0.5,21.62,8,5,13
GreedyPlacer,30,498,True,1.8424,-1,3,0.2041,0.0,17.18,7,2,4
GreedyPlacer,30,499,True,1.75,-1,3,0.4844,-1.0,20.72,8,5,5
GreedyPlacer,30,500,True,1.5,-1,2,2.9844,0.0,21.16,8,13,1
GreedyPlacer,30,501,True,1.4056,-1,1,0.9375,0.4,20.04,8,10,5
GreedyPlacer,30,502,True,1.5613,-1,2,0.25,0.0,20.97,8,4,2
GreedyPlacer,30,503,True,1.9056,-1,2,0.6875,0.4,20.19,8,6,7
GreedyPlacer,30,504,True,1.9502,-1,3,1.8367,0.5,18.99,7,6,6
GreedyPlacer,30,505,True,1.8113,-1,1,1.5,0.7,19.16,8,8,7
GreedyPlacer,30,506,True,1.9056,-1,1,1.1094,1.0,20.66,8,7,8
GreedyPlacer,30,507,True,1.9056,-1,2,0.9375,0.1429,21.13,8,6,12
GreedyPlacer,30,508,True,1.5613,-1,5,0.4844,0.2381,20.15,8,3,11
GreedyPlacer,30,509,True,1.5,-1,2,0.6094,0.5,21.01,8,7,5
GreedyPlacer,30,510,True,1.3788,-1,1,0.8163,0.8,18.11,7,10,6
GreedyPlacer,30,511,True,1.8424,-1,4,0.5306,0.4,17.65,7,3,6
GreedyPlacer,30,512,True,2.0,-1,3,2.5,-0.6,20.99,8,8,9
GreedyPlacer,30,513,True,1.9502,-1,3,0.7755,0.9,18.78,7,5,7
GreedyPlacer,30,514,True,1.75,-1,3,0.7344,0.0,21.61,8,5,3
GreedyPlacer,30,515,True,1.75,-1,2,1.2344,0.8286,21.72,8,5,8
GreedyPlacer,30,516,True,2.0,-1,2,0.4844,0.5,22.33,8,5,6
GreedyPlacer,30,517,True,1.5613,-1,4,0.75,-0.6,21.33,8,4,14
GreedyPlacer,30,518,True,2.0,-1,4,0.4844,-0.8,21.99,8,5,8
GreedyPlacer,30,519,True,1.4056,-1,1,1.5,1.0,20.56,8,8,4
GreedyPlacer,30,520,True,1.4056,-1,2,3.7344,0.6,19.11,8,13,9
GreedyPlacer,30,521,True,1.8113,-1,4,1.1875,0.6071,21.38,8,6,9
GreedyPlacer,30,522,True,1.9056,-1,1,1.6094,0.9,19.26,8,7,6
GreedyPlacer,30,523,True,1.8113,-1,3,1.1094,0.9,21.26,8,7,6
GreedyPlacer,30,524,True,1.4488,-1,2,0.5306,0.7,18.07,7,3,9
GreedyPlacer,30,525,True,1.75,-1,1,0.9375,0.8,20.02,8,6,10
GreedyPlacer,30,526,True,1.75,-1,1,0.4844,-0.2,22.87,8,5,6
GreedyPlacer,30,527,True,1.5,-1,2,2.4844,1.0,22.03,8,11,4
GreedyPlacer,30,528,True,1.3788,-1,1,1.0612,0.3714,16.95,7,9,7
GreedyPlacer,30,529,True,1.5613,-1,2,1.25,0.8,21.56,8,8,5
GreedyPlacer,30,530,True,1.8424,-1,2,1.2653,1.0,18.38,7,6,7
GreedyPlacer,30,531,True,1.0613,-1,1,0.5,0.9429,20.48,8,4,9
GreedyPlacer,30,532,True,1.3788,-1,3,0.8571,0.0,18.48,7,7,1
GreedyPlacer,30,533,True,1.0613,-1,2,0.7344,-0.5,20.67,8,5,4
GreedyPlacer,30,534,True,1.8113,-1,2,0.6875,0.0,22.14,8,6,5
GreedyPlacer,30,535,True,1.75,-1,3,1.6094,-0.1,20.73,8,7,15
GreedyPlacer,30,536,True,1.5567,-1,2,0.5714,0.0,19.23,7,7,2
GreedyPlacer,30,537,True,1.2988,-1,1,2.4375,1.0,20.59,8,14,3
GreedyPlacer,30,538,True,1.8113,-1,4,1.1094,-0.5,23.37,8,7,5
GreedyPlacer,30,539,True,1.8113,-1,1,2.6094,0.2,19.5,8,9,6
GreedyPlacer,30,540,True,1.9056,-1,2,1.3594,0.8286,19.01,8,7,7
GreedyPlacer,30,541,True,1.75,-1,1,1.1094,0.3,20.49,8,9,6
GreedyPlacer,30,542,True,1.4056,-1,1,2.5,0.6571,22.01,8,12,7
GreedyPlacer,30,543,True,1.3788,-1,3,2.0,0.0,17.55,7,7,2
GreedyPlacer,30,544,True,1.4056,-1,3,0.75,1.0,20.85,8,4,4
GreedyPlacer,30,545,True,1.75,-1,1,1.5,0.2,21.96,8,8,7
GreedyPlacer,30,546,True,1.4056,-1,1,0.6875,0.4,21.42,8,10,5
GreedyPlacer,30,547,True,1.9056,-1,5,1.1875,0.3,21.31,8,6,7
GreedyPlacer,30,548,True,0.9852,-1,2,1.6735,0.5,16.64,7,10,3
GreedyPlacer,30,549,True,1.9056,-1,1,2.8594,-0.0357,21.61,8,9,12
GreedyPlacer,30,550,True,1.75,-1,2,0.4844,0.2,22.55,8,5,6
GreedyPlacer,30,551,True,1.5613,-1,2,3.25,0.8,21.06,8,12,5
GreedyPlacer,30,552,True,1.8424,-1,3,0.5306,0.0,17.83,7,3,5
GreedyPlacer,30,553,True,1.2988,-1,1,0.75,0.5,21.54,8,8,4
GreedyPlacer,30,554,True,1.9056,-1,1,0.9375,0.9429,18.35,8,6,12
GreedyPlacer,30,555,True,1.75,-1,0,1.1875,0.0,20.62,8,6,5
GreedyPlacer,30,556,True,1.9056,-1,1,1.0,0.4286,21.19,8,8,7
GreedyPlacer,30,557,True,1.3788,-1,2,3.551,0.0,18.03,7,8,3
GreedyPlacer,30,558,True,1.2988,-1,3,0.6094,1.0,23.24,8,7,4
GreedyPlacer,30,559,True,1.75,-1,1,1.1094,0.7143,19.55,8,7,11
GreedyPlacer,30,560,True,1.9056,-1,1,0.6094,0.4,19.8,8,7,4
GreedyPlacer,30,561,True,1.5613,-1,4,0.1875,0.7,19.75,8,2,9
GreedyPlacer,30,562,True,1.8424,-1,2,1.2653,-0.1429,18.81,7,6,7
GreedyPlacer,30,563,True,1.5,-1,2,1.1094,0.5,20.38,8,7,5
GreedyPlacer,30,564,True,1.5613,-1,2,1.1094,1.0,20.27,8,9,4
GreedyPlacer,30,565,True,1.2988,-1,3,0.4844,0.9,21.66,8,5,5
GreedyPlacer,30,566,True,1.9056,-1,1,0.6875,0.8,20.59,8,6,5
GreedyPlacer,30,567,True,1.9056,-1,4,1.2344,-0.5,20.13,8,5,9
GreedyPlacer,30,568,True,1.75,-1,0,2.5,0.7,21.87,8,8,6
GreedyPlacer,30,569,True,1.4056,-1,1,1.4375,0.5,19.21,8,10,3
GreedyPlacer,30,570,True,1.9056,-1,4,0.5,-0.6,21.47,8,4,8
GreedyPlacer,30,571,True,1.9502,-1,1,2.1224,0.5,18.28,7,6,9
GreedyPlacer,30,572,True,1.4056,-1,2,2.1875,0.4,22.72,8,10,8
GreedyPlacer,30,573,True,1.2988,-1,1,1.6094,0.4,21.12,8,9,4
GreedyPlacer,30,574,True,1.8113,-1,0,0.6094,0.5,20.09,8,9,5
GreedyPlacer,30,575,True,1.2988,-1,1,0.3594,0.4,22.51,8,9,4
GreedyPlacer,30,576,True,1.9056,-1,1,1.7344,0.6,19.96,8,11,6
GreedyPlacer,30,577,True,1.75,-1,3,2.6875,1.0,21.47,8,6,13
GreedyPlacer,30,578,True,1.5613,-1,2,1.75,0.4,19.29,8,8,5
GreedyPlacer,30,579,True,1.9056,-1,1,1.1094,0.3,18.96,8,9,12
GreedyPlacer,30,580,True,2.0,-1,3,0.9375,0.0857,20.63,8,6,10
GreedyPlacer,30,581,True,1.8113,-1,3,0.5,0.0,21.99,8,4,2
GreedyPlacer,30,582,True,1.2988,-1,3,0.4844,1.0,20.2,8,3,3
GreedyPlacer,30,583,True,0.5436,-1,2,0.5,1.0,20.35,8,4,4
GreedyPlacer,30,584,True,1.9056,-1,2,1.9844,0.2,22.02,8,11,5
GreedyPlacer,30,585,True,1.4056,-1,2,1.6094,1.0,21.41,8,9,5
GreedyPlacer,30,586,True,1.8424,-1,1,0.7755,0.8,17.94,7,9,7
GreedyPlacer,30,587,True,1.9056,-1,1,1.0,0.5,21.48,8,8,8
GreedyPlacer,30,588,True,1.2988,-1,1,2.4375,0.4,20.1,8,14,5
GreedyPlacer,30,589,True,1.2988,-1,1,1.4375,-0.5,21.32,8,10,4
GreedyPlacer,30,590,True,1.3788,-1,2,3.2653,1.0,17.05,7,15,4
GreedyPlacer,30,591,True,1.5488,-1,1,0.6875,0.9643,19.12,8,6,11
GreedyPlacer,30,592,True,1.8113,-1,2,1.0,0.7,21.93,8,4,7
GreedyPlacer,30,593,True,1.9056,-1,3,1.1875,0.4,21.94,8,6,5
GreedyPlacer,30,594,True,1.5488,-1,1,0.25,0.8,18.02,8,4,5
GreedyPlacer,30,595,True,1.5488,-1,1,1.1875,1.0,19.31,8,6,6
GreedyPlacer,30,596,True,1.75,-1,3,0.6875,0.8,20.56,8,6,7
GreedyPlacer,30,597,True,1.75,-1,1,1.3594,-0.5,22.22,8,9,4
GreedyPlacer,30,598,True,1.5613,-1,2,2.6094,1.0,20.99,8,9,3
GreedyPlacer,30,599,True,1.75,-1,2,0.4844,1.0,21.04,8,3,4
GreedyPlacer,30,600,True,1.8113,-1,1,0.6875,0.4,21.96,8,6,8
GreedyPlacer,30,601,True,1.9056,-1,4,0.5,0.9,22.05,8,4,10
GreedyPlacer,30,602,True,1.75,-1,2,0.1875,1.0,20.46,8,2,10
GreedyPlacer,30,603,True,0.5917,-1,2,0.5306,0.9,18.93,7,4,5
GreedyPlacer,30,604,True,1.4056,-1,4,0.2344,0.3143,21.75,8,3,8
GreedyPlacer,30,605,True,1.4056,-1,1,2.7344,0.8,19.7,8,13,5
GreedyPlacer,30,606,True,1.9056,-1,3,0.7344,0.5,21.19,8,5,6
GreedyPlacer,30,607,True,0.5917,-1,2,0.5306,1.0,17.18,7,4,4
GreedyPlacer,30,608,True,1.9056,-1,4,1.3594,1.0,20.24,8,7,9
GreedyPlacer,30,609,True,1.5,-1,2,2.25,0.0,21.58,8,8,4
GreedyPlacer,30,610,True,1.5613,-1,2,0.7344,0.8,23.07,8,5,5
GreedyPlacer,30,611,True,0.5436,-1,2,0.5,1.0,21.18,8,4,5
GreedyPlacer,30,612,True,1.9056,-1,1,0.7344,0.7,21.93,8,5,6
GreedyPlacer,30,613,True,1.8424,-1,1,2.9796,0.4,17.67,7,13,10
GreedyPlacer,30,614,True,0.9852,-1,2,0.6939,0.5,16.36,7,6,6
GreedyPlacer,30,615,True,1.9056,-1,1,0.8594,0.6,21.12,8,7,6
GreedyPlacer,30,616,True,1.9056,-1,1,2.9844,0.0286,18.13,8,11,14
GreedyPlacer,30,617,True,1.75,-1,2,1.25,0.8286,21.63,8,8,8
GreedyPlacer,30,618,True,1.5613,-1,2,0.6094,0.7,18.95,8,7,6
GreedyPlacer,30,619,True,1.5567,-1,2,1.1429,0.0,16.59,7,7,1
GreedyPlacer,30,620,True,1.75,-1,1,2.75,-0.5,21.81,8,12,9
GreedyPlacer,30,621,True,1.3788,-1,1,0.5714,0.0,16.43,7,7,1
GreedyPlacer,30,622,True,1.9056,-1,2,1.75,0.2,21.26,8,8,10
GreedyPlacer,30,623,True,1.5,-1,2,2.6875,0.5,21.61,8,10,4
GreedyPlacer,30,624,True,1.9056,-1,1,1.9375,0.9,21.0,8,10,7
GreedyPlacer,30,625,True,1.75,-1,2,1.6094,0.5,21.38,8,7,4
GreedyPlacer,30,626,True,1.2988,-1,3,0.5,0.4,20.15,8,4,7
GreedyPlacer,30,627,True,1.2988,-1,1,1.5,1.0,20.9,8,12,3
GreedyPlacer,30,628,True,1.8424,-1,3,3.1429,0.7,18.19,7,7,10
GreedyPlacer,30,629,True,1.9056,-1,1,1.7344,0.5,21.56,8,11,6
GreedyPlacer,30,630,True,1.3788,-1,2,2.0,1.0,17.87,7,7,3
GreedyPlacer,30,631,True,1.2988,-1,2,0.6875,0.0,22.16,8,10,0
GreedyPlacer,30,632,True,1.8424,-1,2,1.2653,0.8,19.53,7,6,6
GreedyPlacer,30,633,True,1.5,-1,6,0.4844,-0.3,19.83,8,3,14
GreedyPlacer,30,634,True,1.3788,-1,2,1.6327,0.0,18.89,7,9,1
GreedyPlacer,30,635,True,1.8424,-1,1,1.2653,-0.2,18.02,7,6,7
GreedyPlacer,30,636,True,1.9056,-1,1,1.9844,0.5,21.13,8,11,6
GreedyPlacer,30,637,True,0.5436,-1,2,0.4375,1.0,23.09,8,6,3
GreedyPlacer,30,638,True,1.2988,-1,1,1.0,0.0,21.1,8,12,1
GreedyPlacer,30,639,True,1.0613,-1,2,0.7344,0.0,21.87,8,5,1
GreedyPlacer,30,640,True,1.5613,-1,4,0.1875,0.9,22.19,8,2,8
GreedyPlacer,30,641,True,1.3788,-1,1,0.5714,1.0,16.08,7,7,3
GreedyPlacer,30,642,True,1.9056,-1,1,1.6094,0.5,21.59,8,7,4
GreedyPlacer,30,643,True,1.8113,-1,1,1.1094,0.4,21.63,8,9,8
GreedyPlacer,30,644,True,1.8113,-1,0,2.4844,0.5,22.15,8,13,4
GreedyPlacer,30,645,True,1.75,-1,1,1.9844,0.4,22.16,8,11,7
GreedyPlacer,30,646,True,1.2988,-1,1,3.5,1.0,21.01,8,16,4
GreedyPlacer,30,647,True,1.4488,-1,1,0.7755,1.0,18.79,7,9,5
GreedyPlacer,30,648,True,1.5488,-1,2,0.8594,0.5,22.49,8,7,5
GreedyPlacer,30,649,True,1.75,-1,3,0.5,0.4,22.09,8,4,7
GreedyPlacer,30,650,True,1.5613,-1,2,1.4375,0.0,22.37,8,10,5
GreedyPlacer,30,651,True,1.5567,-1,2,1.9184,-1.0,16.05,7,12,4
GreedyPlacer,30,652,True,1.8424,-1,0,0.4898,1.0,18.73,7,5,6
GreedyPlacer,30,653,True,1.5,-1,2,1.75,0.9,19.38,8,8,5
GreedyPlacer,30,654,True,1.9056,-1,1,1.5,0.4,21.87,8,8,7
GreedyPlacer,30,655,True,1.5613,-1,2,0.75,0.0,21.62,8,8,2
GreedyPlacer,30,656,True,1.5488,-1,1,1.0,0.7,21.21,8,4,8
GreedyPlacer,30,657,True,1.2988,-1,1,0.2344,0.7,22.01,8,3,7
GreedyPlacer,30,658,True,1.9502,-1,1,1.8367,0.0,16.21,7,6,5
GreedyPlacer,30,659,True,1.2988,-1,1,1.1875,0.5,21.18,8,10,3
GreedyPlacer,30,660,True,0.5917,-1,2,0.5306,0.9429,16.89,7,4,6
GreedyPlacer,30,661,True,1.8113,-1,0,1.5,0.5,20.64,8,12,5
GreedyPlacer,30,662,True,1.0613,-1,2,0.2344,0.5,16.06,8,5,7
GreedyPlacer,30,663,True,1.4056,-1,1,3.3594,0.0,21.61,8,17,2
GreedyPlacer,30,664,True,1.8113,-1,2,0.9375,0.1429,21.45,8,6,12
GreedyPlacer,30,665,True,1.75,-1,2,1.25,0.9,21.49,8,8,6
GreedyPlacer,30,666,True,1.2988,-1,1,0.8594,1.0,22.01,8,9,4
GreedyPlacer,30,667,True,1.8113,-1,4,0.4844,0.6071,21.71,8,3,12
GreedyPlacer,30,668,True,1.8113,-1,0,0.8594,-0.2,19.45,8,7,7
GreedyPlacer,30,669,True,1.4056,-1,1,5.5,0.5,20.57,8,16,4
GreedyPlacer,30,670,True,1.9056,-1,2,2.3594,0.5,21.15,8,7,4
GreedyPlacer,30,671,True,1.9056,-1,3,1.4375,-1.0,19.1,8,10,4
GreedyPlacer,30,672,True,1.9056,-1,1,1.1875,0.9,16.66,8,6,8
GreedyPlacer,30,673,True,1.75,-1,1,1.3594,-0.4,22.39,8,7,6
GreedyPlacer,30,674,True,1.6645,-1,4,0.4898,0.9,18.14,7,2,17
GreedyPlacer,30,675,True,1.9056,-1,5,0.8594,-0.6,21.59,8,7,8
GreedyPlacer,30,676,True,1.9056,-1,2,1.9844,0.0,19.93,8,11,4
GreedyPlacer,30,677,True,1.9056,-1,4,0.6875,0.0,20.7,8,6,4
GreedyPlacer,30,678,True,1.9056,-1,2,2.4375,0.8,19.94,8,10,6
GreedyPlacer,30,679,True,1.1488,-1,2,1.9184,1.0,16.13,7,9,4
GreedyPlacer,30,680,True,1.2988,-1,1,4.0,0.7714,19.47,8,16,10
GreedyPlacer,30,681,True,1.9056,-1,1,0.6875,0.2,20.92,8,6,12
GreedyPlacer,30,682,True,1.5488,-1,2,1.3594,-0.5,19.43,8,7,4
GreedyPlacer,30,683,True,1.75,-1,1,2.4844,0.8,21.84,8,11,6
GreedyPlacer,30,684,True,1.75,-1,1,3.25,0.4,21.65,8,12,6
GreedyPlacer,30,685,True,1.9056,-1,2,1.1875,-0.2571,20.56,8,6,13
GreedyPlacer,30,686,True,1.4056,-1,3,0.9375,0.6,20.59,8,6,4
GreedyPlacer,30,687,True,1.8424,-1,1,0.5306,-0.5,15.65,7,3,7
GreedyPlacer,30,688,True,1.5,-1,2,1.1875,0.9429,22.42,8,6,7
GreedyPlacer,30,689,True,1.5613,-1,2,1.1875,1.0,21.8,8,6,3
GreedyPlacer,30,690,True,1.9056,-1,0,0.8594,1.0,21.36,8,9,7
GreedyPlacer,30,691,True,1.6645,-1,1,1.2653,0.8,18.51,7,8,6
GreedyPlacer,30,692,True,1.8424,-1,0,4.2041,0.5,17.62,7,9,3
GreedyPlacer,30,693,True,1.5613,-1,2,1.1875,0.4857,20.41,8,6,11
GreedyPlacer,30,694,True,1.5,-1,2,1.4375,0.0,20.63,8,10,2
GreedyPlacer,30,695,True,1.75,-1,0,0.75,0.0,20.27,8,12,5
GreedyPlacer,30,696,True,1.75,-1,0,2.0,0.3143,21.16,8,12,11
GreedyPlacer,30,697,True,1.2988,-1,1,0.6094,0.9429,22.54,8,9,6
GreedyPlacer,30,698,True,1.4056,-1,3,0.8594,0.8,21.29,8,9,4
GreedyPlacer,30,699,True,1.8424,-1,2,0.5306,0.8,19.35,7,3,6
GreedyPlacer,30,700,True,1.0613,-1,2,0.2344,-0.5,19.8,8,3,5
GreedyPlacer,30,701,True,1.5613,-1,2,1.1094,1.0,21.84,8,9,4
GreedyPlacer,30,702,True,1.6645,-1,2,2.8163,-0.5,16.64,7,10,5
GreedyPlacer,30,703,True,1.4056,-1,1,1.2344,1.0,19.07,8,11,6
GreedyPlacer,30,704,True,1.4056,-1,2,0.4844,0.9,19.98,8,3,7
GreedyPlacer,30,705,True,1.75,-1,1,1.7344,0.5,19.41,8,11,8
GreedyPlacer,30,706,True,1.5488,-1,1,1.1875,0.0,21.08,8,10,3
GreedyPlacer,30,707,True,1.3788,-1,2,1.2653,0.0,19.44,7,8,1
GreedyPlacer,30,708,True,1.9056,-1,3,0.5,0.7,21.71,8,4,9
GreedyPlacer,30,709,True,1.75,-1,0,0.6094,-0.2,21.42,8,7,7
GreedyPlacer,30,710,True,1.8424,-1,3,0.5306,0.0,17.55,7,4,4
GreedyPlacer,30,711,True,1.2988,-1,2,0.25,0.5,20.61,8,4,8
GreedyPlacer,30,712,True,2.0,-1,2,3.1094,1.0,21.3,8,9,6
GreedyPlacer,30,713,True,1.75,-1,2,0.6875,0.0,22.54,8,6,4
GreedyPlacer,30,714,True,1.4056,-1,2,0.7344,0.7,20.44,8,5,5
GreedyPlacer,30,715,True,1.8113,-1,3,0.75,1.0,21.81,8,4,9
GreedyPlacer,30,716,True,1.5,-1,2,1.75,0.4,19.63,8,8,4
GreedyPlacer,30,717,True,1.3788,-1,1,2.2041,0.5,20.2,7,16,4
GreedyPlacer,30,718,True,1.9502,-1,2,0.5306,1.0,18.55,7,3,6
GreedyPlacer,30,719,True,1.75,-1,0,3.1875,0.6071,20.93,8,14,10
GreedyPlacer,30,720,True,1.8424,-1,1,2.2041,0.5,18.48,7,9,6
GreedyPlacer,30,721,True,1.2988,-1,1,1.1875,0.8,20.02,8,10,4
GreedyPlacer,30,722,True,2.0,-1,2,0.7344,0.8,20.33,8,5,9
GreedyPlacer,30,723,True,1.9056,-1,1,0.8594,0.4,20.36,8,9,6
GreedyPlacer,30,724,True,1.4056,-1,2,1.6094,0.0,22.13,8,9,2
GreedyPlacer,30,725,True,1.3788,-1,1,0.9796,0.7143,16.77,7,8,13
GreedyPlacer,30,726,True,1.75,-1,1,1.9375,0.5,21.2,8,6,4
GreedyPlacer,30,727,True,1.75,-1,3,0.5,0.8,22.14,8,4,8
GreedyPlacer,30,728,True,1.4056,-1,1,1.7344,0.0,22.36,8,11,2
GreedyPlacer,30,729,True,1.4056,-1,3,1.3594,0.0,20.69,8,9,2
GreedyPlacer,30,730,True,1.8113,-1,3,0.7344,0.8286,21.08,8,5,7
GreedyPlacer,30,731,True,1.8113,-1,2,0.7344,0.0,21.18,8,5,4
GreedyPlacer,30,732,True,1.5613,-1,2,1.8594,-0.5,20.59,8,9,3
GreedyPlacer,30,733,True,1.8424,-1,3,0.5306,0.3,18.43,7,3,6
GreedyPlacer,30,734,True,1.4056,-1,1,1.4844,0.8,22.08,8,13,4
GreedyPlacer,30,735,True,1.4488,-1,1,1.9592,0.4,16.37,7,11,6
GreedyPlacer,30,736,True,1.4488,-1,3,0.9796,0.5,18.38,7,6,4
GreedyPlacer,30,737,True,1.5,-1,3,0.8594,0.3,22.52,8,7,9
GreedyPlacer,30,738,True,1.8113,-1,0,1.6875,0.0,20.85,8,10,6
GreedyPlacer,30,739,True,1.5613,-1,4,0.2344,-0.5,20.57,8,3,6
GreedyPlacer,30,740,True,1.8113,-1,3,1.3594,0.3,18.53,8,7,5
GreedyPlacer,30,741,True,1.3788,-1,1,1.1429,1.0,17.68,7,7,3
GreedyPlacer,30,742,True,1.9056,-1,1,1.6094,0.5,21.46,8,9,5
GreedyPlacer,30,743,True,1.9056,-1,2,2.8594,-0.4,20.64,8,9,8
GreedyPlacer,30,744,True,1.9056,-1,2,4.3594,-0.6,19.93,8,17,6
GreedyPlacer,30,745,True,1.4488,-1,6,0.1224,0.5429,19.03,7,1,14
GreedyPlacer,30,746,True,1.8113,-1,4,1.75,0.75,20.2,8,4,12
GreedyPlacer,30,747,True,1.3788,-1,3,0.4898,1.0,17.88,7,5,3
GreedyPlacer,30,748,True,1.75,-1,0,2.6094,0.7143,20.17,8,9,10
GreedyPlacer,30,749,True,1.75,-1,4,0.4844,0.9,20.56,8,3,7
GreedyPlacer,30,750,True,1.5613,-1,2,0.9375,1.0,17.54,8,6,4
GreedyPlacer,30,751,True,1.4488,-1,3,0.2041,1.0,19.01,7,2,6
GreedyPlacer,30,752,True,1.5,-1,2,0.6094,1.0,21.96,8,7,5
GreedyPlacer,30,753,True,1.75,-1,2,0.7344,0.8,20.89,8,5,6
GreedyPlacer,30,754,True,1.4056,-1,1,0.6094,0.0,22.03,8,9,4
GreedyPlacer,30,755,True,1.9056,-1,1,0.6094,-0.3,22.48,8,7,9
GreedyPlacer,30,756,True,1.9056,-1,2,2.75,0.4,21.32,8,12,8
GreedyPlacer,30,757,True,1.5488,-1,0,3.0,0.0,22.07,8,16,3
GreedyPlacer,30,758,True,1.3788,-1,1,1.102,0.0,17.25,7,11,3
GreedyPlacer,30,759,True,1.3788,-1,3,0.5306,0.0,18.69,7,3,1
GreedyPlacer,30,760,True,1.5613,-1,2,1.5,1.0,22.41,8,12,3
GreedyPlacer,30,761,True,1.9056,-1,1,0.75,0.4,22.41,8,8,6
GreedyPlacer,30,762,True,1.2988,-1,3,0.7344,0.9,19.97,8,5,5
GreedyPlacer,30,763,True,1.5488,-1,2,1.1094,0.4,22.54,8,7,6
GreedyPlacer,30,764,True,1.5,-1,3,0.1875,0.1429,21.9,8,2,7
GreedyPlacer,30,765,True,1.75,-1,2,1.0,1.0,18.26,8,4,8
GreedyPlacer,30,766,True,1.2988,-1,1,0.75,1.0,21.65,8,8,5
GreedyPlacer,30,767,True,1.5567,-1,2,1.2653,0.0,17.55,7,6,2
GreedyPlacer,30,768,True,1.9056,-1,2,1.2344,0.9,22.17,8,5,6
GreedyPlacer,30,769,True,1.3788,-1,1,1.102,0.8,19.12,7,10,5
GreedyPlacer,30,770,True,2.0,-1,3,0.75,0.0857,17.34,8,4,9
GreedyPlacer,30,771,True,1.4056,-1,3,0.6875,1.0,20.71,8,6,5
GreedyPlacer,30,772,True,1.2988,-1,3,0.7344,0.5,18.44,8,5,6
GreedyPlacer,30,773,True,1.4056,-1,5,0.1094,-0.0857,21.4,8,1,16
GreedyPlacer,30,774,True,1.6645,-1,2,0.8571,-0.2,17.59,7,7,6
GreedyPlacer,30,775,True,1.5613,-1,3,0.4844,0.1,21.02,8,3,9
GreedyPlacer,30,776,True,1.3788,-1,1,0.5306,0.4,17.39,7,4,10
GreedyPlacer,30,777,True,1.5613,-1,2,1.25,0.9429,21.54,8,8,6
GreedyPlacer,30,778,True,1.8113,-1,1,2.2344,0.4857,22.51,8,11,7
GreedyPlacer,30,779,True,1.5613,-1,3,3.1094,0.2143,21.26,8,9,10
GreedyPlacer,30,780,True,1.5,-1,2,1.4844,1.0,20.85,8,11,6
GreedyPlacer,30,781,True,1.5613,-1,2,1.6094,0.9,21.91,8,9,6
GreedyPlacer,30,782,True,1.9056,-1,1,3.2344,-1.0,21.12,8,13,9
GreedyPlacer,30,783,True,1.75,-1,0,2.3594,0.3714,20.46,8,15,7
GreedyPlacer,30,784,True,1.9056,-1,1,2.9844,0.9,20.67,8,13,9
GreedyPlacer,30,785,True,1.75,-1,1,3.2344,0.8,20.59,8,13,12
GreedyPlacer,30,786,True,1.9056,-1,2,0.9375,0.7,20.68,8,6,6
GreedyPlacer,30,787,True,1.9056,-1,4,0.9844,0.4,21.09,8,5,8
GreedyPlacer,30,788,True,1.8113,-1,2,0.4844,1.0,22.22,8,5,5
GreedyPlacer,30,789,True,1.2988,-1,3,0.75,0.0,21.24,8,4,3
GreedyPlacer,30,790,True,1.2988,-1,1,1.4375,1.0,21.93,8,14,4
GreedyPlacer,30,791,True,1.9502,-1,3,1.102,1.0,18.66,7,4,8
GreedyPlacer,30,792,True,1.9056,-1,2,1.6094,0.2,21.49,8,9,10
GreedyPlacer,30,793,True,1.5613,-1,2,2.3594,0.0,21.45,8,9,4
GreedyPlacer,30,794,True,1.8424,-1,3,2.4082,0.4,17.46,7,8,6
GreedyPlacer,30,795,True,1.75,-1,2,1.1094,0.4,20.54,8,7,7
GreedyPlacer,30,796,True,1.0,-1,3,0.2344,1.0,20.82,8,3,3
GreedyPlacer,30,797,True,1.5613,-1,2,2.0,-0.5,22.63,8,8,4
GreedyPlacer,30,798,True,1.9056,-1,2,1.7344,1.0,21.75,8,11,5
GreedyPlacer,30,799,True,1.6645,-1,2,0.2449,-0.5,17.35,7,3,3
GreedyPlacer,30,800,True,1.8424,-1,0,1.102,1.0,18.07,7,11,9
GreedyPlacer,30,801,True,1.5488,-1,2,0.4844,0.1429,20.66,8,3,7
GreedyPlacer,30,802,True,1.5613,-1,2,1.6875,0.0,21.04,8,6,2
GreedyPlacer,30,803,True,1.8113,-1,2,0.4844,1.0,19.49,8,5,8
GreedyPlacer,30,804,True,1.5613,-1,2,0.8594,0.9,21.13,8,7,6
GreedyPlacer,30,805,True,1.9056,-1,1,4.2344,0.6071,21.12,8,13,11
GreedyPlacer,30,806,True,1.4488,-1,3,1.2653,0.4,18.81,7,6,4
GreedyPlacer,30,807,True,1.4056,-1,2,0.6875,-0.6,18.13,8,6,11
GreedyPlacer,30,808,True,1.5,-1,2,2.8594,0.8,18.3,8,17,4
GreedyPlacer,30,809,True,1.75,-1,0,1.1875,0.9643,21.06,8,10,11
GreedyPlacer,30,810,True,1.4056,-1,2,1.9844,-0.1,21.98,8,11,7
GreedyPlacer,30,811,True,1.3788,-1,1,2.2449,0.0,18.35,7,10,3
GreedyPlacer,30,812,True,1.75,-1,0,1.0,0.6,21.5,8,12,6
GreedyPlacer,30,813,True,1.8424,-1,2,0.5306,-1.0,14.11,7,4,5
GreedyPlacer,30,814,True,1.5488,-1,1,0.9375,0.7,22.48,8,10,8
GreedyPlacer,30,815,True,1.9056,-1,2,1.3594,1.0,21.22,8,7,7
GreedyPlacer,30,816,True,1.5,-1,2,1.8594,-0.2,19.33,8,9,4
GreedyPlacer,30,817,True,1.75,-1,1,1.75,0.4,22.34,8,8,7
GreedyPlacer,30,818,True,2.0,-1,2,3.1875,0.4,21.92,8,10,8
GreedyPlacer,30,819,True,1.75,-1,0,1.9844,0.4,20.72,8,13,12
GreedyPlacer,30,820,True,1.6645,-1,2,0.5714,0.5429,17.8,7,7,7
GreedyPlacer,30,821,True,1.8113,-1,3,0.75,0.4286,20.82,8,4,7
GreedyPlacer,30,822,True,1.75,-1,3,0.7344,1.0,20.85,8,5,6
GreedyPlacer,30,823,True,1.9056,-1,3,1.1875,1.0,22.16,8,6,8
GreedyPlacer,30,824,True,1.8424,-1,3,1.102,0.4,16.66,7,4,7
GreedyPlacer,30,825,True,1.4056,-1,1,1.7344,0.7,19.84,8,13,6
GreedyPlacer,30,826,True,1.3788,-1,3,0.2449,1.0,18.78,7,4,3
GreedyPlacer,30,827,True,1.5,-1,2,1.7344,0.4,19.46,8,11,6
GreedyPlacer,30,828,True,1.2988,-1,2,0.75,0.6071,21.43,8,4,7
GreedyPlacer,30,829,True,1.5,-1,2,2.5,0.1786,22.02,8,12,13
GreedyPlacer,30,830,True,1.4056,-1,1,2.8594,0.6571,20.87,8,15,6
GreedyPlacer,30,831,True,1.9056,-1,2,0.6875,0.2,21.71,8,6,6
GreedyPlacer,30,832,True,1.5613,-1,4,0.4375,0.5429,20.8,8,2,12
GreedyPlacer,30,833,True,1.5,-1,2,0.1094,1.0,21.57,8,1,8
GreedyPlacer,30,834,True,1.9056,-1,4,0.5,0.6,20.57,8,4,12
GreedyPlacer,30,835,True,1.2988,-1,1,1.0,0.9,21.28,8,8,5
GreedyPlacer,30,836,True,1.9502,-1,1,0.6939,0.8,18.67,7,6,6
GreedyPlacer,30,837,True,1.5488,-1,1,0.1875,0.4,22.09,8,6,8
GreedyPlacer,30,838,True,1.5,-1,2,1.6875,0.0,20.19,8,10,2
GreedyPlacer,30,839,True,1.9056,-1,5,0.5,0.8,21.45,8,4,9
GreedyPlacer,30,840,True,1.4056,-1,3,1.1875,1.0,21.2,8,6,3
GreedyPlacer,30,841,True,1.75,-1,2,3.3594,0.6,21.74,8,15,7
GreedyPlacer,30,842,True,1.0613,-1,2,0.9375,0.9429,20.83,8,10,6
GreedyPlacer,30,843,True,1.1488,-1,2,0.4898,0.0,17.2,7,5,2
GreedyPlacer,30,844,True,1.5567,-1,2,0.6939,-0.5,18.1,7,8,4
GreedyPlacer,30,845,True,1.4488,-1,1,0.4898,0.0,18.58,7,5,2
GreedyPlacer,30,846,True,1.9056,-1,1,1.4375,1.0,21.63,8,10,8
GreedyPlacer,30,847,True,1.4056,-1,3,0.6094,0.9,20.77,8,7,5
GreedyPlacer,30,848,True,1.0613,-1,2,1.1094,0.0,19.26,8,7,2
GreedyPlacer,30,849,True,1.4056,-1,2,2.7344,0.8,19.82,8,11,5
GreedyPlacer,30,850,True,1.9056,-1,2,1.1094,-0.5,22.32,8,7,3
GreedyPlacer,30,851,True,1.9056,-1,2,1.1094,1.0,21.45,8,7,7
GreedyPlacer,30,852,True,1.0,-1,3,0.75,1.0,21.13,8,4,3
GreedyPlacer,30,853,True,1.2988,-1,2,1.0,0.4,18.73,8,8,7
GreedyPlacer,30,854,True,1.8113,-1,5,0.4375,-0.6,21.91,8,2,9
GreedyPlacer,30,855,True,1.75,-1,0,1.6094,0.0,21.74,8,9,4
GreedyPlacer,30,856,True,1.5613,-1,2,1.5,0.0,20.87,8,12,2
GreedyPlacer,30,857,True,1.5613,-1,2,1.6875,0.8929,23.26,8,10,7
GreedyPlacer,30,858,True,1.9056,-1,2,1.1875,1.0,21.72,8,6,8
GreedyPlacer,30,859,True,1.2988,-1,3,0.6094,0.8,22.15,8,7,4
GreedyPlacer,30,860,True,1.3788,-1,1,1.102,-0.6,17.53,7,10,5
GreedyPlacer,30,861,True,1.5,-1,2,1.1094,0.0,21.91,8,7,2
GreedyPlacer,30,862,True,1.9056,-1,1,1.3594,0.5,20.98,8,7,9
GreedyPlacer,30,863,True,1.2988,-1,1,1.0,0.0,20.52,8,16,2
GreedyPlacer,30,864,True,1.5,-1,2,1.1875,0.8095,21.96,8,6,8
GreedyPlacer,30,865,True,1.75,-1,1,2.4375,0.5,20.18,8,10,7
GreedyPlacer,30,866,True,1.5,-1,2,3.25,0.7,20.3,8,16,6
GreedyPlacer,30,867,True,1.8424,-1,1,1.6735,-0.4,18.05,7,10,6
GreedyPlacer,30,868,True,1.0613,-1,1,0.6875,1.0,21.32,8,10,7
GreedyPlacer,30,869,True,1.9056,-1,4,1.1875,0.3714,19.77,8,6,9
GreedyPlacer,30,870,True,1.75,-1,0,2.4375,0.4,21.2,8,14,8
GreedyPlacer,30,871,True,1.5488,-1,1,2.6094,0.4,21.32,8,15,4
GreedyPlacer,30,872,True,1.5,-1,2,1.1094,0.4,22.33,8,9,5
GreedyPlacer,30,873,True,1.3788,-1,1,0.8163,0.5,16.84,7,4,6
GreedyPlacer,30,874,True,1.5613,-1,2,0.6875,0.3714,21.65,8,6,8
GreedyPlacer,30,875,True,1.9056,-1,2,2.6875,0.2,22.32,8,10,6
GreedyPlacer,30,876,True,1.4056,-1,2,0.5,0.5,22.65,8,4,4
GreedyPlacer,30,877,True,1.8113,-1,3,0.9375,0.5,20.39,8,6,7
GreedyPlacer,30,878,True,1.8113,-1,0,1.6875,0.9,19.85,8,6,6
GreedyPlacer,30,879,True,1.4056,-1,2,2.3594,1.0,19.72,8,9,4
GreedyPlacer,30,880,True,0.5436,-1,2,0.4844,0.0,21.92,8,5,2
GreedyPlacer,30,881,True,1.8113,-1,0,1.25,0.0,21.83,8,8,5
GreedyPlacer,30,882,True,1.8424,-1,0,1.2653,0.0,17.66,7,8,2
GreedyPlacer,30,883,True,1.5,-1,2,0.9375,0.4,20.62,8,6,5
GreedyPlacer,30,884,True,1.75,-1,3,0.9844,0.1,21.68,8,5,7
GreedyPlacer,30,885,True,1.75,-1,2,2.4844,-0.5,22.02,8,11,4
GreedyPlacer,30,886,True,1.9056,-1,2,1.6094,0.0,20.69,8,7,6
GreedyPlacer,30,887,True,1.4056,-1,4,0.7344,0.4,21.87,8,5,6
GreedyPlacer,30,888,True,1.2988,-1,3,0.4844,0.0,20.11,8,5,2
GreedyPlacer,30,889,True,1.9056,-1,2,1.9375,-0.1,19.97,8,10,9
GreedyPlacer,30,890,True,1.9056,-1,0,1.2344,0.0,21.11,8,11,8
GreedyPlacer,30,891,True,1.5,-1,2,2.6094,0.0,22.49,8,9,2
GreedyPlacer,30,892,True,1.75,-1,3,0.9375,0.5,21.88,8,6,3
GreedyPlacer,30,893,True,1.0613,-1,1,0.6094,0.9429,21.92,8,7,10
GreedyPlacer,30,894,True,1.9056,-1,2,1.3594,1.0,21.27,8,7,9
GreedyPlacer,30,895,True,1.4056,-1,1,2.3594,0.0,21.93,8,9,2
GreedyPlacer,30,896,True,1.9056,-1,1,1.6875,0.5,20.62,8,6,6
GreedyPlacer,30,897,True,1.9056,-1,0,1.0,0.9,20.97,8,8,10
GreedyPlacer,30,898,True,1.9056,-1,2,0.9844,1.0,21.78,8,5,8
GreedyPlacer,30,899,True,1.9502,-1,3,0.5306,0.6,17.57,7,4,7
GreedyPlacer,30,900,True,1.2988,-1,1,0.4844,0.4,21.47,8,11,5
GreedyPlacer,30,901,True,1.9056,-1,3,0.9844,0.3,19.76,8,5,6
GreedyPlacer,30,902,True,1.8424,-1,2,1.1429,0.4,15.8,7,7,8
GreedyPlacer,30,903,True,1.9056,-1,2,0.6875,1.0,16.8,8,6,7
GreedyPlacer,30,904,True,1.3788,-1,1,2.7755,1.0,16.19,7,9,3
GreedyPlacer,30,905,True,1.5,-1,2,1.1875,0.0,22.02,8,10,3
GreedyPlacer,30,906,True,1.75,-1,0,1.1094,-0.5,22.48,8,7,4
GreedyPlacer,30,907,True,1.8424,-1,0,2.1224,0.5,17.71,7,8,6
GreedyPlacer,30,908,True,1.8113,-1,2,1.1875,0.8,21.07,8,6,7
GreedyPlacer,30,909,True,1.75,-1,1,0.5,0.0,18.91,8,8,4
GreedyPlacer,30,910,True,1.5488,-1,1,1.9375,1.0,20.63,8,10,6
GreedyPlacer,30,911,True,1.5613,-1,2,0.9375,1.0,21.1,8,6,7
GreedyPlacer,30,912,True,1.5,-1,2,0.4375,0.0,22.4,8,6,2
GreedyPlacer,30,913,True,1.2988,-1,3,0.5,1.0,20.96,8,4,3
GreedyPlacer,30,914,True,1.8424,-1,3,1.102,0.4,18.99,7,4,7
GreedyPlacer,30,915,True,1.75,-1,3,1.1875,1.0,21.39,8,6,5
GreedyPlacer,30,916,True,1.5613,-1,2,0.8594,0.0,20.96,8,7,1
GreedyPlacer,30,917,True,1.9502,-1,1,1.0612,1.0,19.26,7,5,5
GreedyPlacer,30,918,True,1.4056,-1,3,0.7344,0.0,20.83,8,5,2
GreedyPlacer,30,919,True,1.4056,-1,4,0.1875,0.8,22.45,8,2,6
GreedyPlacer,30,920,True,1.8113,-1,3,1.25,-0.6,20.75,8,8,5
GreedyPlacer,30,921,True,1.9056,-1,0,1.25,1.0,21.69,8,8,8
GreedyPlacer,30,922,True,1.9056,-1,1,2.2344,0.8,22.25,8,11,6
GreedyPlacer,30,923,True,1.4488,-1,1,0.8163,0.0,18.64,7,10,2
GreedyPlacer,30,924,True,1.2988,-1,2,0.7344,-0.5,21.4,8,5,8
GreedyPlacer,30,925,True,1.1488,-1,2,2.5306,0.6,17.48,7,11,5
GreedyPlacer,30,926,True,1.3788,-1,1,0.4898,0.4,16.51,7,9,5
GreedyPlacer,30,927,True,1.5567,-1,2,2.5306,0.5,17.05,7,10,6
GreedyPlacer,30,928,True,1.8113,-1,2,0.8594,0.8,21.09,8,7,8
GreedyPlacer,30,929,True,1.75,-1,3,0.8594,0.8571,19.84,8,7,11
GreedyPlacer,30,930,True,1.2988,-1,1,0.8594,0.9,20.79,8,9,10
GreedyPlacer,30,931,True,1.75,-1,1,1.5,0.0,20.13,8,8,6
GreedyPlacer,30,932,True,1.9502,-1,2,1.7143,1.0,18.98,7,7,4
GreedyPlacer,30,933,True,1.9056,-1,0,2.5,1.0,21.67,8,12,6
GreedyPlacer,30,934,True,1.8424,-1,2,1.0612,0.4,16.31,7,5,8
GreedyPlacer,30,935,True,1.9056,-1,1,2.75,-0.5,21.23,8,12,8
GreedyPlacer,30,936,True,1.9056,-1,3,3.25,0.7143,21.73,8,8,13
GreedyPlacer,30,937,True,0.8631,-1,2,1.102,0.4,18.83,7,4,4
GreedyPlacer,30,938,True,1.4056,-1,1,1.4375,0.5,21.58,8,14,3
GreedyPlacer,30,939,True,1.4056,-1,1,0.5,0.5714,22.87,8,8,10
GreedyPlacer,30,940,True,1.4056,-1,3,0.4844,0.0,21.36,8,3,1
GreedyPlacer,30,941,True,1.5613,-1,2,1.6094,1.0,21.49,8,9,5
GreedyPlacer,30,942,True,1.2988,-1,6,0.4375,0.5,20.99,8,2,9
GreedyPlacer,30,943,True,1.5,-1,2,0.25,0.0,20.94,8,4,2
GreedyPlacer,30,944,True,1.8424,-1,2,1.8367,0.0,17.81,7,8,5
GreedyPlacer,30,945,True,1.8113,-1,2,1.1875,1.0,21.32,8,6,6
GreedyPlacer,30,946,True,1.8424,-1,1,1.8367,0.5,16.16,7,8,4
GreedyPlacer,30,947,True,1.8113,-1,2,1.2344,0.0,19.89,8,5,3
GreedyPlacer,30,948,True,1.6645,-1,1,0.6939,0.0,18.48,7,6,4
GreedyPlacer,30,949,True,1.5613,-1,2,1.4844,1.0,20.39,8,11,3
GreedyPlacer,30,950,True,1.8113,-1,0,1.25,0.7,21.07,8,12,8
GreedyPlacer,30,951,True,1.75,-1,1,1.0,0.4643,21.48,8,8,10
GreedyPlacer,30,952,True,1.9056,-1,3,1.1875,0.5,18.89,8,6,8
GreedyPlacer,30,953,True,1.75,-1,0,1.9375,0.0,19.96,8,10,5
GreedyPlacer,30,954,True,1.4056,-1,1,2.4844,1.0,20.37,8,13,5
GreedyPlacer,30,955,True,1.75,-1,3,1.8594,0.3,22.77,8,9,9
GreedyPlacer,30,956,True,1.5,-1,2,1.3594,1.0,19.95,8,9,4
GreedyPlacer,30,957,True,1.9056,-1,2,1.1094,0.5,22.13,8,9,7
GreedyPlacer,30,958,True,1.6645,-1,1,0.6939,1.0,17.92,7,6,4
GreedyPlacer,30,959,True,1.8424,-1,3,0.1224,0.4,17.39,7,1,4
GreedyPlacer,30,960,True,1.75,-1,1,1.1094,0.3,18.99,8,9,8
GreedyPlacer,30,961,True,1.75,-1,1,3.9375,0.6571,21.36,8,18,10
GreedyPlacer,30,962,True,2.0,-1,3,1.0,0.7,21.1,8,4,7
GreedyPlacer,30,963,True,1.5,-1,2,1.25,0.4,21.32,8,8,5
GreedyPlacer,30,964,True,1.5567,-1,2,2.8571,0.5,16.27,7,14,4
GreedyPlacer,30,965,True,1.75,-1,3,0.7344,0.5,21.55,8,5,4
GreedyPlacer,30,966,True,1.5567,-1,3,0.5306,0.5,18.46,7,4,7
GreedyPlacer,30,967,True,1.75,-1,3,1.1094,0.0,20.36,8,9,3
GreedyPlacer,30,968,True,1.8113,-1,0,1.1094,0.3,21.29,8,9,9
GreedyPlacer,30,969,True,0.8631,-1,3,0.9796,1.0,18.25,7,6,3
GreedyPlacer,30,970,True,1.9502,-1,1,1.2653,0.3,17.65,7,8,9
GreedyPlacer,30,971,True,1.9056,-1,1,1.75,0.4,21.0,8,8,7
GreedyPlacer,30,972,True,1.3788,-1,1,2.2857,0.5,18.36,7,14,3
GreedyPlacer,30,973,True,1.9056,-1,1,0.8594,0.7714,20.23,8,7,13
GreedyPlacer,30,974,True,1.5,-1,2,1.3594,0.8,19.87,8,9,4
GreedyPlacer,30,975,True,0.8631,-1,3,0.7755,0.0,20.18,7,5,1
GreedyPlacer,30,976,True,1.9056,-1,1,3.5,0.7,20.71,8,12,8
GreedyPlacer,30,977,True,1.4488,-1,3,0.2449,1.0,17.05,7,3,4
GreedyPlacer,30,978,True,0.8631,-1,3,0.4082,0.9,16.26,7,6,5
GreedyPlacer,30,979,True,1.2988,-1,3,0.4844,1.0,20.54,8,3,4
GreedyPlacer,30,980,True,1.8113,-1,0,1.1094,1.0,18.15,8,9,9
GreedyPlacer,30,981,True,1.3788,-1,3,0.5306,0.6,18.24,7,3,6
GreedyPlacer,30,982,True,1.8113,-1,4,0.4375,0.4,19.39,8,2,9
GreedyPlacer,30,983,True,1.3788,-1,3,1.1429,1.0,18.47,7,7,3
GreedyPlacer,30,984,True,1.8113,-1,3,0.9375,0.5,21.21,8,6,5
GreedyPlacer,30,985,True,1.9056,-1,4,0.75,0.0,21.96,8,4,2
GreedyPlacer,30,986,True,1.0613,-1,2,0.7344,0.9,21.73,8,5,5
GreedyPlacer,30,987,True,1.5567,-1,2,0.7755,0.5,17.81,7,5,3
GreedyPlacer,30,988,True,1.8424,-1,1,1.3469,0.0,18.58,7,9,5
GreedyPlacer,30,989,True,1.9056,-1,1,1.25,0.8,22.28,8,8,8
GreedyPlacer,30,990,True,1.4056,-1,1,0.6875,0.0,21.09,8,14,2
GreedyPlacer,30,991,True,1.9056,-1,1,2.3594,-0.6,20.17,8,9,5
GreedyPlacer,30,992,True,1.5,-1,2,0.6094,0.0,21.46,8,9,2
GreedyPlacer,30,993,True,1.9502,-1,3,2.4898,0.2571,16.64,7,9,9
GreedyPlacer,30,994,True,1.5567,-1,2,0.2041,0.6,18.83,7,2,5
GreedyPlacer,30,995,True,1.9056,-1,2,0.6875,-0.5,22.11,8,6,13
GreedyPlacer,30,996,True,1.8113,-1,2,2.5,0.7,21.74,8,8,6
GreedyPlacer,30,997,True,1.9056,-1,2,0.5,0.3571,21.27,8,4,14
GreedyPlacer,30,998,True,1.8424,-1,3,0.6939,0.0,13.85,7,6,6
GreedyPlacer,30,999,True,1.8424,-1,2,1.2653,0.0,18.74,7,6,2
GreedyPlacer,40,0,True,1.9713,-1,4,1.2222,0.389,125.49,24,20,25
GreedyPlacer,40,1,True,1.766,-1,3,1.64,-0.1071,106.72,20,28,10
GreedyPlacer,40,2,True,1.8129,-1,2,0.8255,0.8167,103.01,19,14,18
GreedyPlacer,40,3,True,1.8744,-1,4,1.1936,0.5273,135.65,25,23,17
GreedyPlacer,40,4,True,1.9363,-1,5,0.686,-0.1273,116.35,22,14,20
GreedyPlacer,40,5,True,1.667,-1,2,1.3984,0.042,142.33,25,26,18
GreedyPlacer,40,6,True,1.9347,-1,5,0.9161,0.4825,111.62,21,17,22
GreedyPlacer,40,7,True,1.8129,-1,5,2.0942,0.4636,94.03,19,21,19
GreedyPlacer,40,8,True,1.7201,-1,2,0.896,0.0667,121.42,23,26,12
GreedyPlacer,40,9,True,1.6474,-1,2,1.0144,0.8091,133.24,25,21,17
GreedyPlacer,40,10,True,1.7621,-1,1,1.1773,0.7167,154.78,28,29,17
GreedyPlacer,40,11,True,1.6497,-1,1,0.7438,1.0,122.18,22,28,4
GreedyPlacer,40,12,True,1.7179,-1,2,1.3177,0.3007,126.34,24,33,17
GreedyPlacer,40,13,True,1.5794,-1,2,1.3913,0.3697,114.8,23,23,11
GreedyPlacer,40,14,True,1.7274,-1,1,0.9235,0.1,154.59,28,30,10
GreedyPlacer,40,15,True,1.8097,-1,3,0.5406,0.8,115.38,23,17,16
GreedyPlacer,40,16,True,1.9419,-1,5,0.6016,0.3455,136.24,25,18,19
GreedyPlacer,40,17,True,1.75,-1,1,1.6094,0.2857,133.65,24,27,12
GreedyPlacer,40,18,True,1.708,-1,2,2.0867,0.6993,146.65,28,38,14
GreedyPlacer,40,19,True,1.9259,-1,5,0.7944,0.3846,146.0,26,23,17
GreedyPlacer,40,20,True,1.6409,-1,1,1.037,0.1429,145.81,26,27,9
GreedyPlacer,40,21,True,1.8451,-1,3,0.9186,0.7324,145.13,26,17,24
GreedyPlacer,40,22,True,1.7057,-1,2,1.2653,0.1667,113.1,21,24,11
GreedyPlacer,40,23,True,1.6068,-1,1,0.6537,0.8061,89.61,19,12,10
GreedyPlacer,40,24,True,1.8221,-1,3,1.9365,0.1182,111.9,21,28,13
GreedyPlacer,40,25,True,1.8474,-1,4,1.0803,0.2,95.82,19,16,11
GreedyPlacer,40,26,True,1.7549,-1,3,2.1006,0.5,131.02,26,32,14
GreedyPlacer,40,27,True,1.7153,-1,2,1.0944,0.0545,138.37,25,29,13
GreedyPlacer,40,28,True,1.3946,-1,2,1.4979,0.8455,113.52,22,21,12
GreedyPlacer,40,29,True,1.5138,-1,3,0.6667,0.5736,145.7,27,18,24
GreedyPlacer,40,30,True,1.9329,-1,2,0.9097,0.556,120.11,24,22,16
GreedyPlacer,40,31,True,1.7863,-1,2,0.9008,0.2182,147.02,22,20,17
GreedyPlacer,40,32,True,1.7179,-1,1,1.3594,0.7692,125.7,24,27,18
GreedyPlacer,40,33,True,1.7852,-1,1,1.4513,-0.4286,147.51,27,34,9
GreedyPlacer,40,34,True,1.5455,-1,1,1.407,0.6848,113.32,22,21,18
GreedyPlacer,40,35,True,1.9259,-1,2,2.1302,0.8167,137.71,26,30,17
GreedyPlacer,40,36,True,1.8911,-1,2,0.7872,0.7413,119.08,22,13,19
GreedyPlacer,40,37,True,1.8955,-1,3,2.0599,-0.1394,116.98,22,31,16
GreedyPlacer,40,38,True,1.6436,-1,2,1.3611,0.5035,126.77,23,19,18
GreedyPlacer,40,39,True,1.9329,-1,5,1.2431,-0.4061,134.88,24,22,16
GreedyPlacer,40,40,True,1.9401,-1,3,1.4979,0.6923,120.74,22,23,24
GreedyPlacer,40,41,True,1.8467,-1,6,0.4864,0.6154,134.52,25,14,15
GreedyPlacer,40,42,True,1.6815,-1,5,1.7275,0.0476,104.38,20,23,17
GreedyPlacer,40,43,True,1.6922,-1,2,1.5816,-0.0286,131.9,24,29,7
GreedyPlacer,40,44,True,1.8292,-1,3,1.4722,0.425,135.27,24,32,20
GreedyPlacer,40,45,True,1.8116,-1,2,0.6582,0.7147,157.1,28,18,16
GreedyPlacer,40,46,True,1.8016,-1,2,1.49,0.1538,107.67,20,22,18
GreedyPlacer,40,47,True,1.6136,-1,1,1.5296,0.55,135.42,25,37,12
GreedyPlacer,40,48,True,1.9387,-1,3,0.6259,0.5455,114.47,21,12,15
GreedyPlacer,40,49,True,1.7842,-1,4,1.7899,0.1888,132.72,24,31,19
GreedyPlacer,40,50,True,1.8199,-1,3,1.3846,0.8273,145.95,26,26,15
GreedyPlacer,40,51,True,1.8922,-1,1,1.7653,0.4462,157.4,28,32,21
GreedyPlacer,40,52,True,1.4905,-1,1,0.6275,0.6606,108.5,20,13,21
GreedyPlacer,40,53,True,1.8474,-1,2,0.7645,0.65,101.79,19,16,12
GreedyPlacer,40,54,True,1.7499,-1,1,1.6302,-0.0989,114.64,22,27,18
GreedyPlacer,40,55,True,1.8474,-1,1,1.5235,0.6667,100.89,19,20,8
GreedyPlacer,40,56,True,1.8411,-1,4,1.1468,0.6242,152.03,27,28,19
GreedyPlacer,40,57,True,1.9054,-1,4,1.2209,0.1748,152.46,27,26,21
GreedyPlacer,40,58,True,1.7132,-1,2,1.1773,0.4825,156.3,28,29,23
GreedyPlacer,40,59,True,1.6021,-1,2,1.6033,0.8333,114.56,22,18,11
GreedyPlacer,40,60,True,1.945,-1,3,0.6389,-0.0455,129.07,24,16,16
GreedyPlacer,40,61,True,1.5531,-1,1,0.4324,0.6121,150.11,28,19,12
GreedyPlacer,40,62,True,1.9332,-1,5,1.0015,0.4989,145.35,26,21,17
GreedyPlacer,40,63,True,1.3709,-1,2,0.8393,0.9091,121.89,23,19,11
GreedyPlacer,40,64,True,1.8878,-1,3,1.0969,0.3516,153.33,28,22,17
GreedyPlacer,40,65,True,1.922,-1,3,0.7456,0.5714,143.88,26,22,23
GreedyPlacer,40,66,True,1.8231,-1,3,1.4711,0.4091,114.96,22,28,15
GreedyPlacer,40,67,True,1.9259,-1,4,1.7692,0.2821,141.34,26,26,20
GreedyPlacer,40,68,True,1.839,-1,2,0.936,-0.1152,112.38,22,19,13
GreedyPlacer,40,69,True,1.9258,-1,5,0.9338,0.1912,116.29,23,14,25
GreedyPlacer,40,70,True,1.7639,-1,1,1.6256,0.6434,135.74,25,28,16
GreedyPlacer,40,71,True,1.8648,-1,2,1.5833,0.8364,127.77,24,24,17
GreedyPlacer,40,72,True,1.8107,-1,3,1.6,0.3455,134.92,25,30,14
GreedyPlacer,40,73,True,1.6914,-1,1,0.8276,0.7231,161.33,29,29,17
GreedyPlacer,40,74,True,1.7925,-1,2,1.7184,0.5545,130.92,25,26,19
GreedyPlacer,40,75,True,1.8337,-1,3,1.6653,0.0429,147.67,27,28,18
GreedyPlacer,40,76,True,1.815,-1,4,1.09,0.1758,106.43,20,22,14
GreedyPlacer,40,77,True,1.8132,-1,1,0.8885,0.6813,121.59,23,17,17
GreedyPlacer,40,78,True,1.994,-1,3,0.9669,0.6264,120.79,22,18,19
GreedyPlacer,40,79,True,1.8962,-1,5,0.9203,0.3929,155.94,29,26,21
GreedyPlacer,40,80,True,1.9127,-1,5,1.3802,0.3697,141.61,26,17,23
GreedyPlacer,40,81,True,1.9494,-1,4,1.4431,0.4505,147.67,27,28,23
GreedyPlacer,40,82,True,1.9056,-1,5,0.9375,0.1868,133.95,24,18,21
GreedyPlacer,40,83,True,1.8048,-1,1,0.5986,0.2571,110.36,21,18,10
GreedyPlacer,40,84,True,1.6751,-1,1,1.41,0.3333,107.86,20,26,9
GreedyPlacer,40,85,True,1.7209,-1,2,1.724,0.1,126.71,23,33,12
GreedyPlacer,40,86,True,1.7899,-1,2,1.0,0.5,117.93,22,22,13
GreedyPlacer,40,87,True,1.8503,-1,2,1.8639,0.7697,123.86,23,30,12
GreedyPlacer,40,88,True,1.7885,-1,6,0.8367,-0.0221,151.42,28,24,23
GreedyPlacer,40,89,True,1.8861,-1,3,1.7293,0.3462,141.42,26,27,22
GreedyPlacer,40,90,True,1.9035,-1,6,1.4422,0.1868,113.15,21,27,22
GreedyPlacer,40,91,True,1.8956,-1,5,1.1233,0.5515,132.49,24,23,13
GreedyPlacer,40,92,True,1.8956,-1,5,0.9097,-0.15,130.16,24,22,19
GreedyPlacer,40,93,True,1.6529,-1,1,2.1389,0.4061,127.59,24,32,17
GreedyPlacer,40,94,True,1.9505,-1,5,1.7452,0.1429,95.22,19,23,13
GreedyPlacer,40,95,True,1.5196,-1,2,0.6233,0.5636,130.28,24,17,13
GreedyPlacer,40,96,True,1.8248,-1,2,1.1634,0.2619,100.52,19,13,11
GreedyPlacer,40,97,True,1.5196,-1,1,0.7066,1.0,128.87,24,25,5
GreedyPlacer,40,98,True,1.8148,-1,1,1.1178,0.5879,113.3,22,25,13
GreedyPlacer,40,99,True,1.7272,-1,5,0.5518,0.3818,142.4,26,15,15
GreedyPlacer,40,100,True,1.8608,-1,1,2.5306,0.6727,112.49,21,30,14
GreedyPlacer,40,101,True,1.3868,-1,2,0.5816,-0.0061,128.39,24,19,12
GreedyPlacer,40,102,True,1.8922,-1,6,1.051,0.2238,157.31,28,24,23
GreedyPlacer,40,103,True,1.6922,-1,1,1.4983,0.1833,134.99,24,35,15
GreedyPlacer,40,104,True,1.8395,-1,2,0.7475,0.3697,105.72,20,19,15
GreedyPlacer,40,105,True,1.889,-1,2,0.4704,0.7902,136.97,25,16,14
GreedyPlacer,40,106,True,1.9291,-1,3,1.407,-0.042,119.37,22,23,19
GreedyPlacer,40,107,True,1.6804,-1,1,0.966,0.2448,135.85,26,19,16
GreedyPlacer,40,108,True,1.9219,-1,2,1.29,0.5429,113.74,20,18,10
GreedyPlacer,40,109,True,1.7887,-1,5,0.4528,0.4451,157.64,28,17,21
GreedyPlacer,40,110,True,1.953,-1,2,1.3772,0.4593,147.28,27,20,16
GreedyPlacer,40,111,True,1.9322,-1,7,0.9376,0.1643,144.58,25,17,19
GreedyPlacer,40,112,True,1.7231,-1,1,1.346,0.6667,151.65,29,41,11
GreedyPlacer,40,113,True,1.6574,-1,2,1.6731,0.5357,94.72,19,21,8
GreedyPlacer,40,114,True,1.7599,-1,2,0.949,0.6593,123.18,23,21,18
GreedyPlacer,40,115,True,1.8516,-1,2,2.1967,0.622,142.67,26,33,22
GreedyPlacer,40,116,True,1.9031,-1,5,1.3264,0.5734,129.43,24,22,22
GreedyPlacer,40,117,True,1.7617,-1,2,1.7824,0.4615,135.64,25,31,15
GreedyPlacer,40,118,True,1.9491,-1,4,1.4097,0.028,127.78,24,22,12
GreedyPlacer,40,119,True,1.802,-1,1,0.7648,0.5394,140.11,26,17,15
GreedyPlacer,40,120,True,1.9329,-1,3,1.1042,0.6091,128.06,24,18,18
GreedyPlacer,40,121,True,1.8834,-1,1,1.3275,0.5,107.46,20,17,8
GreedyPlacer,40,122,True,1.8788,-1,4,0.7486,0.8909,124.37,23,15,14
GreedyPlacer,40,123,True,1.8568,-1,3,1.1,0.6,108.57,20,20,7
GreedyPlacer,40,124,True,1.9111,-1,5,1.1632,0.3455,151.64,27,23,13
GreedyPlacer,40,125,True,1.837,-1,2,1.758,0.4788,120.31,23,29,12
GreedyPlacer,40,126,True,1.8618,-1,1,1.4595,0.619,152.1,27,31,11
GreedyPlacer,40,127,True,1.5713,-1,1,0.64,0.7088,138.04,25,25,15
GreedyPlacer,40,128,True,1.7639,-1,2,1.2066,0.2143,121.19,24,23,13
GreedyPlacer,40,129,True,1.8779,-1,3,1.1343,0.5,120.77,22,21,15
GreedyPlacer,40,130,True,1.7843,-1,2,0.5764,0.3364,129.42,24,14,18
GreedyPlacer,40,131,True,1.9766,-1,8,1.0446,0.2791,154.93,28,21,21
GreedyPlacer,40,132,True,1.987,-1,6,1.4816,0.3455,136.3,25,18,21
GreedyPlacer,40,133,True,1.6329,-1,1,2.0,0.75,134.07,25,40,12
GreedyPlacer,40,134,True,1.889,-1,3,1.3536,0.45,135.6,25,23,13
GreedyPlacer,40,135,True,1.9242,-1,5,1.2653,0.5175,153.77,28,32,17
GreedyPlacer,40,136,True,1.9612,-1,4,0.9246,0.3407,139.61,26,21,19
GreedyPlacer,40,137,True,1.8674,-1,3,1.7181,0.6,150.66,28,37,18
GreedyPlacer,40,138,True,1.7421,-1,1,2.5104,0.2473,122.26,23,34,19
GreedyPlacer,40,139,True,1.9878,-1,9,0.5207,0.2545,140.45,26,18,20
GreedyPlacer,40,140,True,1.9855,-1,7,2.1,0.1545,108.62,20,20,19
GreedyPlacer,40,141,True,1.8475,-1,3,0.5406,0.3818,123.3,23,17,22
GreedyPlacer,40,142,True,1.8928,-1,3,0.9877,0.5357,149.23,27,24,8
GreedyPlacer,40,143,True,1.944,-1,3,2.0499,0.9333,93.91,19,20,21
GreedyPlacer,40,144,True,1.8842,-1,1,1.678,0.0714,114.76,21,25,11
GreedyPlacer,40,145,True,1.8765,-1,3,0.9172,0.2727,139.36,26,28,14
GreedyPlacer,40,146,True,1.6851,-1,2,1.2363,0.2818,123.59,23,29,15
GreedyPlacer,40,147,True,1.8742,-1,4,1.4102,-0.0091,124.36,23,29,17
GreedyPlacer,40,148,True,1.9386,-1,3,1.2099,0.0286,148.01,27,24,19
GreedyPlacer,40,149,True,1.926,-1,4,1.358,0.475,146.85,27,24,19
GreedyPlacer,40,150,True,1.8955,-1,2,0.9917,0.4818,113.86,22,20,18
GreedyPlacer,40,151,True,1.7822,-1,3,1.8,0.7381,107.13,20,20,11
GreedyPlacer,40,152,True,1.6981,-1,2,1.6671,0.2378,156.15,28,31,14
GreedyPlacer,40,153,True,1.9313,-1,6,1.0803,0.3212,97.7,19,16,17
GreedyPlacer,40,154,True,1.4227,-1,2,1.3988,0.4833,120.4,22,29,10
GreedyPlacer,40,155,True,1.8454,-1,1,1.3079,0.5934,111.68,22,29,16
GreedyPlacer,40,156,True,1.7608,-1,3,1.1429,-0.0909,107.13,21,21,13
GreedyPlacer,40,157,True,1.3673,-1,2,0.8112,0.5182,156.5,28,22,16
GreedyPlacer,40,158,True,1.6842,-1,4,0.8475,0.5,109.61,20,11,10
GreedyPlacer,40,159,True,1.8647,-1,4,1.4667,0.3294,163.26,30,30,22
GreedyPlacer,40,160,True,1.8644,-1,3,1.4329,0.3212,124.34,23,22,16
GreedyPlacer,40,161,True,1.9926,-1,6,0.9796,0.4121,154.13,28,24,19
GreedyPlacer,40,162,True,1.994,-1,4,1.4215,0.3736,116.62,22,18,24
GreedyPlacer,40,163,True,1.839,-1,4,0.812,-0.2333,114.6,22,17,19
GreedyPlacer,40,164,True,1.9035,-1,2,1.4875,0.0909,111.08,21,25,15
GreedyPlacer,40,165,True,1.0763,-1,3,0.71,0.7857,110.45,20,14,7
GreedyPlacer,40,166,True,1.8453,-1,4,1.0583,0.1209,160.41,29,26,20
GreedyPlacer,40,167,True,1.8503,-1,3,1.8223,0.035,123.36,23,18,18
GreedyPlacer,40,168,True,1.8451,-1,2,0.534,0.8833,145.62,26,17,10
GreedyPlacer,40,169,True,1.8683,-1,4,0.6056,0.1484,161.5,30,25,18
GreedyPlacer,40,170,True,1.7475,-1,4,0.9442,0.3179,119.8,22,15,23
GreedyPlacer,40,171,True,1.966,-1,3,0.8587,0.5,147.42,27,20,24
GreedyPlacer,40,172,True,1.7863,-1,3,1.6281,0.4667,114.96,22,24,14
GreedyPlacer,40,173,True,1.7179,-1,2,1.2708,0.0667,127.14,24,30,14
GreedyPlacer,40,174,True,1.6661,-1,4,0.5816,0.5636,127.13,24,13,16
GreedyPlacer,40,175,True,1.7647,-1,2,0.8616,0.9643,113.78,22,23,9
GreedyPlacer,40,176,True,1.0682,-1,0,0.8994,0.4396,139.49,26,22,14
GreedyPlacer,40,177,True,1.9108,-1,5,2.7708,-0.2033,124.82,24,30,19
GreedyPlacer,40,178,True,1.8955,-1,5,1.1343,-0.1,122.02,22,23,15
GreedyPlacer,40,179,True,1.8956,-1,2,1.1667,0.4727,131.88,24,24,18
GreedyPlacer,40,180,True,1.6412,-1,2,0.5351,0.7455,115.28,21,11,17
GreedyPlacer,40,181,True,1.839,-1,5,1.2087,0.3846,115.37,22,19,28
GreedyPlacer,40,182,True,1.6064,-1,1,0.9986,0.0699,141.13,27,26,13
GreedyPlacer,40,183,True,1.7617,-1,3,0.8256,0.5714,129.53,25,28,10
GreedyPlacer,40,184,True,1.9218,-1,4,1.25,0.044,130.62,24,24,28
GreedyPlacer,40,185,True,1.5546,-1,7,0.4844,0.7203,130.95,24,9,18
GreedyPlacer,40,186,True,1.8513,-1,4,1.5616,-0.2,138.29,25,32,14
GreedyPlacer,40,187,True,1.1982,-1,2,0.9172,0.5476,139.2,26,28,8
GreedyPlacer,40,188,True,1.7427,-1,2,0.99,0.3455,103.75,20,18,11
GreedyPlacer,40,189,True,1.75,-1,1,0.75,0.7667,128.18,24,24,13
GreedyPlacer,40,190,True,1.9127,-1,2,1.3314,0.478,133.89,26,32,20
GreedyPlacer,40,191,True,1.7813,-1,3,1.0336,-0.0545,139.12,25,27,15
GreedyPlacer,40,192,True,1.7631,-1,2,1.7707,0.5393,136.42,26,31,18
GreedyPlacer,40,193,True,1.8779,-1,2,1.2252,0.25,116.43,22,21,14
GreedyPlacer,40,194,True,1.8375,-1,3,2.3719,-0.2818,113.77,21,37,22
GreedyPlacer,40,195,True,1.8221,-1,3,1.229,0.5385,112.12,21,23,15
GreedyPlacer,40,196,True,1.7209,-1,4,1.3308,-0.6429,124.34,23,26,10
GreedyPlacer,40,197,True,1.5738,-1,1,1.2521,0.8545,92.89,19,21,13
GreedyPlacer,40,198,True,1.4847,-1,2,0.7944,0.9286,139.13,26,23,10
GreedyPlacer,40,199,True,1.7201,-1,2,0.9527,0.5175,124.66,23,18,12
GreedyPlacer,40,200,True,1.6073,-1,1,1.1553,0.0,135.27,26,21,10
GreedyPlacer,40,201,True,1.688,-1,1,0.8698,0.8242,141.54,26,20,16
GreedyPlacer,40,202,True,1.5539,-1,3,0.8202,0.3217,153.16,28,29,17
GreedyPlacer,40,203,True,1.8736,-1,2,1.3605,0.6571,102.07,21,18,14
GreedyPlacer,40,204,True,1.9561,-1,5,0.6168,0.5105,110.54,21,13,16
GreedyPlacer,40,205,True,1.7286,-1,2,0.4024,0.1758,142.63,26,14,12
GreedyPlacer,40,206,True,1.8338,-1,3,0.8889,0.3818,127.48,24,16,13
GreedyPlacer,40,207,True,1.7843,-1,3,1.8889,0.1259,130.55,24,28,14
GreedyPlacer,40,208,True,1.825,-1,2,1.526,0.4364,129.83,24,21,16
GreedyPlacer,40,209,True,1.7417,-1,2,0.6302,0.75,121.13,22,17,14
GreedyPlacer,40,210,True,1.6788,-1,1,1.3333,1.0,131.94,24,36,12
GreedyPlacer,40,211,True,1.8881,-1,5,1.0784,0.5297,138.2,25,26,22
GreedyPlacer,40,212,True,1.4153,-1,2,0.9414,0.4643,96.54,18,19,8
GreedyPlacer,40,213,True,1.7302,-1,2,1.1021,0.6429,143.41,26,23,13
GreedyPlacer,40,214,True,1.8497,-1,6,1.0989,0.4833,164.61,30,31,16
GreedyPlacer,40,215,True,1.842,-1,5,0.7541,0.5758,117.42,22,19,17
GreedyPlacer,40,216,True,1.7421,-1,2,0.7221,-0.1071,119.16,23,20,11
GreedyPlacer,40,217,True,1.839,-1,4,1.6529,0.6667,117.86,22,28,12
GreedyPlacer,40,218,True,1.6751,-1,2,1.24,0.5333,96.97,20,28,11
GreedyPlacer,40,219,True,1.5651,-1,2,1.2736,0.6374,134.32,25,23,15
GreedyPlacer,40,220,True,1.7158,-1,3,0.4375,0.0714,130.14,24,18,10
GreedyPlacer,40,221,True,1.2927,-1,2,0.9008,0.8286,116.25,22,24,6
GreedyPlacer,40,222,True,1.8703,-1,2,1.7929,0.5515,143.06,26,32,24
GreedyPlacer,40,223,True,1.7358,-1,1,1.1927,0.4788,132.08,24,27,12
GreedyPlacer,40,224,True,1.7927,-1,3,1.0617,0.5273,150.69,27,24,14
GreedyPlacer,40,225,True,1.8674,-1,2,1.3916,0.2044,153.37,28,27,19
GreedyPlacer,40,226,True,1.631,-1,3,0.7335,0.2253,126.51,23,16,20
GreedyPlacer,40,227,True,1.8238,-1,2,1.2632,0.3077,96.58,19,19,18
GreedyPlacer,40,228,True,1.75,-1,4,0.526,0.2727,130.91,24,21,16
GreedyPlacer,40,229,True,1.6743,-1,1,1.4483,0.9,109.26,22,27,11
GreedyPlacer,40,230,True,1.8049,-1,1,1.3611,0.6833,129.63,23,27,14
GreedyPlacer,40,231,True,1.2678,-1,2,0.7619,0.5,107.83,21,21,9
GreedyPlacer,40,232,True,1.497,-1,2,1.2252,0.8462,120.25,22,21,13
GreedyPlacer,40,233,True,1.987,-1,4,2.16,0.35,136.47,25,25,31
GreedyPlacer,40,234,True,1.601,-1,2,0.69,0.7,100.91,20,18,6
GreedyPlacer,40,235,True,1.922,-1,4,1.5636,0.0786,138.51,26,29,22
GreedyPlacer,40,236,True,1.5469,-1,1,0.6649,0.7333,131.37,24,19,10
GreedyPlacer,40,237,True,1.3517,-1,2,1.0269,0.4,119.71,22,25,4
GreedyPlacer,40,238,True,1.3223,-1,2,1.1338,0.9048,110.76,21,19,8
GreedyPlacer,40,239,True,1.7647,-1,4,1.0826,0.4524,118.31,22,24,12
GreedyPlacer,40,240,True,1.7427,-1,4,0.81,0.6182,104.94,20,14,19
GreedyPlacer,40,241,True,1.8292,-1,3,0.9566,0.5455,123.82,24,23,16
GreedyPlacer,40,242,True,1.6349,-1,4,0.6464,0.2448,132.87,25,14,28
GreedyPlacer,40,243,True,1.8671,-1,4,0.6776,0.6758,146.69,27,17,16
GreedyPlacer,40,244,True,1.4885,-1,4,1.3447,0.2571,143.33,26,25,19
GreedyPlacer,40,245,True,1.8956,-1,5,1.9931,0.1868,138.53,24,26,21
GreedyPlacer,40,246,True,1.8727,-1,2,1.7431,0.8667,129.56,24,26,19
GreedyPlacer,40,247,True,1.9134,-1,1,1.5692,-0.0714,98.67,21,20,14
GreedyPlacer,40,248,True,1.889,-1,3,0.7424,0.4857,140.6,25,19,26
GreedyPlacer,40,249,True,1.8097,-1,3,1.259,0.5455,121.89,23,24,13
GreedyPlacer,40,250,True,1.9911,-1,6,1.1636,-0.7212,92.73,18,17,22
GreedyPlacer,40,251,True,1.9086,-1,6,0.3979,-0.0769,148.23,26,11,24
GreedyPlacer,40,252,True,1.6692,-1,2,0.8616,0.3929,116.99,22,21,14
GreedyPlacer,40,253,True,1.8506,-1,3,1.6094,0.1049,132.16,24,21,19
GreedyPlacer,40,254,True,1.6349,-1,1,0.8093,0.2619,148.4,27,25,14
GreedyPlacer,40,255,True,1.8671,-1,4,1.6735,0.297,147.34,27,34,14
GreedyPlacer,40,256,True,1.6433,-1,1,0.8767,0.5393,157.83,30,21,16
GreedyPlacer,40,257,True,1.4942,-1,2,0.9977,0.6333,112.47,21,22,17
GreedyPlacer,40,258,True,1.9363,-1,7,1.2665,0.7182,112.86,22,17,16
GreedyPlacer,40,259,True,1.9495,-1,5,0.9008,-0.4126,117.59,22,20,19
GreedyPlacer,40,260,True,1.6692,-1,4,1.9752,-0.8571,119.26,22,32,11
GreedyPlacer,40,261,True,1.8779,-1,2,1.5372,0.0714,110.27,22,24,11
GreedyPlacer,40,262,True,1.7283,-1,5,1.7806,-0.0839,151.2,28,26,18
GreedyPlacer,40,263,True,1.7647,-1,1,0.8182,0.3714,123.2,22,22,10
GreedyPlacer,40,264,True,1.8703,-1,2,1.2249,0.1818,144.72,26,28,13
GreedyPlacer,40,265,True,1.7475,-1,3,1.3161,0.0,121.22,22,21,15
GreedyPlacer,40,266,True,1.9657,-1,6,0.7104,0.2396,136.79,25,16,22
GreedyPlacer,40,267,True,1.9134,-1,7,1.0385,-0.2132,107.69,21,19,29
GreedyPlacer,40,268,True,1.8288,-1,4,1.7181,0.4396,158.78,28,33,19
GreedyPlacer,40,269,True,1.7004,-1,3,0.9977,0.5648,113.14,21,13,19
GreedyPlacer,40,270,True,1.9329,-1,8,1.5764,0.6132,131.48,24,22,30
GreedyPlacer,40,271,True,1.8479,-1,1,1.8594,0.5,131.39,24,27,14
GreedyPlacer,40,272,True,1.6707,-1,2,1.5917,0.2912,122.91,23,20,20
GreedyPlacer,40,273,True,1.9,-1,3,1.6233,0.4505,132.41,24,25,20
GreedyPlacer,40,274,True,1.9749,-1,5,1.1296,0.4462,159.15,29,23,23
GreedyPlacer,40,275,True,1.9132,-1,3,1.4556,0.5549,122.13,23,14,16
GreedyPlacer,40,276,True,1.9457,-1,6,2.719,0.1099,118.08,22,24,19
GreedyPlacer,40,277,True,1.8779,-1,5,0.9917,0.4176,120.29,22,20,22
GreedyPlacer,40,278,True,1.5284,-1,3,0.5816,-0.0182,124.86,24,19,14
GreedyPlacer,40,279,True,1.6922,-1,2,1.0833,0.0909,126.75,24,24,12
GreedyPlacer,40,280,True,1.7605,-1,4,1.6405,0.5175,144.1,26,29,20
GreedyPlacer,40,281,True,1.6424,-1,1,1.1488,0.0091,117.33,22,26,13
GreedyPlacer,40,282,True,1.5129,-1,2,1.0,0.8727,104.71,20,20,12
GreedyPlacer,40,283,True,1.9387,-1,1,1.7415,0.6853,111.96,21,18,15
GreedyPlacer,40,284,True,1.7158,-1,3,0.6059,0.6929,151.55,28,13,20
GreedyPlacer,40,285,True,1.8073,-1,3,0.8775,0.2382,159.58,29,25,24
GreedyPlacer,40,286,True,1.4266,-1,2,0.7654,0.958,151.76,27,21,13
GreedyPlacer,40,287,True,1.7599,-1,2,1.3006,0.2378,122.75,23,18,19
GreedyPlacer,40,288,True,1.7861,-1,3,0.8733,0.8,132.92,24,23,13
GreedyPlacer,40,289,True,1.6922,-1,2,0.6042,0.3571,124.09,24,18,12
GreedyPlacer,40,290,True,1.8516,-1,6,1.2322,0.0964,145.7,26,21,27
GreedyPlacer,40,291,True,1.8286,-1,3,1.3984,0.8929,139.02,25,26,7
GreedyPlacer,40,292,True,1.6634,-1,1,1.1936,0.5944,135.92,25,27,17
GreedyPlacer,40,293,True,1.9814,-1,5,1.9501,0.4667,112.09,21,22,20
GreedyPlacer,40,294,True,1.7686,-1,2,0.9246,0.7364,148.66,27,28,13
GreedyPlacer,40,295,True,1.9103,-1,3,0.88,0.1167,138.39,25,25,16
GreedyPlacer,40,296,True,1.3788,-1,2,1.1973,0.5,113.12,21,30,3
GreedyPlacer,40,297,True,1.9749,-1,8,1.3278,-0.0545,144.74,27,25,18
GreedyPlacer,40,298,True,1.8451,-1,2,0.8121,0.467,143.05,26,19,23
GreedyPlacer,40,299,True,1.8423,-1,3,1.0944,0.7273,131.6,25,21,16
GreedyPlacer,40,300,True,1.8049,-1,1,1.172,0.9048,123.19,23,22,12
GreedyPlacer,40,301,True,1.6611,-1,1,0.812,0.4524,117.0,22,17,9
GreedyPlacer,40,302,True,1.8727,-1,3,0.8264,0.5033,131.12,24,22,24
GreedyPlacer,40,303,True,1.6474,-1,4,0.5856,0.1455,133.55,25,22,18
GreedyPlacer,40,304,True,1.7887,-1,3,0.9324,0.5315,153.02,28,19,14
GreedyPlacer,40,305,True,1.6342,-1,1,0.9172,0.7099,139.92,26,28,21
GreedyPlacer,40,306,True,1.6543,-1,1,1.3361,0.478,150.59,27,32,18
GreedyPlacer,40,307,True,1.7508,-1,2,0.6919,0.5357,128.09,23,18,21
GreedyPlacer,40,308,True,1.7901,-1,1,0.6503,0.6429,127.27,23,22,9
GreedyPlacer,40,309,True,1.529,-1,1,0.6632,-0.3214,96.74,22,19,7
GreedyPlacer,40,310,True,1.926,-1,4,0.8587,0.1818,145.09,27,20,16
GreedyPlacer,40,311,True,1.863,-1,3,0.896,-0.0857,123.02,23,20,9
GreedyPlacer,40,312,True,1.9494,-1,5,1.3333,0.1207,151.5,27,27,28
GreedyPlacer,40,313,True,1.6981,-1,1,1.1378,0.4061,149.3,28,26,12
GreedyPlacer,40,314,True,1.9589,-1,4,0.8275,0.5549,107.46,20,17,22
GreedyPlacer,40,315,True,1.7925,-1,2,0.8,0.7939,134.23,25,20,17
GreedyPlacer,40,316,True,1.8148,-1,1,0.5806,0.4667,116.38,22,15,11
GreedyPlacer,40,317,True,1.6192,-1,4,0.65,0.2,103.9,20,10,16
GreedyPlacer,40,318,True,1.842,-1,4,1.0434,0.3727,118.64,22,21,14
GreedyPlacer,40,319,True,1.944,-1,2,1.2909,0.1604,98.3,19,16,20
GreedyPlacer,40,320,True,1.8506,-1,1,1.1389,0.2867,129.74,24,28,19
GreedyPlacer,40,321,True,1.8474,-1,5,1.8172,-0.1167,97.55,19,22,15
GreedyPlacer,40,322,True,1.8834,-1,3,0.84,-0.3571,111.5,20,12,17
GreedyPlacer,40,323,True,1.6023,-1,4,0.9289,0.2167,162.04,30,22,12
GreedyPlacer,40,324,True,1.8956,-1,3,1.1389,0.3455,135.9,24,16,14
GreedyPlacer,40,325,True,1.7697,-1,2,1.2252,0.6434,111.49,22,23,15
GreedyPlacer,40,326,True,1.5319,-1,1,0.9097,0.4061,132.05,24,34,13
GreedyPlacer,40,327,True,1.9495,-1,2,1.1488,0.6485,116.96,22,18,18
GreedyPlacer,40,328,True,1.6319,-1,3,0.8099,0.5067,157.57,28,25,21
GreedyPlacer,40,329,True,1.6942,-1,2,0.9203,0.9048,156.7,29,26,8
GreedyPlacer,40,330,True,1.8788,-1,2,1.0132,0.6099,121.63,23,19,24
GreedyPlacer,40,331,True,1.6926,-1,2,1.812,0.5275,120.32,22,27,15
GreedyPlacer,40,332,True,1.8618,-1,6,1.6818,0.3566,145.08,27,31,16
GreedyPlacer,40,333,True,1.8609,-1,1,0.6391,0.5455,140.24,26,20,14
GreedyPlacer,40,334,True,1.9438,-1,4,0.6684,0.2121,153.45,28,22,13
GreedyPlacer,40,335,True,1.7793,-1,3,1.5148,0.7273,134.94,26,30,16
GreedyPlacer,40,336,True,1.8349,-1,3,0.8831,0.5143,141.9,26,27,21
GreedyPlacer,40,337,True,1.842,-1,1,1.1818,0.8881,113.33,22,22,15
GreedyPlacer,40,338,True,1.8218,-1,3,0.4554,0.3571,151.45,27,17,11
GreedyPlacer,40,339,True,1.8608,-1,2,1.7415,0.1818,106.78,21,24,18
GreedyPlacer,40,340,True,1.6692,-1,1,1.3079,0.9091,113.26,22,15,15
GreedyPlacer,40,341,True,1.9337,-1,1,1.9546,0.4615,122.51,23,24,18
GreedyPlacer,40,342,True,1.7136,-1,3,0.896,0.6,122.77,23,20,8
GreedyPlacer,40,343,True,1.835,-1,3,0.6327,0.6667,155.42,28,20,11
GreedyPlacer,40,344,True,1.6393,-1,2,1.1025,-0.6071,104.52,19,20,12
GreedyPlacer,40,345,True,1.9363,-1,3,0.9917,0.3818,114.19,22,20,13
GreedyPlacer,40,346,True,1.8648,-1,3,1.1094,0.1538,134.2,24,27,16
GreedyPlacer,40,347,True,1.7927,-1,2,1.262,0.2909,148.13,27,22,20
GreedyPlacer,40,348,True,1.9506,-1,6,0.7181,0.1529,153.96,28,19,22
GreedyPlacer,40,349,True,1.7599,-1,2,1.535,0.3497,116.77,23,27,15
GreedyPlacer,40,350,True,1.9495,-1,6,0.9669,-0.0952,105.58,22,18,14
GreedyPlacer,40,351,True,1.7339,-1,2,1.0151,0.4231,144.59,27,23,17
GreedyPlacer,40,352,True,1.6842,-1,4,0.6168,0.6643,111.8,21,13,13
GreedyPlacer,40,353,True,1.8567,-1,1,1.8533,0.042,116.42,22,29,21
GreedyPlacer,40,354,True,1.6021,-1,3,0.812,0.1909,117.38,22,17,13
GreedyPlacer,40,355,True,1.7566,-1,1,2.1376,0.6,132.98,25,33,23
GreedyPlacer,40,356,True,1.7913,-1,1,1.2,0.8322,134.94,25,20,15
GreedyPlacer,40,357,True,1.7421,-1,2,1.3875,0.3167,125.43,23,28,10
GreedyPlacer,40,358,True,1.8703,-1,4,1.6524,0.3679,141.47,26,27,21
GreedyPlacer,40,359,True,1.8783,-1,2,1.6467,0.2909,154.95,28,33,19
GreedyPlacer,40,360,True,1.6802,-1,3,0.9722,0.3571,132.56,24,20,20
GreedyPlacer,40,361,True,1.7822,-1,2,2.0275,0.5667,103.73,20,23,16
GreedyPlacer,40,362,True,1.8765,-1,4,1.0015,0.0275,145.91,26,21,23
GreedyPlacer,40,363,True,1.7475,-1,2,1.0579,0.4048,118.14,22,18,10
GreedyPlacer,40,364,True,1.7812,-1,3,1.4291,0.6396,120.75,23,16,16
GreedyPlacer,40,365,True,1.871,-1,5,1.39,-0.1394,99.97,20,22,16
GreedyPlacer,40,366,True,1.6625,-1,1,0.9931,0.0,129.19,24,26,10
GreedyPlacer,40,367,True,1.7958,-1,5,0.6161,0.5055,144.89,28,21,14
GreedyPlacer,40,368,True,1.737,-1,1,0.9984,0.5455,125.24,25,26,16
GreedyPlacer,40,369,True,1.9701,-1,3,1.4235,0.3602,154.86,28,30,24
GreedyPlacer,40,370,True,1.8375,-1,2,0.8844,0.8214,118.0,21,18,11
GreedyPlacer,40,371,True,1.9386,-1,2,1.3333,0.6471,149.35,27,27,22
GreedyPlacer,40,372,True,1.7763,-1,1,1.7687,0.5833,116.58,21,30,13
GreedyPlacer,40,373,True,1.9401,-1,3,0.6963,0.4727,118.73,22,13,21
GreedyPlacer,40,374,True,1.839,-1,1,1.4463,0.4788,118.51,22,20,12
GreedyPlacer,40,375,True,1.9218,-1,1,1.3733,0.6571,133.74,24,23,22
GreedyPlacer,40,376,True,1.8262,-1,2,0.8831,0.6727,136.08,26,27,12
GreedyPlacer,40,377,True,1.6482,-1,1,1.4875,0.1786,106.35,21,25,10
GreedyPlacer,40,378,True,1.7177,-1,1,0.9917,-0.4286,118.39,22,24,10
GreedyPlacer,40,379,True,1.8046,-1,2,1.3733,0.1648,131.71,24,25,20
GreedyPlacer,40,380,True,1.7631,-1,2,0.8417,0.5692,140.58,26,17,19
GreedyPlacer,40,381,True,1.9726,-1,4,0.5974,0.2545,125.57,23,12,16
GreedyPlacer,40,382,True,1.6153,-1,1,1.3243,0.7576,113.6,21,26,11
GreedyPlacer,40,383,True,1.3381,-1,2,1.0344,0.5152,149.84,28,27,11
GreedyPlacer,40,384,True,1.6992,-1,2,1.8336,0.5382,136.2,25,27,24
GreedyPlacer,40,385,True,1.5724,-1,1,0.8073,0.8,111.36,21,20,12
GreedyPlacer,40,386,True,1.7549,-1,2,0.7293,0.2747,137.02,26,27,19
GreedyPlacer,40,387,True,1.7884,-1,1,1.0875,0.8833,102.41,20,15,9
GreedyPlacer,40,388,True,1.7274,-1,2,1.1773,-0.2333,151.3,28,27,11
GreedyPlacer,40,389,True,1.8688,-1,2,1.1671,0.9833,155.8,28,25,14
GreedyPlacer,40,390,True,1.601,-1,4,0.34,0.9167,107.67,20,8,19
GreedyPlacer,40,391,True,1.7196,-1,3,1.4626,0.4825,93.88,19,21,15
GreedyPlacer,40,392,True,1.8674,-1,2,1.3916,0.0303,148.43,28,27,17
GreedyPlacer,40,393,True,1.6388,-1,3,0.7475,0.1879,105.89,20,19,12
GreedyPlacer,40,394,True,1.7179,-1,1,1.6233,0.5455,130.38,24,31,20
GreedyPlacer,40,395,True,1.871,-1,2,0.6925,-0.3214,99.84,19,15,9
GreedyPlacer,40,396,True,1.8467,-1,2,1.2544,0.8626,137.6,25,21,23
GreedyPlacer,40,397,True,1.7506,-1,1,2.0753,0.8182,157.42,28,33,12
GreedyPlacer,40,398,True,1.7059,-1,2,0.5953,0.0333,154.77,27,22,9
GreedyPlacer,40,399,True,1.6605,-1,1,1.68,0.3333,138.61,25,35,10
GreedyPlacer,40,400,True,1.7132,-1,6,0.5562,0.5245,141.37,26,12,22
GreedyPlacer,40,401,True,1.8503,-1,1,1.2741,0.7545,131.32,23,27,14
GreedyPlacer,40,402,True,1.9037,-1,4,1.5475,0.4833,102.58,20,19,16
GreedyPlacer,40,403,True,1.6842,-1,1,1.093,0.5167,114.65,21,22,12
GreedyPlacer,40,404,True,1.8788,-1,4,1.3006,0.8909,125.8,23,18,13
GreedyPlacer,40,405,True,1.8779,-1,3,1.7707,0.7091,117.6,22,23,12
GreedyPlacer,40,406,True,1.5546,-1,2,0.8456,0.6176,164.23,30,23,22
GreedyPlacer,40,407,True,1.7647,-1,2,1.4215,0.5604,114.97,22,26,22
GreedyPlacer,40,408,True,1.9785,-1,4,0.7825,0.5036,143.49,26,15,24
GreedyPlacer,40,409,True,1.766,-1,1,0.7398,0.6364,153.32,28,22,16
GreedyPlacer,40,410,True,1.4618,-1,2,1.8504,0.3714,102.37,19,23,6
GreedyPlacer,40,411,True,1.9322,-1,6,1.0176,0.0196,131.61,25,17,22
GreedyPlacer,40,412,True,1.8567,-1,4,1.6798,0.2967,120.39,22,23,20
GreedyPlacer,40,413,True,1.7773,-1,2,1.9097,0.035,134.29,24,22,18
GreedyPlacer,40,414,True,1.7726,-1,2,0.7826,-0.0357,122.47,23,23,9
GreedyPlacer,40,415,True,1.9494,-1,6,0.7846,0.522,146.25,27,20,19
GreedyPlacer,40,416,True,1.8371,-1,2,1.5372,0.0,116.7,22,20,12
GreedyPlacer,40,417,True,1.5734,-1,3,0.7633,0.3714,140.85,26,28,10
GreedyPlacer,40,418,True,1.9589,-1,3,0.61,0.9286,106.93,20,14,10
GreedyPlacer,40,419,True,1.4891,-1,1,0.96,0.5394,139.22,25,25,11
GreedyPlacer,40,420,True,1.8164,-1,5,0.8889,0.5,140.31,27,18,18
GreedyPlacer,40,421,True,1.9419,-1,3,1.2384,0.6679,139.03,25,24,28
GreedyPlacer,40,422,True,1.3411,-1,2,0.8182,0.4,119.6,22,22,5
GreedyPlacer,40,423,True,1.8423,-1,2,1.6,0.2727,137.8,25,20,17
GreedyPlacer,40,424,True,1.7849,-1,4,0.9977,-0.05,113.7,21,22,16
GreedyPlacer,40,425,True,1.6212,-1,1,2.1504,0.5664,129.33,25,34,16
GreedyPlacer,40,426,True,1.6707,-1,3,1.0813,0.7286,124.36,23,16,18
GreedyPlacer,40,427,True,1.842,-1,3,0.6529,0.7857,123.14,22,16,14
GreedyPlacer,40,428,True,1.5438,-1,2,1.1475,0.4182,102.56,20,21,10
GreedyPlacer,40,429,True,1.9037,-1,8,0.74,0.5594,103.94,20,12,18
GreedyPlacer,40,430,True,1.8577,-1,5,0.3275,-0.0714,103.13,20,7,17
GreedyPlacer,40,431,True,1.8255,-1,4,0.9856,-0.2,134.25,25,22,19
GreedyPlacer,40,432,True,1.8744,-1,1,0.9984,0.8545,138.73,25,24,14
GreedyPlacer,40,433,True,1.7812,-1,3,1.69,0.0667,125.07,23,30,14
GreedyPlacer,40,434,True,1.9281,-1,2,0.9893,0.6,150.27,29,26,24
GreedyPlacer,40,435,True,1.8475,-1,3,0.983,-0.4286,120.06,23,20,8
GreedyPlacer,40,436,True,1.802,-1,1,1.1538,-0.9,128.33,26,26,7
GreedyPlacer,40,437,True,1.8909,-1,4,1.2653,0.1538,109.16,21,18,18
GreedyPlacer,40,438,True,1.8064,-1,3,1.6429,0.5956,150.94,28,28,21
GreedyPlacer,40,439,True,1.8881,-1,4,2.0544,-0.0769,134.43,25,29,21
GreedyPlacer,40,440,True,1.7508,-1,4,1.0397,0.4198,126.93,23,18,19
GreedyPlacer,40,441,True,1.6726,-1,1,0.9536,0.8788,136.59,25,23,12
GreedyPlacer,40,442,True,1.8648,-1,3,1.0833,0.4091,128.09,24,24,16
GreedyPlacer,40,443,True,1.8608,-1,2,1.7052,0.4364,112.42,21,26,15
GreedyPlacer,40,444,True,1.9589,-1,4,1.4875,0.55,108.86,20,15,16
GreedyPlacer,40,445,True,1.9591,-1,3,1.3056,0.5385,130.04,24,20,20
GreedyPlacer,40,446,True,1.7666,-1,2,1.1479,0.5714,145.49,26,24,8
GreedyPlacer,40,447,True,1.9035,-1,4,1.0476,0.0909,109.34,21,21,18
GreedyPlacer,40,448,True,1.8231,-1,3,1.6033,0.3901,121.8,22,26,24
GreedyPlacer,40,449,True,1.864,-1,2,0.6529,0.5636,140.89,27,19,14
GreedyPlacer,40,450,True,1.8628,-1,3,1.3787,0.7833,110.69,21,20,12
GreedyPlacer,40,451,True,1.7492,-1,2,0.7541,0.5273,118.27,22,19,17
GreedyPlacer,40,452,True,1.6611,-1,1,0.9917,0.2143,119.43,22,24,11
GreedyPlacer,40,453,True,1.4964,-1,4,1.1296,-0.2,157.48,29,35,11
GreedyPlacer,40,454,True,1.9031,-1,2,1.276,0.5989,134.02,24,27,15
GreedyPlacer,40,455,True,1.8729,-1,2,1.1456,0.1333,139.49,25,22,17
GreedyPlacer,40,456,True,1.5535,-1,2,1.6463,0.5182,98.6,21,18,15
GreedyPlacer,40,457,True,1.8905,-1,3,2.1598,0.2797,149.76,26,36,18
GreedyPlacer,40,458,True,1.9242,-1,5,1.6671,0.4118,155.81,28,25,22
GreedyPlacer,40,459,True,1.9535,-1,6,0.72,0.2636,139.67,25,15,16
GreedyPlacer,40,460,True,1.8503,-1,4,1.2741,0.2657,119.73,23,19,14
GreedyPlacer,40,461,True,1.8473,-1,3,1.6524,-0.0505,144.57,26,25,18
GreedyPlacer,40,462,True,1.7697,-1,1,1.4545,0.6214,109.86,22,22,18
GreedyPlacer,40,463,True,1.7758,-1,2,1.2806,0.3427,155.28,28,30,14
GreedyPlacer,40,464,True,1.9678,-1,3,1.5208,0.4266,132.03,24,30,21
GreedyPlacer,40,465,True,1.9799,-1,7,0.9931,0.6484,135.04,24,14,22
GreedyPlacer,40,466,True,1.5243,-1,2,0.615,0.6,100.52,19,14,6
GreedyPlacer,40,467,True,1.8788,-1,3,1.1002,0.4091,130.8,23,19,15
GreedyPlacer,40,468,True,1.631,-1,1,1.1229,0.3916,126.61,23,21,20
GreedyPlacer,40,469,True,1.7621,-1,2,0.963,0.5727,157.63,28,29,19
GreedyPlacer,40,470,True,1.9535,-1,6,1.1104,0.0893,138.7,25,16,23
GreedyPlacer,40,471,True,1.5829,-1,2,0.7955,0.1329,117.82,22,11,20
GreedyPlacer,40,472,True,1.7492,-1,2,0.876,0.3333,112.65,22,18,19
GreedyPlacer,40,473,True,1.6388,-1,3,2.14,0.2619,104.64,20,28,12
GreedyPlacer,40,474,True,1.5204,-1,2,0.8393,0.3455,124.22,23,19,10
GreedyPlacer,40,475,True,1.805,-1,3,1.8594,0.4048,78.15,16,18,11
GreedyPlacer,40,476,True,1.9569,-1,4,1.0297,0.1703,165.02,29,27,20
GreedyPlacer,40,477,True,1.9698,-1,5,1.3161,0.3636,115.95,22,21,20
GreedyPlacer,40,478,True,1.8122,-1,3,1.3905,0.2818,119.32,22,19,16
GreedyPlacer,40,479,True,1.9132,-1,2,0.6276,0.697,121.44,23,17,18
GreedyPlacer,40,480,True,1.9261,-1,3,1.1475,0.55,109.34,20,19,15
GreedyPlacer,40,481,True,1.5618,-1,1,1.8347,0.7818,113.71,22,28,17
GreedyPlacer,40,482,True,1.9,-1,6,1.6389,-0.3333,131.43,24,28,17
GreedyPlacer,40,483,True,1.8742,-1,6,0.7713,0.5758,128.81,23,11,13
GreedyPlacer,40,484,True,1.864,-1,2,0.8093,0.8364,154.26,27,25,23
GreedyPlacer,40,485,True,1.9329,-1,4,1.1389,0.4441,136.49,24,20,23
GreedyPlacer,40,486,True,1.9153,-1,2,0.9986,0.1818,148.16,27,26,16
GreedyPlacer,40,487,True,1.8031,-1,4,1.3161,0.1879,118.34,22,23,18
GreedyPlacer,40,488,True,1.93,-1,3,2.4726,0.5667,123.82,23,30,13
GreedyPlacer,40,489,True,1.8486,-1,6,0.7848,0.1794,165.59,29,23,21
GreedyPlacer,40,490,True,1.8451,-1,3,0.8891,0.4462,141.87,26,19,18
GreedyPlacer,40,491,True,1.7935,-1,1,0.7904,0.6905,138.66,25,16,13
GreedyPlacer,40,492,True,1.958,-1,4,1.0429,-0.007,144.47,26,19,15
GreedyPlacer,40,493,True,1.9698,-1,4,0.9917,0.0952,115.59,22,20,11
GreedyPlacer,40,494,True,1.8371,-1,1,1.1508,0.6429,121.86,22,31,13
GreedyPlacer,40,495,True,1.9401,-1,2,0.876,0.6352,121.5,22,18,17
GreedyPlacer,40,496,True,1.6894,-1,3,0.9949,-0.0238,157.99,28,30,13
GreedyPlacer,40,497,True,1.9799,-1,7,0.6649,0.489,127.15,24,13,17
GreedyPlacer,40,498,True,1.6203,-1,2,1.3855,0.6434,144.83,27,31,21
GreedyPlacer,40,499,True,1.601,-1,2,0.651,0.6154,130.69,24,15,13
GreedyPlacer,40,500,True,1.7136,-1,1,0.7524,0.8788,128.32,23,19,10
GreedyPlacer,40,501,True,1.8064,-1,1,0.8916,0.2964,153.34,28,29,19
GreedyPlacer,40,502,True,1.7059,-1,2,0.8176,0.7576,140.45,27,22,14
GreedyPlacer,40,503,True,1.8113,-1,2,1.7708,0.1667,135.55,24,30,16
GreedyPlacer,40,504,True,1.9419,-1,5,1.5456,0.2582,133.52,25,28,25
GreedyPlacer,40,505,True,1.7899,-1,1,0.9917,0.5273,117.88,22,20,14
GreedyPlacer,40,506,True,1.8956,-1,4,1.4931,0.4,120.64,24,26,17
GreedyPlacer,40,507,True,1.5193,-1,3,0.5184,0.6905,136.78,25,24,11
GreedyPlacer,40,508,True,1.6515,-1,1,0.8402,0.8061,140.64,26,28,11
GreedyPlacer,40,509,True,1.7474,-1,3,1.6898,0.1545,88.0,19,25,18
GreedyPlacer,40,510,True,1.7321,-1,2,1.3032,0.6084,149.96,27,34,18
GreedyPlacer,40,511,True,1.7721,-1,1,1.0,1.0,97.28,18,18,9
GreedyPlacer,40,512,True,1.8505,-1,6,0.3813,0.4451,150.69,27,10,21
GreedyPlacer,40,513,True,1.871,-1,1,1.0526,0.7545,104.0,19,19,17
GreedyPlacer,40,514,True,1.7653,-1,3,1.1671,0.7091,160.54,28,17,15
GreedyPlacer,40,515,True,1.9713,-1,7,0.8166,0.2238,83.25,17,11,21
GreedyPlacer,40,516,True,1.9363,-1,3,0.6942,0.4895,115.9,22,18,19
GreedyPlacer,40,517,True,1.778,-1,1,1.1142,0.6,82.03,17,18,7
GreedyPlacer,40,518,True,1.839,-1,2,1.0847,0.3956,120.62,22,27,18
GreedyPlacer,40,519,True,1.7474,-1,2,1.0803,0.903,95.79,19,22,13
GreedyPlacer,40,520,True,1.8148,-1,1,1.3554,0.6615,118.28,22,24,19
GreedyPlacer,40,521,True,1.8742,-1,3,0.5595,0.5545,124.78,23,16,20
GreedyPlacer,40,522,True,1.9259,-1,2,0.7944,0.4893,141.77,26,23,27
GreedyPlacer,40,523,True,1.9808,-1,3,1.1074,0.3706,115.53,22,16,20
GreedyPlacer,40,524,True,1.6172,-1,2,0.876,0.7333,119.51,22,18,12
GreedyPlacer,40,525,True,1.2679,-1,3,0.562,0.5333,114.63,22,16,11
GreedyPlacer,40,526,True,1.7773,-1,2,1.0833,0.8531,125.99,24,24,22
GreedyPlacer,40,527,True,1.8221,-1,2,0.5079,0.3667,114.45,21,14,12
GreedyPlacer,40,528,True,1.7814,-1,2,0.7755,0.522,115.29,21,15,15
GreedyPlacer,40,529,True,1.6851,-1,1,0.862,0.6242,125.25,23,25,12
GreedyPlacer,40,530,True,1.7899,-1,4,0.812,0.1538,116.81,22,17,22
GreedyPlacer,40,531,True,1.9108,-1,3,0.9097,0.2091,127.88,24,22,18
GreedyPlacer,40,532,True,1.882,-1,5,0.7675,0.4667,119.35,23,13,19
GreedyPlacer,40,533,True,1.7296,-1,2,0.9566,0.5429,126.63,24,23,9
GreedyPlacer,40,534,True,1.969,-1,5,1.1616,0.2484,128.66,25,18,22
GreedyPlacer,40,535,True,1.9242,-1,5,1.5663,0.0909,157.38,28,26,13
GreedyPlacer,40,536,True,1.6347,-1,4,0.5562,0.0909,139.33,26,14,13
GreedyPlacer,40,537,True,1.7994,-1,1,1.4379,0.6099,143.1,26,30,18
GreedyPlacer,40,538,True,1.9037,-1,3,1.04,0.8333,100.78,20,12,12
GreedyPlacer,40,539,True,1.766,-1,2,1.3099,0.2273,150.81,28,31,13
GreedyPlacer,40,540,True,1.6994,-1,1,2.6331,-0.028,136.05,26,38,20
GreedyPlacer,40,541,True,1.5257,-1,1,1.1467,0.4965,155.0,28,37,15
GreedyPlacer,40,542,True,1.5469,-1,1,0.5399,0.5769,129.3,24,17,18
GreedyPlacer,40,543,True,1.9134,-1,2,1.9637,0.7333,112.35,21,25,13
GreedyPlacer,40,544,True,1.4412,-1,2,1.7596,0.6071,114.7,21,29,9
GreedyPlacer,40,545,True,1.7812,-1,2,1.0699,0.5364,126.24,23,26,17
GreedyPlacer,40,546,True,1.8506,-1,1,0.9931,0.4835,122.75,24,22,16
GreedyPlacer,40,547,True,1.5204,-1,2,1.3264,0.4788,128.87,24,34,13
GreedyPlacer,40,548,True,1.9561,-1,7,1.4195,0.2308,111.51,21,16,19
GreedyPlacer,40,549,True,1.8618,-1,3,1.4431,0.4357,143.84,27,28,20
GreedyPlacer,40,550,True,1.9367,-1,5,0.727,0.0769,150.49,27,19,20
GreedyPlacer,40,551,True,1.6153,-1,2,0.4354,0.7381,109.27,21,12,10
GreedyPlacer,40,552,True,1.9035,-1,4,0.8209,0.6434,107.99,21,11,16
GreedyPlacer,40,553,True,1.6136,-1,3,1.7344,0.9048,137.67,25,29,11
GreedyPlacer,40,554,True,1.5509,-1,1,1.0851,0.7619,112.87,23,24,11
GreedyPlacer,40,555,True,1.9958,-1,5,1.5047,0.5833,120.92,23,20,19
GreedyPlacer,40,556,True,1.7773,-1,3,0.7483,0.45,134.94,24,19,15
GreedyPlacer,40,557,True,1.899,-1,2,1.5014,0.3333,100.43,19,16,10
GreedyPlacer,40,558,True,1.8727,-1,3,1.1626,-0.2,86.79,17,15,9
GreedyPlacer,40,559,True,1.8779,-1,4,1.8182,0.1333,116.38,22,22,18
GreedyPlacer,40,560,True,1.7427,-1,6,0.4275,0.2363,111.36,20,7,17
GreedyPlacer,40,561,True,1.9713,-1,6,0.6597,0.2967,133.69,24,14,15
GreedyPlacer,40,562,True,1.8424,-1,2,0.7256,0.4545,110.32,21,11,18
GreedyPlacer,40,563,True,1.8834,-1,1,1.1,0.1429,97.38,20,20,12
GreedyPlacer,40,564,True,1.8861,-1,3,1.2249,0.3287,138.16,26,28,19
GreedyPlacer,40,565,True,1.9068,-1,4,0.6671,0.3167,159.78,28,17,12
GreedyPlacer,40,566,True,1.8064,-1,1,1.6161,0.4857,153.2,28,35,22
GreedyPlacer,40,567,True,1.9535,-1,4,0.9824,0.1648,141.74,25,19,21
GreedyPlacer,40,568,True,1.7965,-1,3,2.1875,0.5874,158.66,28,35,15
GreedyPlacer,40,569,True,1.6751,-1,0,1.5475,0.6242,110.25,20,29,18
GreedyPlacer,40,570,True,1.9337,-1,6,0.3138,0.4813,124.47,23,8,19
GreedyPlacer,40,571,True,1.971,-1,2,1.8475,-0.014,108.02,20,21,21
GreedyPlacer,40,572,True,1.7596,-1,3,1.4016,0.6091,139.95,25,32,13
GreedyPlacer,40,573,True,1.6982,-1,1,1.4431,0.6364,150.12,27,28,21
GreedyPlacer,40,574,True,1.6424,-1,0,1.3388,0.381,122.61,22,32,13
GreedyPlacer,40,575,True,1.815,-1,3,0.5875,0.5357,98.03,20,15,11
GreedyPlacer,40,576,True,1.9785,-1,3,1.5235,0.2727,98.9,19,18,20
GreedyPlacer,40,577,True,1.7994,-1,3,0.9601,0.2182,140.91,26,25,18
GreedyPlacer,40,578,True,1.9197,-1,2,1.3306,0.75,112.51,22,26,13
GreedyPlacer,40,579,True,1.9111,-1,5,0.9246,-0.1182,150.31,27,26,19
GreedyPlacer,40,580,True,1.8727,-1,4,0.9722,0.2727,126.53,24,16,20
GreedyPlacer,40,581,True,1.7103,-1,2,0.5824,0.3697,138.75,25,19,11
GreedyPlacer,40,582,True,1.678,-1,1,1.7784,0.7033,101.46,19,21,18
GreedyPlacer,40,583,True,1.9785,-1,3,1.3961,0.2727,98.82,19,16,21
GreedyPlacer,40,584,True,1.9491,-1,3,1.4722,0.3566,132.11,24,28,16
GreedyPlacer,40,585,True,1.7965,-1,2,0.9286,-0.0165,156.93,28,28,16
GreedyPlacer,40,586,True,1.8475,-1,4,1.3611,0.3791,124.89,23,27,18
GreedyPlacer,40,587,True,1.75,-1,2,1.2483,0.3273,129.64,24,19,15
GreedyPlacer,40,588,True,1.497,-1,2,1.876,0.4424,112.89,22,26,13
GreedyPlacer,40,589,True,1.8775,-1,2,0.5556,0.5364,167.69,30,20,13
GreedyPlacer,40,590,True,1.5574,-1,2,2.2438,0.8929,92.29,19,27,8
GreedyPlacer,40,591,True,1.7773,-1,5,1.2431,0.2091,128.11,24,22,16
GreedyPlacer,40,592,True,1.7652,-1,5,0.4599,0.2364,96.33,18,7,15
GreedyPlacer,40,593,True,1.6692,-1,2,1.2322,0.7381,137.71,26,21,13
GreedyPlacer,40,594,True,1.9532,-1,6,1.1569,0.3571,124.22,23,20,14
GreedyPlacer,40,595,True,1.8218,-1,3,1.4678,0.0659,141.49,27,35,20
GreedyPlacer,40,596,True,1.5129,-1,2,1.26,0.9429,107.68,20,24,7
GreedyPlacer,40,597,True,1.9077,-1,5,0.9669,-0.0455,118.55,22,18,19
GreedyPlacer,40,598,True,1.9035,-1,3,0.9796,0.7,115.63,21,18,20
GreedyPlacer,40,599,True,1.8503,-1,3,1.5652,0.7407,118.88,23,23,19
GreedyPlacer,40,600,True,1.8288,-1,3,1.1059,0.0636,157.38,28,27,13
GreedyPlacer,40,601,True,1.8656,-1,3,0.8225,0.8741,138.13,26,22,19
GreedyPlacer,40,602,True,1.8473,-1,3,1.6405,0.0182,135.79,26,29,12
GreedyPlacer,40,603,True,1.7738,-1,2,0.8713,0.6993,142.05,26,29,20
GreedyPlacer,40,604,True,1.7081,-1,2,0.876,0.5273,118.99,22,18,19
GreedyPlacer,40,605,True,1.9431,-1,6,0.7648,0.4583,137.28,26,17,30
GreedyPlacer,40,606,True,1.9698,-1,4,1.0579,0.1429,117.29,22,18,14
GreedyPlacer,40,607,True,1.9574,-1,3,2.0736,-0.0909,134.27,25,27,16
GreedyPlacer,40,608,True,1.9406,-1,5,0.99,0.7333,103.2,20,18,15
GreedyPlacer,40,609,True,1.6125,-1,2,1.2483,0.6154,131.59,24,29,17
GreedyPlacer,40,610,True,1.8255,-1,2,2.0224,0.5385,137.71,25,31,21
GreedyPlacer,40,611,True,1.766,-1,3,0.9475,0.9048,105.62,20,19,11
GreedyPlacer,40,612,True,1.8554,-1,3,0.5399,0.8929,119.13,24,17,12
GreedyPlacer,40,613,True,1.7631,-1,3,1.3787,0.3818,134.2,26,24,14
GreedyPlacer,40,614,True,1.7132,-1,2,0.7352,0.6703,142.29,26,19,22
GreedyPlacer,40,615,True,1.9363,-1,7,0.8533,0.1152,117.54,22,15,16
GreedyPlacer,40,616,True,1.5955,-1,1,0.963,0.9,150.7,27,27,8
GreedyPlacer,40,617,True,1.8861,-1,3,1.7456,0.5769,140.21,26,30,18
GreedyPlacer,40,618,True,1.861,-1,2,1.09,0.4121,108.61,20,18,16
GreedyPlacer,40,619,True,1.7822,-1,1,0.8475,0.7143,108.36,20,19,7
GreedyPlacer,40,620,True,1.6825,-1,2,1.2209,-0.0549,147.58,27,28,18
GreedyPlacer,40,621,True,1.9259,-1,5,0.787,0.0964,136.06,26,14,39
GreedyPlacer,40,622,True,1.7492,-1,1,1.3574,0.4,120.77,22,27,16
GreedyPlacer,40,623,True,1.8292,-1,1,0.9149,0.7818,132.95,24,19,12
GreedyPlacer,40,624,True,1.6127,-1,1,1.7211,0.8,119.53,22,27,23
GreedyPlacer,40,625,True,1.5247,-1,2,0.6056,0.7273,162.9,30,25,16
GreedyPlacer,40,626,True,1.9505,-1,4,0.9751,0.2273,100.24,19,16,19
GreedyPlacer,40,627,True,1.8875,-1,2,0.7633,0.3,143.03,26,24,22
GreedyPlacer,40,628,True,1.8955,-1,2,2.5275,0.6364,109.67,20,23,16
GreedyPlacer,40,629,True,1.8349,-1,1,1.1139,0.4048,143.47,26,27,15
GreedyPlacer,40,630,True,1.8395,-1,1,0.8475,0.6308,108.95,20,19,18
GreedyPlacer,40,631,True,1.6926,-1,1,1.6033,0.8,109.65,22,26,8
GreedyPlacer,40,632,True,1.7143,-1,2,1.9003,0.6071,99.67,19,25,11
GreedyPlacer,40,633,True,1.4003,-1,1,1.2188,0.8167,103.85,19,15,12
GreedyPlacer,40,634,True,1.8908,-1,5,1.7755,-0.1329,158.86,28,36,18
GreedyPlacer,40,635,True,1.6981,-1,1,0.7653,0.9545,159.24,28,24,11
GreedyPlacer,40,636,True,1.6645,-1,0,1.7596,0.4,129.18,21,22,14
GreedyPlacer,40,637,True,1.7822,-1,2,0.8475,0.5952,110.33,20,11,15
GreedyPlacer,40,638,True,1.9345,-1,5,1.0038,-0.1259,153.95,28,23,19
GreedyPlacer,40,639,True,1.8041,-1,4,0.6496,0.3824,136.84,25,12,27
GreedyPlacer,40,640,True,1.7666,-1,3,0.8284,0.3077,139.65,26,18,18
GreedyPlacer,40,641,True,1.7057,-1,4,0.6576,0.0952,104.22,21,16,9
GreedyPlacer,40,642,True,1.8132,-1,2,0.6654,0.7619,125.33,23,19,11
GreedyPlacer,40,643,True,1.7899,-1,1,1.562,0.4667,110.28,22,28,17
GreedyPlacer,40,644,True,1.9258,-1,7,1.5577,0.2033,125.03,23,25,16
GreedyPlacer,40,645,True,1.9814,-1,6,0.8889,0.7857,109.77,21,14,16
GreedyPlacer,40,646,True,1.5955,-1,1,1.1632,0.6429,146.18,27,31,10
GreedyPlacer,40,647,True,1.9003,-1,6,0.9136,0.65,149.18,27,21,16
GreedyPlacer,40,648,True,1.858,-1,4,1.2806,0.8167,151.68,28,26,21
GreedyPlacer,40,649,True,1.8338,-1,3,1.6094,0.3516,122.64,24,21,21
GreedyPlacer,40,650,True,1.7909,-1,3,1.1389,0.0909,130.56,24,20,13
GreedyPlacer,40,651,True,1.9698,-1,7,0.6529,0.6273,120.34,22,16,19
GreedyPlacer,40,652,True,1.9561,-1,4,1.0113,0.3846,110.85,21,17,29
GreedyPlacer,40,653,True,1.7913,-1,1,1.4816,0.75,136.92,25,32,16
GreedyPlacer,40,654,True,1.9899,-1,7,1.0399,0.3857,131.42,24,17,26
GreedyPlacer,40,655,True,1.4447,-1,1,1.3459,0.2517,119.79,23,24,15
GreedyPlacer,40,656,True,1.8503,-1,3,0.949,0.7939,121.43,23,21,12
GreedyPlacer,40,657,True,1.9127,-1,5,0.7352,0.5664,134.03,26,19,17
GreedyPlacer,40,658,True,1.723,-1,2,1.3518,0.2143,88.1,19,24,10
GreedyPlacer,40,659,True,1.6153,-1,2,1.0385,0.1071,110.13,21,26,10
GreedyPlacer,40,660,True,1.8046,-1,2,1.5764,0.4667,129.96,24,26,10
GreedyPlacer,40,661,True,1.9251,-1,4,1.7778,0.2848,94.91,18,18,16
GreedyPlacer,40,662,True,1.723,-1,2,1.7119,0.5818,98.6,19,22,13
GreedyPlacer,40,663,True,1.8609,-1,2,1.5385,0.2964,139.81,26,26,21
GreedyPlacer,40,664,True,1.994,-1,5,1.9525,0.4196,114.65,22,21,17
GreedyPlacer,40,665,True,1.7885,-1,1,1.0242,0.5868,141.89,28,25,21
GreedyPlacer,40,666,True,1.7417,-1,2,0.7273,-0.1071,114.08,22,22,17
GreedyPlacer,40,667,True,1.5328,-1,2,0.6447,0.6713,146.23,27,23,17
GreedyPlacer,40,668,True,1.8078,-1,2,0.8097,0.381,77.77,17,15,11
GreedyPlacer,40,669,True,1.7022,-1,1,0.5926,0.8333,143.34,27,18,11
GreedyPlacer,40,670,True,1.861,-1,1,2.4475,0.5879,107.97,20,21,12
GreedyPlacer,40,671,True,1.9542,-1,2,1.1765,0.6071,81.54,17,17,15
GreedyPlacer,40,672,True,1.6205,-1,1,1.4982,0.5275,153.21,29,33,17
GreedyPlacer,40,673,True,1.8765,-1,2,1.6095,0.2667,128.1,26,28,13
GreedyPlacer,40,674,True,1.9698,-1,5,1.9525,0.2659,113.03,22,23,19
GreedyPlacer,40,675,True,1.8114,-1,2,1.3308,0.1667,122.71,23,26,13
GreedyPlacer,40,676,True,1.8375,-1,3,2.0136,0.1259,100.12,21,27,20
GreedyPlacer,40,677,True,1.8973,-1,2,1.5198,0.1667,114.86,23,22,13
GreedyPlacer,40,678,True,1.6383,-1,2,1.0083,0.5515,101.81,19,15,13
GreedyPlacer,40,679,True,1.7629,-1,2,1.4815,0.0934,147.57,27,36,21
GreedyPlacer,40,680,True,1.7763,-1,2,0.9796,0.5357,109.34,21,24,12
GreedyPlacer,40,681,True,1.9103,-1,4,1.7856,0.5734,134.4,25,28,24
GreedyPlacer,40,682,True,1.889,-1,3,0.7104,0.6848,144.84,25,16,14
GreedyPlacer,40,683,True,1.5227,-1,2,1.4707,0.0182,126.12,23,25,11
GreedyPlacer,40,684,True,1.7339,-1,4,1.6077,-0.244,150.15,27,31,18
GreedyPlacer,40,685,True,1.6842,-1,0,1.39,0.7333,94.1,20,22,15
GreedyPlacer,40,686,True,1.9419,-1,2,1.76,0.2473,141.57,25,25,14
GreedyPlacer,40,687,True,1.5466,-1,2,1.2747,-0.2,87.19,18,19,4
GreedyPlacer,40,688,True,1.8016,-1,2,1.2875,0.4667,104.19,20,25,14
GreedyPlacer,40,689,True,1.871,-1,1,0.8255,0.7818,93.63,19,14,17
GreedyPlacer,40,690,True,1.7349,-1,2,1.535,0.1833,119.29,23,27,11
GreedyPlacer,40,691,True,1.4911,-1,1,0.8616,0.0,122.96,22,21,13
GreedyPlacer,40,692,True,1.4041,-1,2,1.4496,0.5758,130.2,25,38,12
GreedyPlacer,40,693,True,1.8739,-1,4,0.8989,0.2833,164.29,30,29,11
GreedyPlacer,40,694,True,1.8788,-1,4,1.1153,0.5209,116.74,23,13,23
GreedyPlacer,40,695,True,1.802,-1,2,1.8698,0.1879,134.73,26,32,15
GreedyPlacer,40,696,True,1.4708,-1,2,1.5242,0.8407,149.75,28,25,16
GreedyPlacer,40,697,True,1.7196,-1,1,2.2493,0.8727,100.77,19,29,17
GreedyPlacer,40,698,True,1.8973,-1,2,1.0624,0.2545,122.15,23,17,16
GreedyPlacer,40,699,True,1.7642,-1,4,1.7778,0.2464,89.16,18,12,26
GreedyPlacer,40,700,True,1.7848,-1,2,0.9575,-0.5429,139.8,27,25,6
GreedyPlacer,40,701,True,1.5944,-1,2,1.5208,0.2727,127.83,24,30,15
GreedyPlacer,40,702,True,1.8911,-1,6,1.2087,0.0727,118.09,22,19,16
GreedyPlacer,40,703,True,1.7424,-1,2,0.9161,0.4286,110.54,21,25,7
GreedyPlacer,40,704,True,1.8632,-1,3,1.0392,0.7034,155.44,29,24,22
GreedyPlacer,40,705,True,1.72,-1,2,1.5875,0.4857,93.65,20,25,10
GreedyPlacer,40,706,True,1.944,-1,3,1.1136,0.4545,98.1,19,15,16
GreedyPlacer,40,707,True,1.4568,-1,1,0.8347,0.903,111.26,22,16,12
GreedyPlacer,40,708,True,1.5288,-1,0,1.036,0.5182,89.2,19,24,15
GreedyPlacer,40,709,True,1.842,-1,4,0.8347,0.6455,117.06,22,16,17
GreedyPlacer,40,710,True,1.8989,-1,3,1.2366,0.5874,159.44,29,27,16
GreedyPlacer,40,711,True,1.7773,-1,3,0.8889,0.6091,126.48,24,16,17
GreedyPlacer,40,712,True,1.858,-1,3,1.6735,0.5874,148.1,28,40,20
GreedyPlacer,40,713,True,1.8973,-1,3,1.4783,0.5455,124.81,23,23,19
GreedyPlacer,40,714,True,1.6815,-1,1,0.84,0.7576,94.55,20,12,12
GreedyPlacer,40,715,True,1.6855,-1,2,1.4275,0.0714,104.99,20,27,11
GreedyPlacer,40,716,True,1.9387,-1,6,1.5692,0.7182,112.22,21,20,23
GreedyPlacer,40,717,True,1.5683,-1,1,1.6543,0.6429,87.14,18,16,9
GreedyPlacer,40,718,True,1.6692,-1,2,0.7273,0.3095,107.5,22,22,9
GreedyPlacer,40,719,True,1.8556,-1,4,1.1156,0.4066,156.43,30,34,18
GreedyPlacer,40,720,True,1.7652,-1,3,1.25,0.1429,93.69,18,21,9
GreedyPlacer,40,721,True,1.7153,-1,4,1.352,-0.028,152.32,28,26,18
GreedyPlacer,40,722,True,1.819,-1,2,0.9433,0.1636,112.67,21,19,15
GreedyPlacer,40,723,True,1.9108,-1,4,1.8056,0.0,132.03,24,20,25
GreedyPlacer,40,724,True,1.6347,-1,1,1.0784,0.5333,141.53,26,21,12
GreedyPlacer,40,725,True,1.6497,-1,0,1.562,0.4545,114.5,22,28,16
GreedyPlacer,40,726,True,1.7913,-1,1,0.9856,0.5476,133.53,25,22,10
GreedyPlacer,40,727,True,1.9547,-1,6,1.0988,-0.3714,92.79,18,16,12
GreedyPlacer,40,728,True,1.7153,-1,2,0.7936,0.9048,137.55,25,23,8
GreedyPlacer,40,729,True,1.7901,-1,2,1.172,0.7143,131.15,23,22,8
GreedyPlacer,40,730,True,1.8729,-1,4,1.5584,0.576,137.61,25,24,27
GreedyPlacer,40,731,True,1.864,-1,5,1.4566,0.1516,133.09,24,23,31
GreedyPlacer,40,732,True,1.6388,-1,4,1.06,0.2667,105.74,20,16,10
GreedyPlacer,40,733,True,1.7339,-1,3,0.4143,0.9762,153.33,27,20,10
GreedyPlacer,40,734,True,1.729,-1,1,1.8713,0.2264,145.62,26,29,16
GreedyPlacer,40,735,True,1.319,-1,0,1.1875,0.6242,108.18,20,15,12
GreedyPlacer,40,736,True,1.842,-1,4,1.0165,0.6909,112.62,22,16,20
GreedyPlacer,40,737,True,1.7381,-1,3,1.5814,0.2,140.62,26,33,16
GreedyPlacer,40,738,True,1.819,-1,3,1.6327,0.2857,115.28,21,27,13
GreedyPlacer,40,739,True,1.8411,-1,4,0.8093,-0.4643,144.65,27,25,10
GreedyPlacer,40,740,True,1.8413,-1,4,0.7778,0.4061,83.31,18,12,15
GreedyPlacer,40,741,True,1.6172,-1,2,0.9235,-0.1429,157.05,28,30,12
GreedyPlacer,40,742,True,1.8727,-1,2,2.2066,0.6167,126.78,24,31,9
GreedyPlacer,40,743,True,1.8423,-1,2,1.7216,0.2455,139.41,25,32,18
GreedyPlacer,40,744,True,1.9031,-1,5,1.026,0.1978,128.64,24,21,14
GreedyPlacer,40,745,True,1.9788,-1,5,2.2857,0.8559,153.48,28,28,30
GreedyPlacer,40,746,True,1.8199,-1,3,0.6391,0.3364,139.11,26,20,15
GreedyPlacer,40,747,True,1.9218,-1,2,1.5,0.4755,133.57,24,24,15
GreedyPlacer,40,748,True,1.7863,-1,4,0.9669,0.2168,113.78,22,18,18
GreedyPlacer,40,749,True,1.8788,-1,5,0.8885,0.1545,123.83,23,17,21
GreedyPlacer,40,750,True,1.6692,-1,3,0.7707,0.0364,115.94,22,21,18
GreedyPlacer,40,751,True,1.906,-1,1,0.8736,0.6121,132.03,25,27,13
GreedyPlacer,40,752,True,1.8742,-1,2,1.0435,0.7273,110.79,23,23,20
GreedyPlacer,40,753,True,1.206,-1,2,0.6168,0.0,114.7,21,29,2
GreedyPlacer,40,754,True,1.7901,-1,2,1.2174,0.3833,118.06,23,23,18
GreedyPlacer,40,755,True,1.8149,-1,1,1.1094,0.8418,126.49,24,27,19
GreedyPlacer,40,756,True,1.9463,-1,4,1.1879,0.6014,149.29,27,22,18
GreedyPlacer,40,757,True,1.835,-1,5,0.5038,0.8182,148.56,28,23,15
GreedyPlacer,40,758,True,1.7196,-1,4,1.5346,0.5315,98.4,19,15,24
GreedyPlacer,40,759,True,1.8286,-1,3,0.9344,0.0476,140.15,25,21,11
GreedyPlacer,40,760,True,1.7394,-1,3,1.5275,0.2,105.43,20,23,15
GreedyPlacer,40,761,True,1.6319,-1,2,0.6224,0.5214,150.38,28,24,26
GreedyPlacer,40,762,True,1.8171,-1,1,0.9856,0.4424,133.0,25,22,10
GreedyPlacer,40,763,True,1.7502,-1,2,2.1497,0.1455,111.57,21,33,16
GreedyPlacer,40,764,True,1.6707,-1,4,1.8261,0.1636,126.47,23,23,21
GreedyPlacer,40,765,True,1.693,-1,1,1.5044,0.4727,139.2,26,33,24
GreedyPlacer,40,766,True,1.8875,-1,2,0.6583,0.8352,144.06,26,19,15
GreedyPlacer,40,767,True,1.9839,-1,8,1.6989,0.6606,163.86,30,29,17
GreedyPlacer,40,768,True,1.7759,-1,2,0.8225,0.1748,133.92,26,22,15
GreedyPlacer,40,769,True,1.7749,-1,1,1.7289,0.45,158.88,29,34,19
GreedyPlacer,40,770,True,1.8129,-1,2,1.6177,0.1071,97.22,19,29,11
GreedyPlacer,40,771,True,1.7057,-1,2,1.8005,0.35,112.76,21,26,15
GreedyPlacer,40,772,True,1.9406,-1,1,1.9475,0.6,103.45,20,21,14
GreedyPlacer,40,773,True,1.6494,-1,1,0.6919,0.2273,123.46,23,18,14
GreedyPlacer,40,774,True,1.819,-1,2,1.4739,-0.3214,111.7,21,22,13
GreedyPlacer,40,775,True,1.815,-1,3,0.61,0.4364,107.07,20,14,18
GreedyPlacer,40,776,True,1.7925,-1,3,0.4322,0.4286,162.13,30,19,23
GreedyPlacer,40,777,True,1.9127,-1,3,1.3092,0.5077,137.67,26,21,23
GreedyPlacer,40,778,True,1.7855,-1,3,0.9275,-0.5714,104.06,20,17,11
GreedyPlacer,40,779,True,1.8505,-1,3,1.904,0.2448,147.92,27,31,15
GreedyPlacer,40,780,True,1.8618,-1,2,0.9575,0.7255,147.7,27,25,20
GreedyPlacer,40,781,True,1.8742,-1,2,0.9565,0.297,122.53,23,23,15
GreedyPlacer,40,782,True,1.849,-1,3,0.651,0.9333,130.62,24,15,16
GreedyPlacer,40,783,True,1.8779,-1,3,2.1983,0.1091,116.23,22,28,16
GreedyPlacer,40,784,True,1.4179,-1,0,1.407,-0.1394,115.82,22,23,14
GreedyPlacer,40,785,True,1.778,-1,3,2.1799,0.1049,85.65,17,21,18
GreedyPlacer,40,786,True,1.717,-1,3,1.2834,0.1593,104.41,21,20,24
GreedyPlacer,40,787,True,1.8671,-1,3,2.5926,0.3113,140.11,27,36,24
GreedyPlacer,40,788,True,1.342,-1,2,1.1508,-0.05,117.95,22,35,10
GreedyPlacer,40,789,True,1.9031,-1,4,2.2066,-0.2818,133.28,24,25,17
GreedyPlacer,40,790,True,1.842,-1,5,0.595,0.1958,120.73,22,14,19
GreedyPlacer,40,791,True,1.7475,-1,2,0.7541,0.1727,109.99,22,19,14
GreedyPlacer,40,792,True,1.8609,-1,3,0.9328,0.45,151.97,27,20,20
GreedyPlacer,40,793,True,1.9215,-1,2,1.3536,0.4825,139.74,25,23,20
GreedyPlacer,40,794,True,1.7153,-1,2,0.7136,0.7182,134.12,25,23,19
GreedyPlacer,40,795,True,1.6158,-1,1,1.1358,0.5944,147.98,27,21,16
GreedyPlacer,40,796,True,1.8348,-1,3,1.2622,0.2582,165.16,30,28,21
GreedyPlacer,40,797,True,1.4574,-1,1,0.7645,0.9333,104.58,19,16,9
GreedyPlacer,40,798,True,1.8956,-1,3,0.9149,0.0357,135.12,24,19,18
GreedyPlacer,40,799,True,1.983,-1,5,1.3574,0.2,115.87,22,17,23
GreedyPlacer,40,800,True,1.7763,-1,2,1.2653,0.6434,106.55,21,24,17
GreedyPlacer,40,801,True,1.5838,-1,1,0.8885,0.3571,120.84,23,29,10
GreedyPlacer,40,802,True,1.8753,-1,2,1.8025,0.5594,152.08,27,39,19
GreedyPlacer,40,803,True,1.6415,-1,1,0.5755,0.7198,160.75,29,32,16
GreedyPlacer,40,804,True,1.8608,-1,2,0.9025,0.5364,109.94,21,22,16
GreedyPlacer,40,805,True,1.7081,-1,3,1.1488,0.6485,118.59,22,18,17
GreedyPlacer,40,806,True,1.7608,-1,1,0.9796,0.6167,116.49,21,18,10
GreedyPlacer,40,807,True,1.6805,-1,1,0.6875,0.8286,100.12,20,15,8
GreedyPlacer,40,808,True,1.8648,-1,4,1.7222,0.3455,130.06,24,28,14
GreedyPlacer,40,809,True,1.6661,-1,1,1.8889,0.6485,126.6,24,32,12
GreedyPlacer,40,810,True,1.6482,-1,2,0.6746,-0.2028,135.81,26,18,20
GreedyPlacer,40,811,True,1.7394,-1,2,0.8275,1.0,104.58,20,13,4
GreedyPlacer,40,812,True,1.6474,-1,3,1.1456,0.8,136.88,25,28,15
GreedyPlacer,40,813,True,1.8464,-1,2,1.56,0.2667,99.29,20,16,16
GreedyPlacer,40,814,True,1.5829,-1,2,1.7211,0.3333,120.9,22,27,14
GreedyPlacer,40,815,True,1.7863,-1,3,1.0579,0.3497,117.07,22,18,22
GreedyPlacer,40,816,True,1.631,-1,2,0.9981,-0.2,124.3,23,22,7
GreedyPlacer,40,817,True,1.682,-1,3,1.0809,0.2657,147.14,27,20,19
GreedyPlacer,40,818,True,1.1416,-1,1,1.3254,0.8667,139.25,26,38,10
GreedyPlacer,40,819,True,1.8609,-1,4,0.8831,0.6455,146.0,26,25,23
GreedyPlacer,40,820,True,1.9547,-1,5,1.4321,0.6,88.3,18,20,15
GreedyPlacer,40,821,True,1.7525,-1,2,0.7919,0.5214,162.63,29,30,21
GreedyPlacer,40,822,True,1.9726,-1,5,1.0359,0.1364,120.04,23,21,17
GreedyPlacer,40,823,True,1.7798,-1,3,0.6648,0.25,104.76,19,11,9
GreedyPlacer,40,824,True,1.8779,-1,4,1.2645,0.4667,116.93,22,20,12
GreedyPlacer,40,825,True,1.9535,-1,4,1.44,0.6879,134.64,25,20,25
GreedyPlacer,40,826,True,1.7863,-1,6,0.9442,0.1154,119.0,22,15,17
GreedyPlacer,40,827,True,1.737,-1,3,0.8256,0.6294,134.61,25,22,20
GreedyPlacer,40,828,True,1.7136,-1,2,0.7221,0.2833,121.77,23,20,12
GreedyPlacer,40,829,True,1.8009,-1,3,0.9056,0.5804,136.62,25,28,19
GreedyPlacer,40,830,True,1.7666,-1,1,1.5917,0.4364,145.81,26,30,14
GreedyPlacer,40,831,True,1.9928,-1,5,1.7716,0.35,82.79,17,10,20
GreedyPlacer,40,832,True,1.9785,-1,5,1.3328,-0.2448,138.69,26,23,17
GreedyPlacer,40,833,True,1.8097,-1,5,0.5784,-0.0303,123.89,23,19,17
GreedyPlacer,40,834,True,1.6661,-1,1,2.0399,0.6727,128.73,24,31,16
GreedyPlacer,40,835,True,1.8464,-1,1,0.5275,0.7,102.51,20,13,11
GreedyPlacer,40,836,True,1.7687,-1,2,0.8933,0.4048,171.58,30,24,11
GreedyPlacer,40,837,True,1.6412,-1,2,1.229,0.2,108.23,21,19,15
GreedyPlacer,40,838,True,1.7925,-1,2,1.4336,0.6264,130.39,25,23,16
GreedyPlacer,40,839,True,1.8727,-1,2,1.0035,0.3095,80.72,17,13,14
GreedyPlacer,40,840,True,1.9687,-1,8,0.9727,-0.028,148.68,29,20,18
GreedyPlacer,40,841,True,1.7994,-1,1,0.6938,0.7273,141.0,26,21,14
GreedyPlacer,40,842,True,1.816,-1,8,0.7041,0.2396,150.05,28,20,24
GreedyPlacer,40,843,True,1.8788,-1,3,0.6616,0.619,126.08,23,15,11
GreedyPlacer,40,844,True,1.7843,-1,3,1.7222,0.4182,134.8,24,28,21
GreedyPlacer,40,845,True,1.8248,-1,1,1.6288,0.6727,100.95,19,18,14
GreedyPlacer,40,846,True,1.9133,-1,2,1.36,0.4545,154.82,25,20,18
GreedyPlacer,40,847,True,1.9561,-1,2,0.8163,0.3571,122.33,21,12,19
GreedyPlacer,40,848,True,1.8842,-1,4,1.551,0.119,107.87,21,18,14
GreedyPlacer,40,849,True,1.6388,-1,1,2.4475,0.0857,108.24,20,29,7
GreedyPlacer,40,850,True,1.9322,-1,4,1.4336,0.5382,134.66,25,23,26
GreedyPlacer,40,851,True,1.7599,-1,2,1.5198,0.2143,126.96,23,24,12
GreedyPlacer,40,852,True,1.7358,-1,2,1.2431,0.297,131.99,24,22,12
GreedyPlacer,40,853,True,1.9347,-1,7,0.5079,-0.2143,101.51,21,14,14
GreedyPlacer,40,854,True,1.7739,-1,1,0.9056,0.3167,136.36,25,28,13
GreedyPlacer,40,855,True,1.8779,-1,3,1.407,0.2167,116.14,22,23,13
GreedyPlacer,40,856,True,1.6909,-1,1,1.6327,0.4909,110.67,21,27,14
GreedyPlacer,40,857,True,1.8703,-1,2,1.4867,0.0629,142.08,26,29,14
GreedyPlacer,40,858,True,1.7464,-1,4,0.8481,-0.1515,111.76,21,19,15
GreedyPlacer,40,859,True,1.7345,-1,1,0.69,0.2909,109.3,20,18,14
GreedyPlacer,40,860,True,1.2072,-1,1,0.8864,0.75,119.41,22,33,9
GreedyPlacer,40,861,True,1.8973,-1,3,1.4102,0.6091,124.77,23,17,16
GreedyPlacer,40,862,True,1.7773,-1,5,0.8056,0.4242,123.11,24,16,20
GreedyPlacer,40,863,True,1.9037,-1,4,0.8875,0.7143,105.88,20,15,12
GreedyPlacer,40,864,True,1.7994,-1,3,0.6169,0.5214,142.58,26,21,19
GreedyPlacer,40,865,True,1.7925,-1,1,0.9856,0.5333,142.45,25,22,13
GreedyPlacer,40,866,True,1.8262,-1,1,1.3506,0.7619,144.59,26,33,10
GreedyPlacer,40,867,True,1.9007,-1,3,2.3905,0.3697,138.82,26,36,18
GreedyPlacer,40,868,True,1.8132,-1,3,1.4707,0.2273,111.5,23,21,25
GreedyPlacer,40,869,True,1.8449,-1,5,0.7904,0.6209,134.74,25,16,22
GreedyPlacer,40,870,True,1.889,-1,2,1.5744,0.7091,135.64,25,29,14
GreedyPlacer,40,871,True,1.8628,-1,1,2.5306,0.1909,108.94,21,30,16
GreedyPlacer,40,872,True,1.6212,-1,4,0.8704,0.6783,135.49,25,16,14
GreedyPlacer,40,873,True,1.8506,-1,2,0.9097,-0.1636,131.2,24,26,15
GreedyPlacer,40,874,True,1.734,-1,2,1.2385,0.2964,148.88,28,31,28
GreedyPlacer,40,875,True,1.6529,-1,2,0.8264,0.5821,132.92,24,26,19
GreedyPlacer,40,876,True,1.9491,-1,2,1.1042,0.95,133.69,24,18,16
GreedyPlacer,40,877,True,1.5589,-1,2,1.5875,0.5714,109.47,20,25,10
GreedyPlacer,40,878,True,1.8324,-1,3,1.5385,0.3714,138.94,26,26,29
GreedyPlacer,40,879,True,1.8851,-1,1,0.7764,0.8833,150.91,27,28,17
GreedyPlacer,40,880,True,1.7899,-1,2,0.876,0.2,121.2,22,18,7
GreedyPlacer,40,881,True,1.6986,-1,2,1.3033,0.5357,146.59,26,35,8
GreedyPlacer,40,882,True,1.926,-1,3,1.5802,0.2,149.19,27,24,18
GreedyPlacer,40,883,True,1.8613,-1,3,0.8224,0.4286,129.05,25,19,15
GreedyPlacer,40,884,True,1.9698,-1,4,0.9256,0.4895,111.64,22,16,17
GreedyPlacer,40,885,True,1.9593,-1,5,1.0803,0.3571,104.71,19,16,10
GreedyPlacer,40,886,True,1.5275,-1,2,1.1962,0.8571,158.89,29,32,7
GreedyPlacer,40,887,True,1.8613,-1,2,1.2,0.9643,135.5,25,20,14
GreedyPlacer,40,888,True,1.5355,-1,1,1.1776,0.6333,136.67,25,33,13
GreedyPlacer,40,889,True,1.3788,-1,2,1.5238,0.3571,103.24,21,21,8
GreedyPlacer,40,890,True,1.7901,-1,3,1.1229,0.4091,127.76,23,21,13
GreedyPlacer,40,891,True,1.3275,-1,1,0.5595,0.6,126.4,23,16,9
GreedyPlacer,40,892,True,1.8339,-1,4,0.6391,0.1786,139.69,26,20,14
GreedyPlacer,40,893,True,1.7098,-1,2,0.5814,0.4643,144.84,26,19,10
GreedyPlacer,40,894,True,1.9506,-1,7,0.9732,0.4198,153.37,28,21,24
GreedyPlacer,40,895,True,1.9037,-1,3,1.0275,-0.1152,102.56,20,17,17
GreedyPlacer,40,896,True,1.9313,-1,2,0.9751,0.6703,96.86,19,16,24
GreedyPlacer,40,897,True,1.815,-1,3,1.06,0.2636,102.26,20,16,16
GreedyPlacer,40,898,True,1.5492,-1,2,1.5238,0.0699,111.69,21,21,14
GreedyPlacer,40,899,True,1.8129,-1,2,1.2687,0.2333,101.16,19,25,11
GreedyPlacer,40,900,True,1.7283,-1,2,0.5446,0.35,153.91,28,21,11
GreedyPlacer,40,901,True,1.7703,-1,4,1.3554,0.1929,121.83,22,24,29
GreedyPlacer,40,902,True,1.864,-1,5,1.1139,0.5412,153.63,27,22,25
GreedyPlacer,40,903,True,1.5645,-1,2,1.0397,0.381,130.81,23,28,10
GreedyPlacer,40,904,True,1.9261,-1,4,0.7475,0.6242,100.55,20,11,20
GreedyPlacer,40,905,True,1.8973,-1,2,0.8015,0.3333,117.57,23,17,14
GreedyPlacer,40,906,True,1.6749,-1,2,1.0727,-0.4182,150.82,27,28,13
GreedyPlacer,40,907,True,1.8221,-1,2,1.1701,0.2727,112.96,21,18,18
GreedyPlacer,40,908,True,1.7899,-1,1,1.3802,0.381,110.25,22,28,11
GreedyPlacer,40,909,True,1.7793,-1,3,1.3846,0.3986,142.83,26,26,16
GreedyPlacer,40,910,True,1.9463,-1,4,1.2044,0.65,148.57,27,16,21
GreedyPlacer,40,911,True,1.8924,-1,5,1.0416,-0.119,98.09,19,17,19
GreedyPlacer,40,912,True,1.8736,-1,4,1.4875,0.3736,113.2,21,17,18
GreedyPlacer,40,913,True,1.9218,-1,1,1.8316,0.503,122.2,24,29,18
GreedyPlacer,40,914,True,1.766,-1,9,0.6475,0.2657,99.47,20,11,23
GreedyPlacer,40,915,True,1.8148,-1,1,0.719,0.7619,119.5,22,20,11
GreedyPlacer,40,916,True,1.8329,-1,5,1.8549,-0.1636,100.17,21,22,13
GreedyPlacer,40,917,True,1.8449,-1,4,0.9856,-0.0198,134.33,25,22,21
GreedyPlacer,40,918,True,1.8449,-1,3,1.0144,0.5636,135.19,25,21,16
GreedyPlacer,40,919,True,1.825,-1,4,0.9427,0.7321,132.04,24,21,22
GreedyPlacer,40,920,True,1.5275,-1,2,1.0583,0.8333,162.63,29,32,11
GreedyPlacer,40,921,True,1.7274,-1,1,1.0663,0.7692,151.19,28,30,17
GreedyPlacer,40,922,True,1.678,-1,1,1.1856,0.6643,99.11,19,16,18
GreedyPlacer,40,923,True,1.9401,-1,2,1.2727,0.5879,121.72,22,22,25
GreedyPlacer,40,924,True,1.4732,-1,0,0.7092,0.75,153.88,28,30,10
GreedyPlacer,40,925,True,1.723,-1,1,1.4294,-0.6,102.45,19,23,10
GreedyPlacer,40,926,True,1.7822,-1,2,1.2875,0.3333,100.37,20,25,17
GreedyPlacer,40,927,True,1.8129,-1,1,2.2604,0.2619,96.32,19,20,13
GreedyPlacer,40,928,True,1.7492,-1,1,0.7707,0.6848,118.92,22,23,14
GreedyPlacer,40,929,True,1.8911,-1,5,0.9587,-0.1143,120.5,22,14,30
GreedyPlacer,40,930,True,1.6968,-1,1,1.3733,-0.2606,128.66,24,31,13
GreedyPlacer,40,931,True,1.8227,-1,3,0.8514,0.55,157.0,29,26,25
GreedyPlacer,40,932,True,1.2516,-1,2,1.2099,0.9762,87.54,18,20,9
GreedyPlacer,40,933,True,1.8875,-1,5,0.5562,0.1399,151.04,26,14,20
GreedyPlacer,40,934,True,1.6692,-1,2,0.6281,0.4286,120.93,22,24,10
GreedyPlacer,40,935,True,1.9713,-1,3,1.25,0.7483,128.07,24,24,23
GreedyPlacer,40,936,True,1.7814,-1,2,1.5692,-0.6429,111.51,21,22,10
GreedyPlacer,40,937,True,1.839,-1,2,1.4463,0.7364,146.35,22,24,15
GreedyPlacer,40,938,True,1.9387,-1,6,0.8163,0.225,145.76,21,12,24
GreedyPlacer,40,939,True,1.8375,-1,2,1.551,0.0714,127.43,21,24,14
GreedyPlacer,40,940,True,1.578,-1,2,1.8116,0.0857,100.88,19,26,8
GreedyPlacer,40,941,True,1.7756,-1,2,1.0583,0.3706,182.95,29,32,16
GreedyPlacer,40,942,True,1.819,-1,2,1.1882,0.5238,123.39,21,20,9
GreedyPlacer,40,943,True,1.9153,-1,3,1.8217,0.5455,152.04,27,34,21
GreedyPlacer,40,944,True,1.6645,-1,2,0.5624,0.6071,119.69,21,19,13
GreedyPlacer,40,945,True,1.3748,-1,2,0.8814,0.7143,162.18,28,39,9
GreedyPlacer,40,946,True,1.5951,-1,1,1.1875,0.5758,133.42,24,30,16
GreedyPlacer,40,947,True,1.9431,-1,4,1.8225,0.4286,144.34,26,22,20
GreedyPlacer,40,948,True,1.9247,-1,4,1.0397,0.6,122.88,23,18,20
GreedyPlacer,40,949,True,1.8004,-1,1,1.3746,0.5727,160.13,29,27,15
GreedyPlacer,40,950,True,1.8676,-1,7,1.6033,0.3909,118.94,22,26,18
GreedyPlacer,40,951,True,1.8955,-1,4,0.8347,-0.1091,121.33,22,16,15
GreedyPlacer,40,952,True,1.8727,-1,2,1.9637,0.5357,111.44,21,25,12
GreedyPlacer,40,953,True,1.7525,-1,2,0.9893,0.5524,162.19,29,32,17
GreedyPlacer,40,954,True,1.3946,-1,2,0.8099,0.8833,124.65,22,20,10
GreedyPlacer,40,955,True,1.8753,-1,3,1.369,0.556,162.5,27,26,22
GreedyPlacer,40,956,True,1.6482,-1,1,0.712,-0.5,126.37,21,20,5
GreedyPlacer,40,957,True,1.4728,-1,2,1.1488,0.6,129.22,22,26,6
GreedyPlacer,40,958,True,1.7474,-1,1,0.9972,0.8571,97.12,19,18,8
GreedyPlacer,40,959,True,1.9401,-1,1,1.6364,0.3,126.17,22,22,14
GreedyPlacer,40,960,True,1.9347,-1,3,1.229,0.2636,105.48,21,19,16
GreedyPlacer,40,961,True,1.8221,-1,1,1.8005,-0.028,116.19,21,26,19
GreedyPlacer,40,962,True,1.7935,-1,3,0.5856,-0.3167,140.84,25,22,13
GreedyPlacer,40,963,True,1.983,-1,8,1.5455,0.15,119.09,22,22,16
GreedyPlacer,40,964,True,1.864,-1,2,1.8134,0.6,162.27,27,28,19
GreedyPlacer,40,965,True,1.7766,-1,3,1.9732,0.7308,171.03,28,35,22
GreedyPlacer,40,966,True,1.945,-1,5,1.4983,0.2818,139.76,24,19,19
GreedyPlacer,40,967,True,1.9313,-1,2,1.7784,0.55,105.71,19,17,19
GreedyPlacer,40,968,True,1.9027,-1,3,1.1744,0.2835,140.68,25,29,17
GreedyPlacer,40,969,True,1.7346,-1,1,1.3361,0.65,151.02,27,32,12
GreedyPlacer,40,970,True,1.7492,-1,1,1.7025,0.6434,118.82,22,32,18
GreedyPlacer,40,971,True,1.3955,-1,0,1.31,0.4286,110.49,20,26,13
GreedyPlacer,40,972,True,1.7144,-1,2,1.358,0.3407,151.29,27,33,22
GreedyPlacer,40,973,True,1.839,-1,3,1.6529,-0.0061,114.91,22,28,23
GreedyPlacer,40,974,True,1.9574,-1,6,1.04,0.4061,135.85,25,20,13
GreedyPlacer,40,975,True,1.5319,-1,1,0.7066,0.6,138.16,24,25,11
GreedyPlacer,40,976,True,1.8449,-1,5,1.0336,0.2418,133.97,25,23,17
GreedyPlacer,40,977,True,1.9387,-1,1,0.6939,0.6071,109.53,21,18,14
GreedyPlacer,40,978,True,1.9037,-1,2,1.01,0.7167,101.05,20,14,16
GreedyPlacer,40,979,True,1.6153,-1,1,0.7707,0.3776,147.13,26,21,13
GreedyPlacer,40,980,True,1.5153,-1,1,0.8384,0.7455,135.26,25,26,11
GreedyPlacer,40,981,True,1.8727,-1,3,2.059,-0.1667,110.35,21,25,11
GreedyPlacer,40,982,True,1.8628,-1,2,2.2494,0.35,118.54,21,25,16
GreedyPlacer,40,983,True,1.601,-1,1,0.6042,0.9371,131.18,24,18,12
GreedyPlacer,40,984,True,1.6494,-1,1,0.6805,0.6545,124.85,23,13,15
GreedyPlacer,40,985,True,1.2988,-1,2,1.2899,0.993,134.67,24,23,13
GreedyPlacer,40,986,True,1.6464,-1,5,0.5079,0.1538,114.8,21,7,20
GreedyPlacer,40,987,True,1.9142,-1,3,1.9055,0.1167,122.74,23,25,10
GreedyPlacer,40,988,True,1.8578,-1,1,0.6016,0.9515,137.88,25,18,15
GreedyPlacer,40,989,True,1.7307,-1,2,1.1927,0.8167,131.39,24,27,12
GreedyPlacer,40,990,True,1.6068,-1,1,0.9529,0.8,100.77,19,25,6
GreedyPlacer,40,991,True,1.8748,-1,3,1.0255,0.1515,151.22,28,22,16
GreedyPlacer,40,992,True,1.8454,-1,2,1.1875,0.5273,156.71,28,21,13
GreedyPlacer,40,993,True,1.8148,-1,1,1.5124,0.3214,116.75,22,26,12
GreedyPlacer,40,994,True,1.9329,-1,6,1.0556,0.1678,136.26,24,16,17
GreedyPlacer,40,995,True,1.682,-1,5,1.4019,0.4615,143.2,27,25,15
GreedyPlacer,40,996,True,1.8164,-1,2,2.1015,0.2536,146.19,27,40,18
GreedyPlacer,40,997,True,1.6851,-1,1,1.2968,0.4455,128.51,23,21,14
GreedyPlacer,40,998,True,1.7822,-1,1,0.79,-0.25,101.56,20,18,14
GreedyPlacer,40,999,True,1.9313,-1,4,1.1579,0.4341,98.84,19,19,19
GreedyPlacer,50,0,True,1.962,-1,5,1.1289,0.3209,436.9,45,42,33
GreedyPlacer,50,1,True,1.8348,-1,2,1.6989,0.4341,250.39,30,31,18
GreedyPlacer,50,2,True,1.8218,-1,2,1.7763,0.5818,315.93,35,43,16
GreedyPlacer,50,3,True,1.7465,-1,6,0.9219,0.0,285.96,32,36,11
GreedyPlacer,50,4,True,1.7315,-1,5,0.8282,0.1887,379.64,42,39,25
GreedyPlacer,50,5,True,1.9013,-1,4,1.0399,0.1685,425.11,48,46,40
GreedyPlacer,50,6,True,1.8013,-1,5,1.0975,0.5643,354.53,40,38,21
GreedyPlacer,50,7,True,1.7556,-1,4,1.1074,0.5,293.26,33,24,23
GreedyPlacer,50,8,True,1.7371,-1,3,0.9835,0.0509,413.46,46,37,23
GreedyPlacer,50,9,True,1.8187,-1,4,1.0312,-0.0316,452.24,49,38,26
GreedyPlacer,50,10,True,1.8336,-1,3,0.9877,0.3132,387.92,45,40,21
GreedyPlacer,50,11,True,1.6394,-1,3,0.5375,0.556,349.37,40,30,16
GreedyPlacer,50,12,True,1.8459,-1,5,0.8915,0.45,347.41,39,36,20
GreedyPlacer,50,13,True,1.6382,-1,3,1.0359,0.5833,405.9,46,50,18
GreedyPlacer,50,14,True,1.789,-1,3,0.9717,0.3462,349.54,39,41,16
GreedyPlacer,50,15,True,1.7106,-1,2,1.61,0.6105,343.45,40,48,28
GreedyPlacer,50,16,True,1.5913,-1,2,1.0038,0.5165,389.26,43,49,20
GreedyPlacer,50,17,True,1.8148,-1,3,1.2273,0.3018,390.41,44,44,28
GreedyPlacer,50,18,True,1.8319,-1,5,1.0385,0.4308,368.66,42,38,41
GreedyPlacer,50,19,True,1.7242,-1,5,0.8269,0.3786,368.73,41,43,22
GreedyPlacer,50,20,True,1.7783,-1,4,1.1814,0.5338,373.66,42,32,25
GreedyPlacer,50,21,True,1.7916,-1,1,1.7034,0.4265,328.12,37,43,18
GreedyPlacer,50,22,True,1.6341,-1,2,0.7074,0.3758,365.72,43,38,16
GreedyPlacer,50,23,True,1.8361,-1,5,0.8927,0.239,429.99,47,40,31
GreedyPlacer,50,24,True,1.7912,-1,2,0.7126,0.4828,286.11,33,29,25
GreedyPlacer,50,25,True,1.7072,-1,3,1.2849,0.1847,288.44,35,34,25
GreedyPlacer,50,26,True,1.9054,-1,4,0.9744,0.213,341.06,39,39,28
GreedyPlacer,50,27,True,1.7779,-1,2,1.5619,0.6631,391.38,43,49,32
GreedyPlacer,50,28,True,1.7492,-1,5,0.86,0.7143,366.98,40,28,30
GreedyPlacer,50,29,True,1.6137,-1,4,1.1309,0.0368,381.47,38,37,23
GreedyPlacer,50,30,True,1.944,-1,8,1.6774,-0.0901,265.54,31,31,26
GreedyPlacer,50,31,True,1.8569,-1,5,1.4051,0.5562,386.42,41,45,35
GreedyPlacer,50,32,True,1.706,-1,2,1.3616,0.5182,430.97,44,46,17
GreedyPlacer,50,33,True,1.7184,-1,3,1.0533,0.4158,347.55,39,33,23
GreedyPlacer,50,34,True,1.7634,-1,2,1.3215,0.1273,270.92,31,32,17
GreedyPlacer,50,35,True,1.9382,-1,2,0.5763,0.6147,297.75,35,22,22
GreedyPlacer,50,36,True,1.8629,-1,4,0.8386,0.513,326.22,37,31,31
GreedyPlacer,50,37,True,1.7552,-1,2,1.0,0.6863,336.2,38,38,27
GreedyPlacer,50,38,True,1.6909,-1,2,1.0663,0.4,367.25,42,39,19
GreedyPlacer,50,39,True,1.9299,-1,5,1.2045,0.5632,355.86,39,40,29
GreedyPlacer,50,40,True,1.5549,-1,3,0.6341,0.3818,285.78,34,41,15
GreedyPlacer,50,41,True,1.8237,-1,3,1.1556,0.2735,329.73,37,40,28
GreedyPlacer,50,42,True,1.8556,-1,3,1.0989,0.4524,266.07,30,31,13
GreedyPlacer,50,43,True,1.8083,-1,5,0.9037,0.561,311.08,38,33,26
GreedyPlacer,50,44,True,1.7655,-1,3,0.9235,-0.1054,377.11,42,39,24
GreedyPlacer,50,45,True,1.8647,-1,3,1.4254,0.5532,349.43,39,43,29
GreedyPlacer,50,46,True,1.8944,-1,2,1.5235,0.4918,338.01,38,40,37
GreedyPlacer,50,47,True,1.7184,-1,2,1.2178,0.7,386.21,45,57,20
GreedyPlacer,50,48,True,1.8044,-1,4,0.9486,-0.1455,386.55,43,40,24
GreedyPlacer,50,49,True,1.788,-1,7,0.6763,-0.222,376.5,42,37,23
GreedyPlacer,50,50,True,1.6987,-1,3,0.9396,0.3857,466.63,50,51,29
GreedyPlacer,50,51,True,1.767,-1,6,0.8971,0.1255,371.05,41,38,31
GreedyPlacer,50,52,True,1.7611,-1,5,1.3123,0.686,294.19,34,25,28
GreedyPlacer,50,53,True,1.8503,-1,5,0.9699,-0.2403,386.99,45,41,36
GreedyPlacer,50,54,True,1.7978,-1,3,1.0743,0.7649,348.45,39,41,26
GreedyPlacer,50,55,True,1.904,-1,3,1.173,0.4737,287.6,34,32,28
GreedyPlacer,50,56,True,1.9178,-1,6,0.7744,0.0312,351.05,40,31,28
GreedyPlacer,50,57,True,1.6962,-1,5,0.8845,0.4376,269.06,31,24,29
GreedyPlacer,50,58,True,1.7659,-1,6,1.2148,0.3518,349.75,41,34,32
GreedyPlacer,50,59,True,1.8821,-1,4,1.3889,0.0786,321.88,36,36,31
GreedyPlacer,50,60,True,1.866,-1,4,0.9414,-0.3964,310.1,36,38,23
GreedyPlacer,50,61,True,1.7101,-1,1,1.027,0.7381,324.15,37,37,13
GreedyPlacer,50,62,True,1.7545,-1,4,1.1253,0.2912,314.79,38,35,20
GreedyPlacer,50,63,True,1.7674,-1,4,1.5372,0.6676,366.79,41,50,20
GreedyPlacer,50,64,True,1.8623,-1,5,1.1842,-0.0429,251.69,31,28,21
GreedyPlacer,50,65,True,1.3605,-1,3,0.9204,0.7036,330.84,38,39,24
GreedyPlacer,50,66,True,1.8414,-1,5,1.1187,0.4182,436.77,49,46,26
GreedyPlacer,50,67,True,1.7681,-1,5,1.3156,0.5821,387.83,44,51,31
GreedyPlacer,50,68,True,1.8962,-1,3,1.0156,0.4608,278.38,33,29,25
GreedyPlacer,50,69,True,1.8808,-1,3,1.0183,0.1575,331.61,37,30,34
GreedyPlacer,50,70,True,1.8975,-1,3,0.8954,0.4947,422.77,48,49,27
GreedyPlacer,50,71,True,1.8357,-1,5,1.6849,0.3,309.53,35,41,22
GreedyPlacer,50,72,True,1.9699,-1,6,1.1752,0.6471,318.99,36,31,21
GreedyPlacer,50,73,True,1.7549,-1,3,0.8681,0.5858,421.27,46,39,18
GreedyPlacer,50,74,True,1.9022,-1,8,0.7615,0.3421,367.74,41,27,37
GreedyPlacer,50,75,True,1.6853,-1,5,0.8005,0.0607,379.9,42,38,22
GreedyPlacer,50,76,True,1.9128,-1,7,1.3608,0.24,347.22,38,31,35
GreedyPlacer,50,77,True,1.9512,-1,5,1.2635,0.407,345.99,41,34,25
GreedyPlacer,50,78,True,1.8664,-1,6,0.7366,0.8321,377.8,43,33,24
GreedyPlacer,50,79,True,1.9918,-1,8,1.1701,0.1545,365.92,42,36,33
GreedyPlacer,50,80,True,1.5549,-1,1,1.0263,0.5736,392.85,44,53,15
GreedyPlacer,50,81,True,1.9022,-1,7,1.1327,0.2481,389.02,41,33,30
GreedyPlacer,50,82,True,1.6791,-1,4,1.0007,0.2,337.59,37,31,15
GreedyPlacer,50,83,True,1.9726,-1,5,0.9027,0.2795,400.87,47,36,37
GreedyPlacer,50,84,True,1.6226,-1,4,1.0,0.6352,243.55,32,24,18
GreedyPlacer,50,85,True,1.8486,-1,3,1.4301,0.441,329.7,38,33,32
GreedyPlacer,50,86,True,1.7316,-1,2,1.4155,0.6364,295.56,35,46,15
GreedyPlacer,50,87,True,1.8438,-1,4,0.8532,0.3375,322.21,37,33,31
GreedyPlacer,50,88,True,1.7475,-1,3,0.8267,0.3839,403.29,45,36,40
GreedyPlacer,50,89,True,1.8489,-1,5,1.4565,0.0316,315.86,37,39,28
GreedyPlacer,50,90,True,1.8161,-1,2,1.3744,0.4794,352.92,40,41,24
GreedyPlacer,50,91,True,1.7025,-1,2,1.4189,0.6794,392.84,44,49,21
GreedyPlacer,50,92,True,1.6515,-1,5,1.1671,0.5343,233.97,28,25,24
GreedyPlacer,50,93,True,1.8775,-1,5,0.9714,0.1758,320.21,35,35,26
GreedyPlacer,50,94,True,1.9137,-1,5,1.2794,-0.25,333.56,39,41,30
GreedyPlacer,50,95,True,1.981,-1,6,0.9803,0.3224,311.43,37,29,33
GreedyPlacer,50,96,True,1.6386,-1,2,1.0416,0.5393,394.38,43,40,19
GreedyPlacer,50,97,True,1.686,-1,3,0.881,0.4387,340.35,39,34,26
GreedyPlacer,50,98,True,1.8069,-1,1,1.5556,0.3971,258.45,30,40,22
GreedyPlacer,50,99,True,1.8958,-1,3,0.7875,0.6298,367.16,43,36,31
GreedyPlacer,50,100,True,1.9651,-1,7,0.9692,0.5564,366.97,43,33,29
GreedyPlacer,50,101,True,1.8264,-1,3,1.3248,0.1071,331.39,38,33,25
GreedyPlacer,50,102,True,1.9437,-1,4,1.2654,0.2034,311.22,36,32,26
GreedyPlacer,50,103,True,1.8507,-1,6,0.9675,0.1364,313.71,38,35,32
GreedyPlacer,50,104,True,1.8768,-1,5,0.8284,0.6429,435.17,47,35,21
GreedyPlacer,50,105,True,1.8968,-1,3,0.9148,0.6716,338.19,38,35,26
GreedyPlacer,50,106,True,1.6834,-1,3,1.6319,-0.2833,319.68,36,51,17
GreedyPlacer,50,107,True,1.7764,-1,1,0.9109,-0.0604,295.36,34,33,20
GreedyPlacer,50,108,True,1.6353,-1,1,0.9977,0.6848,372.1,42,44,17
GreedyPlacer,50,109,True,1.9918,-1,5,1.0731,0.4065,372.93,42,33,33
GreedyPlacer,50,110,True,1.8333,-1,6,0.9273,0.5637,306.69,34,30,23
GreedyPlacer,50,111,True,1.8323,-1,3,0.9956,-0.0559,399.2,45,48,23
GreedyPlacer,50,112,True,1.9774,-1,6,1.7647,0.6965,296.15,34,34,28
GreedyPlacer,50,113,True,1.8574,-1,4,1.1185,0.0637,368.13,42,41,25
GreedyPlacer,50,114,True,1.9661,-1,3,1.16,0.0496,370.47,41,31,31
GreedyPlacer,50,115,True,1.8966,-1,4,0.9463,0.3021,402.23,44,40,33
GreedyPlacer,50,116,True,1.6729,-1,2,1.2933,0.1636,249.25,30,24,12
GreedyPlacer,50,117,True,1.8836,-1,3,1.3228,0.2235,340.68,39,43,35
GreedyPlacer,50,118,True,1.9586,-1,5,1.0494,0.1512,353.95,41,32,34
GreedyPlacer,50,119,True,1.8274,-1,6,1.3484,-0.1341,303.58,37,39,23
GreedyPlacer,50,120,True,1.5714,-1,2,1.1433,0.4825,359.72,43,49,17
GreedyPlacer,50,121,True,1.9003,-1,4,1.4431,0.3636,242.96,27,26,16
GreedyPlacer,50,122,True,1.7617,-1,3,1.1675,0.3497,252.8,31,36,19
GreedyPlacer,50,123,True,1.7853,-1,5,1.204,0.391,396.95,44,43,28
GreedyPlacer,50,124,True,1.9313,-1,4,0.8373,0.3588,344.18,38,27,23
GreedyPlacer,50,125,True,1.6778,-1,1,1.835,0.3746,379.08,42,51,21
GreedyPlacer,50,126,True,1.8458,-1,3,1.8086,0.7143,275.26,32,46,22
GreedyPlacer,50,127,True,1.5804,-1,3,0.6756,0.2596,299.01,34,33,24
GreedyPlacer,50,128,True,1.9467,-1,4,0.7875,0.2962,373.95,43,36,29
GreedyPlacer,50,129,True,1.7763,-1,3,1.479,0.3319,367.01,42,53,22
GreedyPlacer,50,130,True,1.8351,-1,6,0.8483,0.4286,422.21,47,37,30
GreedyPlacer,50,131,True,1.8789,-1,6,0.8179,0.6495,347.82,39,28,22
GreedyPlacer,50,132,True,1.7259,-1,2,1.4706,0.6319,281.8,34,34,17
GreedyPlacer,50,133,True,1.7347,-1,2,1.2755,0.676,350.4,39,32,24
GreedyPlacer,50,134,True,1.8789,-1,5,0.9969,0.4206,308.25,36,34,26
GreedyPlacer,50,135,True,1.746,-1,2,0.74,0.4273,350.23,40,36,14
GreedyPlacer,50,136,True,1.9179,-1,6,1.0191,0.2391,352.56,39,32,30
GreedyPlacer,50,137,True,1.8779,-1,4,1.4545,0.2688,417.99,44,44,29
GreedyPlacer,50,138,True,1.905,-1,5,1.3586,0.2513,381.57,43,48,37
GreedyPlacer,50,139,True,1.4401,-1,2,0.8603,0.5209,315.93,36,35,15
GreedyPlacer,50,140,True,1.7942,-1,3,1.3302,0.5583,318.64,36,38,28
GreedyPlacer,50,141,True,1.7314,-1,1,0.6035,0.3802,269.79,31,28,14
GreedyPlacer,50,142,True,1.8886,-1,2,1.3573,0.4947,329.11,38,34,32
GreedyPlacer,50,143,True,1.6765,-1,1,2.0035,0.1735,298.39,34,42,33
GreedyPlacer,50,144,True,1.8889,-1,4,1.0827,0.2487,378.61,41,36,25
GreedyPlacer,50,145,True,1.9251,-1,4,1.2986,0.4778,314.61,36,27,25
GreedyPlacer,50,146,True,1.8216,-1,3,1.2461,0.7588,279.33,32,34,22
GreedyPlacer,50,147,True,1.6638,-1,3,1.3444,0.3211,351.52,40,47,32
GreedyPlacer,50,148,True,1.7687,-1,3,1.3656,0.4273,263.22,30,31,12
GreedyPlacer,50,149,True,1.8365,-1,4,1.2938,0.3807,426.64,47,44,24
GreedyPlacer,50,150,True,1.8125,-1,3,0.8512,0.4884,461.17,51,42,25
GreedyPlacer,50,151,True,1.7894,-1,3,0.7978,-0.125,325.3,38,30,19
GreedyPlacer,50,152,True,1.7383,-1,2,1.1479,0.4338,360.21,39,36,21
GreedyPlacer,50,153,True,1.8638,-1,3,0.8459,0.6553,324.11,37,27,26
GreedyPlacer,50,154,True,1.8073,-1,4,1.3995,0.0441,410.88,45,44,21
GreedyPlacer,50,155,True,1.8649,-1,4,1.71,0.2586,347.3,40,48,28
GreedyPlacer,50,156,True,1.7174,-1,1,1.4251,0.4597,416.78,47,46,25
GreedyPlacer,50,157,True,1.9467,-1,6,1.6475,0.0395,351.28,40,42,31
GreedyPlacer,50,158,True,1.8629,-1,5,1.0375,0.4713,340.32,40,30,32
GreedyPlacer,50,159,True,1.9078,-1,5,1.407,0.5774,382.89,44,42,36
GreedyPlacer,50,160,True,1.7714,-1,5,0.5998,0.4412,466.6,51,36,22
GreedyPlacer,50,161,True,1.8927,-1,5,0.5992,0.5648,292.23,35,29,21
GreedyPlacer,50,162,True,1.9708,-1,6,1.3542,0.2198,312.53,36,33,25
GreedyPlacer,50,163,True,1.8218,-1,3,1.5533,0.153,363.62,43,40,31
GreedyPlacer,50,164,True,1.6767,-1,3,1.4806,0.0882,398.55,46,61,19
GreedyPlacer,50,165,True,1.9073,-1,4,0.9224,0.6714,316.63,35,30,20
GreedyPlacer,50,166,True,1.9144,-1,5,1.5484,-0.1319,261.78,31,31,18
GreedyPlacer,50,167,True,1.8069,-1,1,0.8901,0.0091,287.23,34,29,15
GreedyPlacer,50,168,True,1.8143,-1,2,1.7123,0.2707,362.76,43,47,30
GreedyPlacer,50,169,True,1.8081,-1,2,1.3114,0.5549,220.32,27,31,19
GreedyPlacer,50,170,True,1.8346,-1,2,1.1053,0.4912,333.88,38,38,31
GreedyPlacer,50,171,True,1.8649,-1,3,1.2094,0.2857,320.21,40,35,24
GreedyPlacer,50,172,True,1.7704,-1,5,1.044,0.451,411.79,45,44,27
GreedyPlacer,50,173,True,1.6879,-1,1,0.9263,0.1588,413.38,46,54,18
GreedyPlacer,50,174,True,1.789,-1,7,0.5444,-0.1422,341.52,39,24,28
GreedyPlacer,50,175,True,1.8497,-1,3,1.76,0.4755,255.29,30,36,26
GreedyPlacer,50,176,True,1.8016,-1,3,0.84,-0.4,366.6,40,36,16
GreedyPlacer,50,177,True,1.764,-1,6,1.8641,0.3688,338.14,37,38,36
GreedyPlacer,50,178,True,1.8899,-1,6,0.6975,0.1805,422.5,48,29,29
GreedyPlacer,50,179,True,1.7748,-1,3,1.3531,0.6044,343.51,39,42,21
GreedyPlacer,50,180,True,1.6488,-1,4,1.3407,0.3024,288.5,33,38,22
GreedyPlacer,50,181,True,1.9023,-1,3,1.0194,0.415,364.69,40,37,29
GreedyPlacer,50,182,True,1.8182,-1,5,1.2433,-0.3186,360.41,41,40,20
GreedyPlacer,50,183,True,1.7088,-1,2,1.6361,-0.25,240.06,29,33,7
GreedyPlacer,50,184,True,1.9036,-1,4,1.2178,0.5519,443.48,49,53,31
GreedyPlacer,50,185,True,1.6736,-1,1,0.9529,0.7721,317.58,36,41,21
GreedyPlacer,50,186,True,1.8824,-1,5,1.5967,0.8077,300.18,35,33,18
GreedyPlacer,50,187,True,1.5377,-1,1,0.7666,0.297,334.3,39,41,11
GreedyPlacer,50,188,True,1.9181,-1,6,1.0137,0.5788,444.09,49,45,31
GreedyPlacer,50,189,True,1.7158,-1,5,0.8329,0.5206,437.41,48,41,26
GreedyPlacer,50,190,True,1.9329,-1,11,1.3551,0.1456,414.83,45,46,31
GreedyPlacer,50,191,True,1.8231,-1,5,1.1818,-0.4214,396.92,44,44,19
GreedyPlacer,50,192,True,1.8578,-1,7,1.3611,0.3808,441.94,49,57,23
GreedyPlacer,50,193,True,1.7852,-1,2,1.2211,0.4241,392.06,44,54,27
GreedyPlacer,50,194,True,1.918,-1,4,2.7848,0.3545,253.42,29,35,23
GreedyPlacer,50,195,True,1.7652,-1,5,1.2191,0.4324,310.3,36,34,22
GreedyPlacer,50,196,True,1.8789,-1,7,1.0764,-0.4505,324.72,36,39,26
GreedyPlacer,50,197,True,1.7425,-1,2,1.338,0.6347,331.18,38,52,24
GreedyPlacer,50,198,True,1.6792,-1,4,0.539,0.5169,355.3,41,23,34
GreedyPlacer,50,199,True,1.6295,-1,1,0.5224,0.3053,381.83,43,25,28
GreedyPlacer,50,200,True,1.9377,-1,5,0.9323,-0.156,358.54,39,31,29
GreedyPlacer,50,201,True,1.7858,-1,2,1.0321,0.6902,405.72,45,40,34
GreedyPlacer,50,202,True,1.8148,-1,6,0.6771,0.2226,388.64,43,34,31
GreedyPlacer,50,203,True,1.6945,-1,3,1.7306,-0.244,287.08,35,50,16
GreedyPlacer,50,204,True,1.8712,-1,8,1.76,-0.0115,403.26,45,51,38
GreedyPlacer,50,205,True,1.6306,-1,4,0.9,0.556,351.07,40,40,19
GreedyPlacer,50,206,True,1.7994,-1,4,1.7073,0.3879,350.0,41,41,30
GreedyPlacer,50,207,True,1.7883,-1,2,1.7992,0.3474,301.18,35,41,26
GreedyPlacer,50,208,True,1.7585,-1,2,1.8146,-0.0429,346.78,39,42,17
GreedyPlacer,50,209,True,1.8649,-1,3,0.7314,0.4464,303.3,35,28,24
GreedyPlacer,50,210,True,1.8319,-1,7,1.0255,0.2703,373.45,42,33,19
GreedyPlacer,50,211,True,1.3815,-1,2,1.1493,0.7802,358.93,41,47,14
GreedyPlacer,50,212,True,1.7459,-1,2,1.1706,0.6536,306.13,35,34,20
GreedyPlacer,50,213,True,1.6835,-1,4,0.928,0.2132,380.53,42,41,25
GreedyPlacer,50,214,True,1.8459,-1,4,0.6932,0.4191,320.11,38,33,28
GreedyPlacer,50,215,True,1.772,-1,4,1.0966,0.5425,389.52,44,33,36
GreedyPlacer,50,216,True,1.5369,-1,1,1.6821,0.5233,319.38,36,50,24
GreedyPlacer,50,217,True,1.8879,-1,5,1.1836,0.1889,431.15,48,45,27
GreedyPlacer,50,218,True,1.9785,-1,6,1.4626,0.38,334.75,38,34,31
GreedyPlacer,50,219,True,1.8159,-1,9,0.6875,0.1278,415.72,48,36,31
GreedyPlacer,50,220,True,1.7506,-1,4,1.1019,0.2265,307.19,39,38,21
GreedyPlacer,50,221,True,1.8649,-1,6,0.7244,0.2044,320.3,40,31,19
GreedyPlacer,50,222,True,1.9357,-1,3,1.2899,0.4772,430.74,48,50,30
GreedyPlacer,50,223,True,1.7552,-1,6,1.1037,0.2597,437.87,48,47,24
GreedyPlacer,50,224,True,1.6911,-1,1,0.9768,0.5466,399.74,44,43,22
GreedyPlacer,50,225,True,1.9585,-1,6,0.6516,0.5113,328.16,37,25,38
GreedyPlacer,50,226,True,1.8625,-1,4,0.9307,0.1654,334.14,38,28,30
GreedyPlacer,50,227,True,1.7776,-1,2,1.2385,0.5414,368.85,41,38,28
GreedyPlacer,50,228,True,1.8474,-1,4,1.7763,0.4985,317.64,35,43,27
GreedyPlacer,50,229,True,1.9056,-1,4,1.4167,0.3578,438.8,48,48,24
GreedyPlacer,50,230,True,1.8556,-1,7,1.5334,0.0469,374.6,42,37,38
GreedyPlacer,50,231,True,1.7816,-1,3,1.2194,0.3676,345.02,40,43,20
GreedyPlacer,50,232,True,1.9151,-1,4,1.2365,0.5113,384.98,45,41,33
GreedyPlacer,50,233,True,1.8732,-1,3,1.3178,0.549,318.07,37,40,28
GreedyPlacer,50,234,True,1.8537,-1,4,0.6136,0.475,244.86,29,21,19
GreedyPlacer,50,235,True,1.8447,-1,3,1.2944,0.3321,320.9,37,35,25
GreedyPlacer,50,236,True,1.835,-1,5,1.0211,0.2333,388.01,43,41,26
GreedyPlacer,50,237,True,1.8889,-1,3,1.109,-0.191,397.67,44,41,31
GreedyPlacer,50,238,True,1.7231,-1,7,0.8707,0.2964,357.65,42,30,31
GreedyPlacer,50,239,True,1.7869,-1,2,1.2659,-0.1382,364.31,41,39,20
GreedyPlacer,50,240,True,1.9212,-1,2,1.0,0.4485,267.46,34,34,26
GreedyPlacer,50,241,True,1.8519,-1,4,1.0094,0.2692,339.94,40,35,39
GreedyPlacer,50,242,True,1.9785,-1,5,0.9446,0.2526,302.76,34,26,33
GreedyPlacer,50,243,True,1.7468,-1,1,0.7716,0.4154,294.87,34,20,22
GreedyPlacer,50,244,True,1.9024,-1,4,0.9624,0.7234,452.94,47,41,35
GreedyPlacer,50,245,True,1.956,-1,6,1.5953,0.4882,324.42,37,31,29
GreedyPlacer,50,246,True,1.9888,-1,6,1.1944,-0.1253,355.7,40,33,26
GreedyPlacer,50,247,True,1.9861,-1,7,1.5764,0.3624,330.64,36,33,34
GreedyPlacer,50,248,True,1.8506,-1,3,1.6766,0.6553,341.53,38,45,28
GreedyPlacer,50,249,True,1.8741,-1,5,1.1875,0.3098,289.63,32,24,38
GreedyPlacer,50,250,True,1.7843,-1,7,0.8733,0.0824,440.47,48,46,23
GreedyPlacer,50,251,True,1.9313,-1,5,1.0976,0.4714,335.31,38,31,29
GreedyPlacer,50,252,True,1.8908,-1,3,0.963,0.1209,216.85,28,27,24
GreedyPlacer,50,253,True,1.9261,-1,6,0.974,-0.02,406.36,46,43,34
GreedyPlacer,50,254,True,1.5922,-1,2,1.2857,0.5956,378.27,42,42,20
GreedyPlacer,50,255,True,1.9315,-1,4,1.8543,0.3179,274.95,31,35,23
GreedyPlacer,50,256,True,1.8881,-1,4,1.0933,0.1977,407.09,45,36,34
GreedyPlacer,50,257,True,1.8982,-1,3,1.2431,0.3947,311.06,36,27,31
GreedyPlacer,50,258,True,1.7304,-1,3,0.8393,0.7623,339.77,38,36,24
GreedyPlacer,50,259,True,1.8366,-1,4,1.1616,0.7235,374.82,42,45,24
GreedyPlacer,50,260,True,1.8474,-1,5,1.6441,0.4634,309.7,35,46,29
GreedyPlacer,50,261,True,1.8905,-1,5,1.41,0.2618,330.46,38,42,25
GreedyPlacer,50,262,True,1.8154,-1,5,1.0698,0.1036,373.48,43,43,17
GreedyPlacer,50,263,True,1.9024,-1,5,0.8656,0.1954,447.33,50,44,36
GreedyPlacer,50,264,True,1.8351,-1,6,1.2678,0.2917,467.97,52,54,22
GreedyPlacer,50,265,True,1.7942,-1,5,1.4142,-0.0343,432.18,47,52,24
GreedyPlacer,50,266,True,1.8924,-1,4,0.795,0.1446,332.58,38,26,25
GreedyPlacer,50,267,True,1.809,-1,4,1.0157,0.803,396.46,43,33,31
GreedyPlacer,50,268,True,1.8264,-1,2,0.7452,0.3706,326.41,38,30,26
GreedyPlacer,50,269,True,1.7846,-1,4,1.0622,0.3143,243.27,30,32,26
GreedyPlacer,50,270,True,1.8178,-1,5,1.5468,0.5794,371.44,43,51,18
GreedyPlacer,50,271,True,1.8169,-1,4,0.9715,0.0049,423.78,47,43,30
GreedyPlacer,50,272,True,1.689,-1,2,1.0416,0.6304,327.82,38,34,29
GreedyPlacer,50,273,True,1.937,-1,5,1.1244,0.048,367.23,40,31,34
GreedyPlacer,50,274,True,1.8892,-1,7,0.6943,0.4215,401.61,45,32,45
GreedyPlacer,50,275,True,1.7144,-1,4,1.4096,-0.0143,341.37,39,40,22
GreedyPlacer,50,276,True,1.8035,-1,5,0.9254,0.3563,450.66,49,40,28
GreedyPlacer,50,277,True,1.9664,-1,6,0.6275,0.1598,352.16,40,26,35
GreedyPlacer,50,278,True,1.8503,-1,6,0.9017,0.0945,415.73,45,37,18
GreedyPlacer,50,279,True,1.8877,-1,2,0.8418,0.489,308.71,36,31,23
GreedyPlacer,50,280,True,1.7752,-1,3,0.7074,0.676,390.19,43,38,21
GreedyPlacer,50,281,True,1.9313,-1,7,1.5975,0.5042,363.39,40,42,38
GreedyPlacer,50,282,True,1.8353,-1,3,2.073,0.1971,331.91,37,51,25
GreedyPlacer,50,283,True,1.8519,-1,5,0.9344,0.2429,360.91,40,25,35
GreedyPlacer,50,284,True,1.9093,-1,6,1.2609,0.323,413.02,46,46,27
GreedyPlacer,50,285,True,1.9313,-1,7,0.81,0.375,366.49,40,28,28
GreedyPlacer,50,286,True,1.6398,-1,1,1.1719,0.475,281.4,32,36,18
GreedyPlacer,50,287,True,1.8628,-1,4,1.0765,0.2982,402.13,45,40,26
GreedyPlacer,50,288,True,1.6888,-1,1,1.2655,0.7527,381.42,43,48,19
GreedyPlacer,50,289,True,1.7421,-1,3,0.9238,0.723,449.19,49,43,23
GreedyPlacer,50,290,True,1.6064,-1,2,1.1736,0.4228,397.8,44,48,23
GreedyPlacer,50,291,True,1.9822,-1,4,0.7969,0.2316,289.09,32,20,32
GreedyPlacer,50,292,True,1.6367,-1,2,1.2893,-0.2286,384.04,43,57,22
GreedyPlacer,50,293,True,1.9048,-1,3,1.0684,0.5504,345.53,41,34,34
GreedyPlacer,50,294,True,1.7257,-1,2,1.9365,0.5113,358.29,42,56,30
GreedyPlacer,50,295,True,1.7832,-1,4,1.0059,-0.0765,456.44,47,38,32
GreedyPlacer,50,296,True,1.6768,-1,2,1.2219,0.6044,369.69,41,59,19
GreedyPlacer,50,297,True,1.8294,-1,5,1.0862,0.1893,369.06,42,32,18
GreedyPlacer,50,298,True,1.7651,-1,5,0.5744,0.5385,345.3,40,31,22
GreedyPlacer,50,299,True,1.8309,-1,6,0.7536,0.3313,374.37,44,31,22
GreedyPlacer,50,300,True,1.877,-1,6,0.7329,0.2971,355.13,41,30,27
GreedyPlacer,50,301,True,1.8007,-1,3,1.3923,-0.0505,361.13,42,50,21
GreedyPlacer,50,302,True,1.8488,-1,2,2.0065,0.5121,388.58,43,60,36
GreedyPlacer,50,303,True,1.8795,-1,7,1.4609,0.3024,348.92,39,40,34
GreedyPlacer,50,304,True,1.8433,-1,2,0.936,0.2872,408.28,44,38,27
GreedyPlacer,50,305,True,1.7849,-1,5,1.0723,0.2579,332.34,37,30,35
GreedyPlacer,50,306,True,1.7309,-1,1,0.7275,0.8167,365.35,40,34,11
GreedyPlacer,50,307,True,1.9005,-1,5,1.3617,0.3824,419.47,47,47,36
GreedyPlacer,50,308,True,1.8738,-1,4,1.4441,0.4082,423.37,47,57,31
GreedyPlacer,50,309,True,1.8762,-1,2,1.0898,0.3055,312.59,37,32,21
GreedyPlacer,50,310,True,1.742,-1,3,0.721,0.5736,374.6,41,31,22
GreedyPlacer,50,311,True,1.9062,-1,5,1.3359,-0.1187,331.04,38,35,25
GreedyPlacer,50,312,True,1.7488,-1,2,1.1669,0.3891,321.95,38,33,29
GreedyPlacer,50,313,True,1.9339,-1,5,1.2267,0.4387,425.93,45,36,33
GreedyPlacer,50,314,True,1.7689,-1,3,0.795,-0.0368,386.2,43,32,22
GreedyPlacer,50,315,True,1.791,-1,5,0.9221,0.326,377.09,41,34,30
GreedyPlacer,50,316,True,1.8547,-1,2,1.0171,0.3818,367.58,35,28,15
GreedyPlacer,50,317,True,1.5985,-1,1,1.16,0.6553,355.63,40,32,25
GreedyPlacer,50,318,True,1.8066,-1,1,1.5396,0.3187,290.93,35,37,14
GreedyPlacer,50,319,True,1.828,-1,2,1.0323,0.3357,260.75,31,31,20
GreedyPlacer,50,320,True,1.962,-1,4,1.2344,0.4241,258.47,32,28,27
GreedyPlacer,50,321,True,1.7469,-1,5,1.1224,0.694,344.51,42,36,26
GreedyPlacer,50,322,True,1.9314,-1,4,1.0165,0.4602,379.75,44,32,29
GreedyPlacer,50,323,True,1.4698,-1,2,0.7747,0.6923,306.51,36,34,18
GreedyPlacer,50,324,True,1.7194,-1,2,1.04,0.5604,358.15,40,36,24
GreedyPlacer,50,325,True,1.8158,-1,5,1.0694,0.0618,326.15,37,33,22
GreedyPlacer,50,326,True,1.7697,-1,3,1.0944,0.3404,349.81,40,33,27
GreedyPlacer,50,327,True,1.6431,-1,2,1.5886,0.5233,304.07,35,42,33
GreedyPlacer,50,328,True,1.7933,-1,4,0.5635,0.6443,392.58,44,25,34
GreedyPlacer,50,329,True,1.6736,-1,4,0.8079,0.0671,361.35,41,35,21
GreedyPlacer,50,330,True,1.7863,-1,2,2.1433,0.4418,268.08,30,39,16
GreedyPlacer,50,331,True,1.6589,-1,4,1.232,0.3383,388.09,43,42,33
GreedyPlacer,50,332,True,1.7601,-1,2,1.0044,-0.1992,378.55,45,51,30
GreedyPlacer,50,333,True,1.8188,-1,4,0.7353,0.4812,475.61,46,36,34
GreedyPlacer,50,334,True,1.5029,-1,1,0.9363,0.1,365.47,41,36,13
GreedyPlacer,50,335,True,1.9436,-1,4,0.6344,0.3667,326.46,40,25,27
GreedyPlacer,50,336,True,1.5451,-1,1,0.9981,0.5821,436.95,46,48,19
GreedyPlacer,50,337,True,1.6574,-1,5,0.6898,0.4044,382.86,38,26,18
GreedyPlacer,50,338,True,1.7736,-1,5,1.2974,0.2301,421.57,47,46,26
GreedyPlacer,50,339,True,1.6845,-1,2,1.2216,0.9455,282.41,31,29,13
GreedyPlacer,50,340,True,1.6237,-1,1,0.7831,0.833,315.48,37,38,19
GreedyPlacer,50,341,True,1.8989,-1,5,1.1289,0.1912,259.18,30,22,27
GreedyPlacer,50,342,True,1.6064,-1,2,1.0316,-0.0316,215.34,27,29,23
GreedyPlacer,50,343,True,1.8795,-1,4,1.5792,0.5666,337.23,39,35,27
GreedyPlacer,50,344,True,1.9137,-1,7,1.5358,-0.1,329.02,39,37,31
GreedyPlacer,50,345,True,1.7064,-1,2,0.9224,0.55,320.4,38,32,28
GreedyPlacer,50,346,True,1.8194,-1,1,1.989,0.544,288.41,33,45,19
GreedyPlacer,50,347,True,1.7465,-1,4,1.044,0.4324,406.63,45,46,20
GreedyPlacer,50,348,True,1.8203,-1,2,1.0833,0.6,425.34,48,48,32
GreedyPlacer,50,349,True,1.8535,-1,4,1.0816,0.7188,435.68,48,34,30
GreedyPlacer,50,350,True,1.8824,-1,4,0.9055,0.6018,435.58,46,42,37
GreedyPlacer,50,351,True,1.7585,-1,3,1.0506,0.3044,384.87,39,40,40
GreedyPlacer,50,352,True,1.7847,-1,6,1.0173,0.2523,401.22,45,35,26
GreedyPlacer,50,353,True,1.9068,-1,3,1.3636,0.3435,482.88,49,46,29
GreedyPlacer,50,354,True,1.8838,-1,6,0.5694,0.2095,334.73,40,27,26
GreedyPlacer,50,355,True,1.962,-1,3,1.6875,0.2425,274.43,32,32,26
GreedyPlacer,50,356,True,1.7128,-1,3,1.6994,-0.0559,348.55,40,51,16
GreedyPlacer,50,357,True,1.7633,-1,3,1.5372,0.3015,295.82,34,39,22
GreedyPlacer,50,358,True,1.8834,-1,4,1.0677,0.2404,395.84,44,45,29
GreedyPlacer,50,359,True,1.852,-1,2,1.8418,0.5444,313.54,36,41,26
GreedyPlacer,50,360,True,1.8518,-1,7,0.7747,0.31,448.46,49,39,27
GreedyPlacer,50,361,True,1.8516,-1,5,1.5519,0.7198,332.54,38,39,26
GreedyPlacer,50,362,True,1.971,-1,4,1.232,0.4096,385.59,43,42,43
GreedyPlacer,50,363,True,1.8817,-1,3,0.9148,0.0593,354.43,38,35,22
GreedyPlacer,50,364,True,1.8656,-1,4,1.2991,0.3233,391.7,43,36,26
GreedyPlacer,50,365,True,1.8425,-1,3,1.2803,0.493,275.89,32,31,34
GreedyPlacer,50,366,True,1.8776,-1,5,1.1381,0.4632,307.23,36,35,22
GreedyPlacer,50,367,True,1.7828,-1,3,0.9965,0.6484,297.52,34,32,22
GreedyPlacer,50,368,True,1.6256,-1,3,1.5953,0.3643,322.12,37,43,24
GreedyPlacer,50,369,True,1.7801,-1,4,0.8683,0.1692,413.24,47,44,24
GreedyPlacer,50,370,True,1.7381,-1,1,1.1177,0.4216,342.0,39,43,19
GreedyPlacer,50,371,True,1.7849,-1,5,1.7642,0.3911,382.34,43,50,31
GreedyPlacer,50,372,True,1.9519,-1,7,0.9751,-0.2089,420.51,47,33,39
GreedyPlacer,50,373,True,1.8544,-1,4,0.9354,0.5647,411.6,44,35,27
GreedyPlacer,50,374,True,1.9363,-1,5,1.8476,0.2632,310.97,33,32,25
GreedyPlacer,50,375,True,1.7313,-1,4,1.3409,0.299,387.19,41,42,18
GreedyPlacer,50,376,True,1.7508,-1,6,0.6791,0.5322,424.62,46,37,33
GreedyPlacer,50,377,True,1.8629,-1,4,0.7506,0.2631,364.95,45,35,28
GreedyPlacer,50,378,True,1.7421,-1,3,0.8858,0.3457,391.38,44,45,27
GreedyPlacer,50,379,True,1.6153,-1,4,1.0709,0.3043,373.56,42,43,29
GreedyPlacer,50,380,True,1.6548,-1,2,1.307,0.6719,348.52,39,40,25
GreedyPlacer,50,381,True,1.9326,-1,5,1.0554,0.5471,279.11,34,32,25
GreedyPlacer,50,382,True,1.8634,-1,7,0.7701,0.2859,388.0,43,34,21
GreedyPlacer,50,383,True,1.914,-1,5,2.025,0.0686,341.06,39,53,28
GreedyPlacer,50,384,True,1.633,-1,4,0.615,0.7026,341.06,38,28,37
GreedyPlacer,50,385,True,1.7485,-1,5,1.4039,0.3603,357.1,41,51,27
GreedyPlacer,50,386,True,1.8733,-1,8,1.6607,0.6059,352.66,39,42,30
GreedyPlacer,50,387,True,1.81,-1,4,1.2907,0.511,286.07,34,36,20
GreedyPlacer,50,388,True,1.8141,-1,3,0.928,0.1971,367.57,42,41,25
GreedyPlacer,50,389,True,1.8076,-1,4,0.8457,0.4529,303.4,35,28,24
GreedyPlacer,50,390,True,1.9078,-1,6,0.89,0.4468,370.34,44,31,29
GreedyPlacer,50,391,True,1.9797,-1,5,0.9224,0.7319,305.13,35,30,19
GreedyPlacer,50,392,True,1.9299,-1,6,1.1822,0.4662,402.87,45,39,44
GreedyPlacer,50,393,True,1.8997,-1,4,1.7292,-0.3059,330.38,38,45,26
GreedyPlacer,50,394,True,1.7908,-1,4,1.0596,0.2363,443.18,49,51,28
GreedyPlacer,50,395,True,1.744,-1,3,0.7495,0.3824,325.65,37,26,24
GreedyPlacer,50,396,True,1.7057,-1,3,1.0143,0.4608,392.06,45,31,41
GreedyPlacer,50,397,True,1.7583,-1,5,0.7272,0.4118,325.07,39,31,21
GreedyPlacer,50,398,True,1.9073,-1,3,1.3796,0.5429,301.03,35,30,24
GreedyPlacer,50,399,True,1.7297,-1,2,1.2042,0.5758,291.39,34,40,16
GreedyPlacer,50,400,True,1.8739,-1,3,0.8616,-0.1264,400.32,44,42,23
GreedyPlacer,50,401,True,1.9077,-1,5,0.7875,0.6026,363.81,40,30,37
GreedyPlacer,50,402,True,1.7427,-1,2,0.85,0.3912,352.84,40,40,22
GreedyPlacer,50,403,True,1.9054,-1,4,1.0743,0.3853,344.5,39,37,25
GreedyPlacer,50,404,True,1.893,-1,4,1.5586,0.5223,370.55,41,39,29
GreedyPlacer,50,405,True,1.9334,-1,3,1.2092,0.7234,367.69,42,39,27
GreedyPlacer,50,406,True,1.9018,-1,6,1.4359,0.3309,339.22,39,39,27
GreedyPlacer,50,407,True,1.9449,-1,5,1.2492,0.1484,314.36,36,35,21
GreedyPlacer,50,408,True,1.6768,-1,3,0.9108,-0.1559,430.09,47,50,24
GreedyPlacer,50,409,True,1.8661,-1,6,0.84,0.5253,350.87,41,33,20
GreedyPlacer,50,410,True,1.8351,-1,3,0.9244,0.6044,370.44,41,39,21
GreedyPlacer,50,411,True,1.8203,-1,2,0.9235,0.301,373.13,42,45,29
GreedyPlacer,50,412,True,1.7056,-1,2,1.56,-0.0945,267.2,30,36,18
GreedyPlacer,50,413,True,1.8163,-1,6,0.7562,0.2615,313.2,36,26,20
GreedyPlacer,50,414,True,1.8105,-1,2,0.7091,0.6739,402.23,45,38,26
GreedyPlacer,50,415,True,1.7714,-1,5,0.6647,-0.0515,408.51,45,38,25
GreedyPlacer,50,416,True,1.8641,-1,2,0.9344,0.2923,309.06,36,29,20
GreedyPlacer,50,417,True,1.5753,-1,2,0.9917,0.223,392.75,44,48,20
GreedyPlacer,50,418,True,1.7865,-1,6,1.311,0.0971,314.8,35,33,22
GreedyPlacer,50,419,True,1.7156,-1,2,1.4094,0.3451,362.91,40,45,17
GreedyPlacer,50,420,True,1.7899,-1,5,1.2371,0.5377,393.24,44,49,20
GreedyPlacer,50,421,True,1.8649,-1,5,1.2539,0.5143,313.85,35,33,20
GreedyPlacer,50,422,True,1.9257,-1,4,1.1765,0.5394,291.29,34,34,21
GreedyPlacer,50,423,True,1.744,-1,4,0.6998,0.5286,315.21,37,35,22
GreedyPlacer,50,424,True,1.7199,-1,4,1.2637,0.2843,330.65,37,40,30
GreedyPlacer,50,425,True,1.5711,-1,3,0.8313,0.1253,328.48,37,40,28
GreedyPlacer,50,426,True,1.9237,-1,9,1.1707,0.2953,369.66,41,41,29
GreedyPlacer,50,427,True,1.6177,-1,1,1.3361,0.5429,256.09,31,38,18
GreedyPlacer,50,428,True,1.8858,-1,3,0.9227,0.3179,250.37,29,23,28
GreedyPlacer,50,429,True,1.8081,-1,3,1.7712,0.2174,330.58,39,45,36
GreedyPlacer,50,430,True,1.9232,-1,5,0.735,0.0237,344.91,39,26,27
GreedyPlacer,50,431,True,1.6667,-1,3,1.8765,0.4071,304.98,36,40,18
GreedyPlacer,50,432,True,1.8579,-1,3,0.8167,0.1838,384.42,43,34,23
GreedyPlacer,50,433,True,1.8458,-1,2,1.75,0.7363,263.53,32,40,22
GreedyPlacer,50,434,True,1.5955,-1,4,0.5494,0.576,344.18,40,29,27
GreedyPlacer,50,435,True,1.8836,-1,3,1.1479,0.1765,342.75,39,36,29
GreedyPlacer,50,436,True,1.7532,-1,3,0.9021,0.2421,384.79,43,46,29
GreedyPlacer,50,437,True,1.7723,-1,4,0.9744,0.4583,345.81,40,41,25
GreedyPlacer,50,438,True,1.6105,-1,1,1.5571,0.6765,293.78,34,40,20
GreedyPlacer,50,439,True,1.587,-1,1,1.61,0.7622,384.33,42,46,18
GreedyPlacer,50,440,True,1.7064,-1,2,0.9564,-0.0989,337.93,38,33,23
GreedyPlacer,50,441,True,1.819,-1,5,1.093,0.6182,359.62,42,44,26
GreedyPlacer,50,442,True,1.7,-1,4,1.3744,0.5613,356.41,40,39,34
GreedyPlacer,50,443,True,1.6744,-1,1,1.5753,0.7679,245.1,28,33,17
GreedyPlacer,50,444,True,1.9439,-1,2,1.1981,0.5429,298.86,34,31,22
GreedyPlacer,50,445,True,1.7637,-1,2,1.1999,0.5868,397.62,44,41,19
GreedyPlacer,50,446,True,1.8862,-1,7,0.6994,-0.1639,359.39,40,29,27
GreedyPlacer,50,447,True,1.7052,-1,3,1.5003,0.3818,373.58,43,51,22
GreedyPlacer,50,448,True,1.8374,-1,3,1.2933,0.4393,375.81,41,50,24
GreedyPlacer,50,449,True,1.742,-1,4,0.7347,0.5362,433.12,49,28,34
GreedyPlacer,50,450,True,1.9494,-1,8,1.2267,0.2147,244.08,30,24,23
GreedyPlacer,50,451,True,1.8692,-1,4,0.5429,0.3941,393.26,44,29,31
GreedyPlacer,50,452,True,1.9532,-1,4,1.8001,0.8053,406.07,46,43,25
GreedyPlacer,50,453,True,1.8084,-1,1,1.4137,0.4812,369.25,43,46,37
GreedyPlacer,50,454,True,1.8213,-1,3,1.2014,0.7638,401.53,47,42,33
GreedyPlacer,50,455,True,1.848,-1,2,1.4509,0.0735,274.41,33,35,20
GreedyPlacer,50,456,True,1.9254,-1,9,1.3608,0.2143,333.04,38,31,28
GreedyPlacer,50,457,True,1.9489,-1,5,1.5865,0.5247,408.25,46,45,28
GreedyPlacer,50,458,True,1.9194,-1,3,1.5115,0.4961,284.72,33,35,31
GreedyPlacer,50,459,True,1.7652,-1,6,1.064,0.2722,310.91,36,31,29
GreedyPlacer,50,460,True,1.8375,-1,2,0.8192,0.7175,367.48,42,37,26
GreedyPlacer,50,461,True,1.8817,-1,4,1.2637,0.5025,322.59,37,40,24
GreedyPlacer,50,462,True,1.7446,-1,4,0.6903,0.1429,361.66,39,30,23
GreedyPlacer,50,463,True,1.9467,-1,5,1.39,0.4207,352.23,40,36,40
GreedyPlacer,50,464,True,1.8309,-1,4,1.0723,0.3794,382.0,44,38,36
GreedyPlacer,50,465,True,1.875,-1,4,1.0375,0.3189,384.38,40,30,27
GreedyPlacer,50,466,True,1.7934,-1,1,0.6171,0.5088,314.23,35,28,21
GreedyPlacer,50,467,True,1.9525,-1,5,0.9094,0.4662,370.87,40,35,33
GreedyPlacer,50,468,True,1.6318,-1,1,1.8291,0.5877,351.13,37,44,26
GreedyPlacer,50,469,True,1.9339,-1,3,1.0202,0.1772,411.55,45,38,30
GreedyPlacer,50,470,True,1.9017,-1,5,1.5646,0.2169,352.99,37,39,33
GreedyPlacer,50,471,True,1.7283,-1,4,1.1224,0.6941,261.09,28,24,21
GreedyPlacer,50,472,True,1.71,-1,3,0.8099,0.5333,407.9,44,48,24
GreedyPlacer,50,473,True,1.9062,-1,4,2.0582,0.2696,383.46,38,50,27
GreedyPlacer,50,474,True,1.9437,-1,5,1.4877,0.206,331.87,36,32,30
GreedyPlacer,50,475,True,1.8972,-1,6,0.9282,0.4481,258.2,31,21,35
GreedyPlacer,50,476,True,1.7687,-1,2,1.1956,0.4735,267.92,30,32,25
GreedyPlacer,50,477,True,1.9948,-1,6,1.3702,0.2501,341.46,39,29,39
GreedyPlacer,50,478,True,1.8984,-1,6,1.0437,0.1789,378.85,42,35,38
GreedyPlacer,50,479,True,1.8848,-1,4,0.7377,0.1955,399.68,46,39,33
GreedyPlacer,50,480,True,1.6278,-1,3,1.0586,0.2571,441.04,48,45,27
GreedyPlacer,50,481,True,1.9489,-1,6,1.1253,-0.3038,338.05,38,35,50
GreedyPlacer,50,482,True,1.6973,-1,3,1.1736,0.701,392.91,44,48,20
GreedyPlacer,50,483,True,1.7057,-1,4,0.9715,0.0134,276.02,33,25,20
GreedyPlacer,50,484,True,1.9385,-1,5,1.7579,-0.0391,381.82,42,49,32
GreedyPlacer,50,485,True,1.9408,-1,6,1.0637,0.3622,364.76,41,37,27
GreedyPlacer,50,486,True,1.8907,-1,5,0.7528,-0.3018,383.06,42,38,33
GreedyPlacer,50,487,True,1.8089,-1,2,1.2366,0.2679,243.5,29,27,23
GreedyPlacer,50,488,True,1.8356,-1,3,0.9387,0.3532,361.66,41,29,35
GreedyPlacer,50,489,True,1.7994,-1,2,1.1684,0.586,358.08,41,39,24
GreedyPlacer,50,490,True,1.884,-1,4,0.8805,-0.039,387.13,43,36,32
GreedyPlacer,50,491,True,1.9626,-1,9,1.4617,0.1504,416.09,46,37,41
GreedyPlacer,50,492,True,1.9049,-1,6,0.8233,0.0031,313.21,36,25,28
GreedyPlacer,50,493,True,1.5791,-1,2,0.9507,0.6054,341.55,39,45,20
GreedyPlacer,50,494,True,1.3486,-1,2,1.1738,0.4824,284.4,31,40,17
GreedyPlacer,50,495,True,1.7906,-1,1,1.4333,0.2937,385.84,39,41,16
GreedyPlacer,50,496,True,1.7548,-1,8,0.8244,0.0161,345.17,40,31,48
GreedyPlacer,50,497,True,1.8031,-1,3,0.8612,0.3338,465.98,51,49,30
GreedyPlacer,50,498,True,1.9289,-1,3,1.7851,-0.0245,294.93,33,39,25
GreedyPlacer,50,499,True,1.8274,-1,3,0.8837,0.2982,425.66,43,43,28
GreedyPlacer,50,500,True,1.6054,-1,2,0.8677,0.4505,327.87,38,39,26
GreedyPlacer,50,501,True,1.8323,-1,4,0.9289,0.2536,266.28,30,28,23
GreedyPlacer,50,502,True,1.9493,-1,5,0.5373,0.616,396.51,46,29,27
GreedyPlacer,50,503,True,1.7524,-1,3,0.7408,0.2672,470.56,52,47,28
GreedyPlacer,50,504,True,1.9977,-1,5,1.5546,0.0733,268.97,31,26,31
GreedyPlacer,50,505,True,1.8218,-1,5,1.3023,0.4029,395.05,43,43,20
GreedyPlacer,50,506,True,1.9223,-1,4,1.4155,0.3143,301.19,35,31,21
GreedyPlacer,50,507,True,1.9585,-1,3,1.4027,0.6147,249.53,31,27,34
GreedyPlacer,50,508,True,1.6569,-1,3,1.4039,0.1022,363.04,41,51,31
GreedyPlacer,50,509,True,1.6122,-1,4,0.81,0.1399,444.34,50,55,16
GreedyPlacer,50,510,True,1.7064,-1,2,0.7645,-0.1814,343.9,38,32,25
GreedyPlacer,50,511,True,1.794,-1,3,0.927,0.0455,390.85,43,36,39
GreedyPlacer,50,512,True,1.7588,-1,2,1.1975,0.1176,331.87,40,38,23
GreedyPlacer,50,513,True,1.7894,-1,5,1.4993,0.4634,319.97,38,39,32
GreedyPlacer,50,514,True,1.9437,-1,9,0.9444,0.1053,312.33,36,24,37
GreedyPlacer,50,515,True,1.7832,-1,6,0.8868,-0.0017,317.23,37,28,42
GreedyPlacer,50,516,True,1.8707,-1,7,0.9421,0.4842,376.49,43,35,28
GreedyPlacer,50,517,True,1.6034,-1,1,1.4323,0.5734,417.39,47,66,21
GreedyPlacer,50,518,True,1.7231,-1,5,1.1616,0.1063,357.2,42,39,31
GreedyPlacer,50,519,True,1.8459,-1,4,1.4411,0.432,331.71,38,35,36
GreedyPlacer,50,520,True,1.847,-1,2,1.3718,0.8163,316.33,37,40,25
GreedyPlacer,50,521,True,1.8623,-1,6,1.3867,0.5282,385.89,43,47,40
GreedyPlacer,50,522,True,1.6424,-1,1,1.6194,0.4909,285.63,34,44,14
GreedyPlacer,50,523,True,1.8574,-1,3,0.9375,0.4947,348.84,40,30,33
GreedyPlacer,50,524,True,1.9238,-1,4,1.4443,0.5735,281.73,32,27,28
GreedyPlacer,50,525,True,1.827,-1,8,1.0255,0.1935,366.47,42,33,29
GreedyPlacer,50,526,True,1.8449,-1,4,0.5733,0.125,403.37,46,35,40
GreedyPlacer,50,527,True,1.5061,-1,1,1.3759,0.7059,363.88,43,49,22
GreedyPlacer,50,528,True,1.4401,-1,2,1.2677,0.2364,311.3,36,43,13
GreedyPlacer,50,529,True,1.8203,-1,5,1.309,0.4091,362.23,42,43,28
GreedyPlacer,50,530,True,1.6683,-1,3,1.229,0.5333,360.13,41,46,25
GreedyPlacer,50,531,True,1.7832,-1,3,0.957,0.4104,418.78,47,46,29
GreedyPlacer,50,532,True,1.9175,-1,5,0.6825,0.1863,237.81,29,21,26
GreedyPlacer,50,533,True,1.7325,-1,2,1.7323,0.1143,358.54,41,50,21
GreedyPlacer,50,534,True,1.9474,-1,8,1.0503,0.4318,349.15,43,37,40
GreedyPlacer,50,535,True,1.8386,-1,3,1.0968,0.1331,369.48,43,37,27
GreedyPlacer,50,536,True,1.8216,-1,3,0.9023,0.2143,270.5,32,26,19
GreedyPlacer,50,537,True,1.7503,-1,4,1.1632,0.3622,384.59,44,38,24
GreedyPlacer,50,538,True,1.6894,-1,1,0.8304,0.2517,237.16,28,21,13
GreedyPlacer,50,539,True,1.8424,-1,3,0.5469,0.4727,295.8,35,25,17
GreedyPlacer,50,540,True,1.7198,-1,3,1.1178,-0.0074,385.54,44,50,24
GreedyPlacer,50,541,True,1.9363,-1,7,1.1628,0.5203,417.9,48,27,31
GreedyPlacer,50,542,True,1.794,-1,3,1.2829,0.2705,375.75,43,37,42
GreedyPlacer,50,543,True,1.8366,-1,3,0.7122,0.6308,312.58,36,25,25
GreedyPlacer,50,544,True,1.8225,-1,2,0.9266,0.2569,428.43,48,43,33
GreedyPlacer,50,545,True,1.7982,-1,3,1.1614,0.4571,329.58,37,38,21
GreedyPlacer,50,546,True,1.8197,-1,4,0.8236,0.2074,473.52,52,49,32
GreedyPlacer,50,547,True,1.8533,-1,5,1.0169,0.6035,432.68,48,45,26
GreedyPlacer,50,548,True,1.7806,-1,4,0.5625,0.6374,274.61,32,24,17
GreedyPlacer,50,549,True,1.9098,-1,6,1.6041,0.6,378.45,43,44,21
GreedyPlacer,50,550,True,1.7595,-1,3,1.0663,0.0794,374.81,42,39,26
GreedyPlacer,50,551,True,1.8661,-1,3,0.8566,0.195,370.91,41,35,31
GreedyPlacer,50,552,True,1.9166,-1,6,1.4443,0.3932,287.94,32,27,32
GreedyPlacer,50,553,True,1.7629,-1,2,1.0286,0.6273,268.69,35,35,16
GreedyPlacer,50,554,True,1.8387,-1,5,1.1936,-0.2571,447.56,50,54,28
GreedyPlacer,50,555,True,1.9668,-1,6,1.3906,0.3762,399.69,45,37,33
GreedyPlacer,50,556,True,1.8251,-1,3,0.9444,0.406,347.37,40,33,29
GreedyPlacer,50,557,True,1.9201,-1,3,0.7122,0.625,325.17,36,25,25
GreedyPlacer,50,558,True,1.9373,-1,4,1.0266,0.348,259.49,33,31,28
GreedyPlacer,50,559,True,1.8262,-1,2,1.2533,0.675,408.94,46,50,25
GreedyPlacer,50,560,True,1.8497,-1,4,1.2082,0.2178,301.04,35,30,21
GreedyPlacer,50,561,True,1.8054,-1,3,0.8494,0.1344,351.98,40,29,46
GreedyPlacer,50,562,True,1.7107,-1,2,1.2803,-0.2098,304.79,34,38,19
GreedyPlacer,50,563,True,1.6354,-1,4,1.2695,0.2178,324.41,37,38,24
GreedyPlacer,50,564,True,1.7983,-1,2,1.2921,0.6821,347.86,41,42,28
GreedyPlacer,50,565,True,1.7573,-1,5,1.5378,-0.2455,402.71,45,54,19
GreedyPlacer,50,566,True,1.8905,-1,5,2.1143,0.4877,341.37,38,43,19
GreedyPlacer,50,567,True,1.9219,-1,4,1.4335,0.049,319.09,35,27,21
GreedyPlacer,50,568,True,1.8444,-1,8,0.4982,0.125,328.42,37,24,23
GreedyPlacer,50,569,True,1.7747,-1,2,1.7584,0.4909,295.98,35,39,19
GreedyPlacer,50,570,True,1.8069,-1,4,1.36,0.2036,232.79,30,24,25
GreedyPlacer,50,571,True,1.8641,-1,3,1.3858,0.6195,309.76,36,34,25
GreedyPlacer,50,572,True,1.8513,-1,3,0.8864,0.6439,423.9,47,43,26
GreedyPlacer,50,573,True,1.7907,-1,1,1.3086,0.4852,426.53,48,51,32
GreedyPlacer,50,574,True,1.7578,-1,2,0.7183,0.4105,434.87,48,37,26
GreedyPlacer,50,575,True,1.8672,-1,2,1.2944,0.4,311.85,37,39,38
GreedyPlacer,50,576,True,1.777,-1,3,1.4233,0.2034,285.35,33,34,24
GreedyPlacer,50,577,True,1.8313,-1,5,0.9694,0.3187,347.09,40,43,20
GreedyPlacer,50,578,True,1.774,-1,4,0.9109,0.7619,273.98,34,33,17
GreedyPlacer,50,579,True,1.4949,-1,3,0.8433,0.0769,436.72,48,53,21
GreedyPlacer,50,580,True,1.8744,-1,5,0.6676,0.3737,445.27,50,41,27
GreedyPlacer,50,581,True,1.8362,-1,4,1.0149,0.4138,357.15,41,37,28
GreedyPlacer,50,582,True,1.9023,-1,3,1.0944,0.3416,344.1,40,33,33
GreedyPlacer,50,583,True,1.6253,-1,2,1.2957,0.7172,373.8,41,47,20
GreedyPlacer,50,584,True,1.6593,-1,3,1.3306,0.4105,447.74,44,52,28
GreedyPlacer,50,585,True,1.882,-1,4,0.8681,0.5293,455.14,46,39,35
GreedyPlacer,50,586,True,1.914,-1,4,1.5792,0.2632,346.99,39,43,32
GreedyPlacer,50,587,True,1.9184,-1,4,1.5208,0.3118,363.56,37,29,26
GreedyPlacer,50,588,True,1.7674,-1,1,1.1172,0.4321,355.92,41,48,22
GreedyPlacer,50,589,True,1.728,-1,3,1.3518,0.1895,326.0,38,48,32
GreedyPlacer,50,590,True,1.7647,-1,3,1.2361,0.2235,326.76,38,37,28
GreedyPlacer,50,591,True,1.7231,-1,5,0.8827,-0.1877,369.22,42,33,29
GreedyPlacer,50,592,True,1.8997,-1,4,1.5014,0.0918,342.42,38,44,26
GreedyPlacer,50,593,True,1.7636,-1,1,0.9796,0.0607,378.19,42,48,19
GreedyPlacer,50,594,True,1.6865,-1,3,1.8193,0.3571,234.39,29,35,18
GreedyPlacer,50,595,True,1.795,-1,4,1.1389,0.2434,381.3,42,49,37
GreedyPlacer,50,596,True,1.8009,-1,2,1.4044,0.5934,442.3,45,54,16
GreedyPlacer,50,597,True,1.7516,-1,3,1.1752,0.1813,291.39,36,41,23
GreedyPlacer,50,598,True,1.8178,-1,3,0.835,0.6484,436.01,43,45,24
GreedyPlacer,50,599,True,1.9368,-1,6,1.5098,0.0406,365.5,41,43,31
GreedyPlacer,50,600,True,1.8889,-1,2,1.8156,0.3786,364.11,41,49,22
GreedyPlacer,50,601,True,1.8069,-1,2,2.3433,0.0055,252.28,30,39,20
GreedyPlacer,50,602,True,1.8564,-1,3,1.3778,0.603,399.15,45,45,31
GreedyPlacer,50,603,True,1.8089,-1,5,1.0297,0.5604,237.11,29,27,19
GreedyPlacer,50,604,True,1.8038,-1,3,0.8719,0.35,439.59,47,46,17
GreedyPlacer,50,605,True,1.9344,-1,3,1.1368,0.539,284.99,33,26,29
GreedyPlacer,50,606,True,1.7828,-1,4,1.3012,0.033,301.9,35,39,21
GreedyPlacer,50,607,True,1.6386,-1,2,1.3002,0.4592,391.03,43,45,26
GreedyPlacer,50,608,True,1.8263,-1,5,1.2425,0.6536,406.48,45,43,22
GreedyPlacer,50,609,True,1.69,-1,2,1.2273,0.4075,392.51,44,44,35
GreedyPlacer,50,610,True,1.8444,-1,5,1.2169,0.6895,334.36,37,31,27
GreedyPlacer,50,611,True,1.8467,-1,3,0.7247,0.4977,382.42,44,29,35
GreedyPlacer,50,612,True,1.8093,-1,5,0.8404,0.1297,401.6,44,45,25
GreedyPlacer,50,613,True,1.893,-1,9,0.8491,0.1519,370.67,43,35,32
GreedyPlacer,50,614,True,1.8357,-1,2,0.8278,0.3099,299.38,35,29,20
GreedyPlacer,50,615,True,1.633,-1,3,0.903,0.4281,332.83,38,30,26
GreedyPlacer,50,616,True,1.6957,-1,3,0.6916,0.4065,394.04,44,27,24
GreedyPlacer,50,617,True,1.9035,-1,7,1.712,-0.5588,378.54,42,44,23
GreedyPlacer,50,618,True,1.8625,-1,7,0.7846,0.2917,327.26,38,27,33
GreedyPlacer,50,619,True,1.5275,-1,1,1.064,0.8042,327.65,36,31,13
GreedyPlacer,50,620,True,1.8489,-1,4,1.3397,0.3321,336.88,37,33,21
GreedyPlacer,50,621,True,1.876,-1,4,1.4824,0.4685,312.08,35,33,19
GreedyPlacer,50,622,True,1.832,-1,5,1.2986,0.0593,323.4,36,39,16
GreedyPlacer,50,623,True,1.9246,-1,3,1.2632,0.387,368.79,38,38,30
GreedyPlacer,50,624,True,1.966,-1,5,0.8395,0.7308,230.83,27,21,30
GreedyPlacer,50,625,True,1.7992,-1,4,1.2604,0.3107,325.63,38,40,30
GreedyPlacer,50,626,True,1.8447,-1,2,0.91,0.3534,272.87,34,28,32
GreedyPlacer,50,627,True,1.9562,-1,7,0.7053,-0.2549,312.98,35,26,32
GreedyPlacer,50,628,True,1.7385,-1,4,0.8616,0.2857,386.83,44,46,33
GreedyPlacer,50,629,True,1.9409,-1,3,1.1556,-0.3758,331.52,37,34,18
GreedyPlacer,50,630,True,1.6561,-1,2,1.1478,0.3558,297.25,33,35,24
GreedyPlacer,50,631,True,1.8035,-1,7,0.8601,0.4667,426.78,47,36,25
GreedyPlacer,50,632,True,1.7904,-1,4,1.1944,-0.2,294.66,36,42,14
GreedyPlacer,50,633,True,1.809,-1,3,0.8558,0.4353,259.91,33,28,20
GreedyPlacer,50,634,True,1.9065,-1,4,1.3021,0.475,276.49,33,34,20
GreedyPlacer,50,635,True,1.5782,-1,1,0.7159,0.4667,275.52,31,36,12
GreedyPlacer,50,636,True,1.8482,-1,4,0.7658,0.6319,241.27,29,20,15
GreedyPlacer,50,637,True,1.8769,-1,5,1.0972,0.4492,440.47,48,32,35
GreedyPlacer,50,638,True,1.799,-1,2,1.352,0.4844,387.24,42,39,35
GreedyPlacer,50,639,True,1.8829,-1,6,1.4799,0.1098,332.68,37,40,30
GreedyPlacer,50,640,True,1.771,-1,3,0.5,0.4071,310.48,36,24,24
GreedyPlacer,50,641,True,1.8085,-1,2,1.1396,-0.0945,304.14,35,33,20
GreedyPlacer,50,642,True,1.9072,-1,3,1.2003,0.3708,446.74,49,46,38
GreedyPlacer,50,643,True,1.7056,-1,2,0.7074,0.4429,386.02,43,38,20
GreedyPlacer,50,644,True,1.8129,-1,4,0.9398,0.3571,346.1,38,31,20
GreedyPlacer,50,645,True,1.685,-1,2,0.9717,0.3909,342.67,39,37,15
GreedyPlacer,50,646,True,1.9344,-1,5,0.9164,0.6484,289.23,33,28,14
GreedyPlacer,50,647,True,1.8274,-1,5,0.4646,0.4596,324.64,37,17,27
GreedyPlacer,50,648,True,1.8493,-1,5,1.3611,-0.027,311.95,36,42,22
GreedyPlacer,50,649,True,1.9028,-1,6,0.9923,0.2911,432.02,47,39,44
GreedyPlacer,50,650,True,1.7816,-1,2,0.8694,0.3714,351.2,40,37,18
GreedyPlacer,50,651,True,1.9167,-1,2,1.2056,0.5529,268.3,30,25,35
GreedyPlacer,50,652,True,1.8402,-1,2,1.342,0.7414,310.94,35,34,23
GreedyPlacer,50,653,True,1.7503,-1,5,0.7087,0.0662,398.1,44,38,31
GreedyPlacer,50,654,True,1.7894,-1,4,1.2888,0.4456,378.82,38,39,31
GreedyPlacer,50,655,True,1.6676,-1,3,0.936,0.3471,403.78,44,50,20
GreedyPlacer,50,656,True,1.9241,-1,4,1.4506,0.4794,254.13,31,32,25
GreedyPlacer,50,657,True,1.9583,-1,6,1.3787,0.31,361.56,42,40,33
GreedyPlacer,50,658,True,1.8619,-1,4,1.0277,0.4615,295.55,34,40,17
GreedyPlacer,50,659,True,1.4221,-1,2,1.0743,0.1273,356.47,39,50,10
GreedyPlacer,50,660,True,1.6127,-1,3,1.3045,0.1842,451.62,49,51,23
GreedyPlacer,50,661,True,1.8271,-1,4,1.2387,0.4852,417.59,46,45,30
GreedyPlacer,50,662,True,1.6205,-1,2,0.6849,0.3497,264.26,29,27,15
GreedyPlacer,50,663,True,1.8688,-1,2,1.8202,0.367,243.11,28,29,18
GreedyPlacer,50,664,True,1.8637,-1,3,1.3404,0.4015,386.7,44,43,26
GreedyPlacer,50,665,True,1.5137,-1,1,1.0839,0.4262,355.35,41,49,22
GreedyPlacer,50,666,True,1.8333,-1,5,0.9993,0.1863,337.99,37,38,29
GreedyPlacer,50,667,True,1.8141,-1,3,1.229,0.5351,425.4,42,52,33
GreedyPlacer,50,668,True,1.8789,-1,5,1.3395,0.3368,330.98,36,28,38
GreedyPlacer,50,669,True,1.6311,-1,2,1.033,0.3059,379.77,43,48,21
GreedyPlacer,50,670,True,1.877,-1,4,1.2921,0.4165,369.46,41,40,29
GreedyPlacer,50,671,True,1.7323,-1,3,0.9204,0.6893,324.45,38,37,21
GreedyPlacer,50,672,True,1.6425,-1,3,1.2341,0.1838,371.32,42,49,25
GreedyPlacer,50,673,True,1.848,-1,4,1.5933,0.3571,382.71,43,51,18
GreedyPlacer,50,674,True,1.8381,-1,5,0.8554,0.4489,382.3,44,48,30
GreedyPlacer,50,675,True,1.6825,-1,3,0.8348,0.2402,421.54,47,53,28
GreedyPlacer,50,676,True,1.9357,-1,7,1.3815,0.0857,298.38,34,33,36
GreedyPlacer,50,677,True,1.8696,-1,6,0.5764,0.5714,309.82,36,27,23
GreedyPlacer,50,678,True,1.8542,-1,7,1.3744,-0.4195,345.14,40,39,25
GreedyPlacer,50,679,True,1.9367,-1,4,1.7119,0.6719,315.69,38,44,30
GreedyPlacer,50,680,True,1.8979,-1,2,1.0078,0.4779,301.5,34,29,23
GreedyPlacer,50,681,True,1.8314,-1,4,1.0533,0.2075,343.42,39,33,36
GreedyPlacer,50,682,True,1.9363,-1,4,1.4839,0.4056,285.88,33,32,32
GreedyPlacer,50,683,True,1.7382,-1,3,1.3056,0.6264,322.12,36,42,20
GreedyPlacer,50,684,True,1.8741,-1,4,1.5469,0.4632,255.05,32,36,29
GreedyPlacer,50,685,True,1.5804,-1,1,0.6159,0.5545,279.26,34,28,15
GreedyPlacer,50,686,True,1.7337,-1,2,1.1579,0.223,322.17,38,38,26
GreedyPlacer,50,687,True,1.7459,-1,2,1.4498,0.8424,299.05,35,38,15
GreedyPlacer,50,688,True,1.8736,-1,3,0.8957,0.1455,373.57,42,32,33
GreedyPlacer,50,689,True,1.9665,-1,6,1.2494,0.3549,366.2,42,34,33
GreedyPlacer,50,690,True,1.7589,-1,2,1.8445,0.7011,384.06,44,57,18
GreedyPlacer,50,691,True,1.733,-1,3,1.0625,0.3218,364.88,41,31,23
GreedyPlacer,50,692,True,1.7722,-1,2,0.9097,0.5005,312.14,36,39,21
GreedyPlacer,50,693,True,1.825,-1,4,0.8767,0.367,300.73,35,26,23
GreedyPlacer,50,694,True,1.9063,-1,5,0.9388,0.0436,442.96,49,35,38
GreedyPlacer,50,695,True,1.8275,-1,5,1.0663,0.4018,375.73,42,45,25
GreedyPlacer,50,696,True,1.9845,-1,10,0.494,0.3172,450.04,49,26,40
GreedyPlacer,50,697,True,1.8796,-1,3,1.335,0.1165,290.02,32,35,24
GreedyPlacer,50,698,True,1.7704,-1,2,1.0143,0.547,405.88,45,49,30
GreedyPlacer,50,699,True,1.3688,-1,2,0.9136,0.6091,230.21,27,33,13
GreedyPlacer,50,700,True,1.7242,-1,3,0.7269,0.2176,374.6,41,34,28
GreedyPlacer,50,701,True,1.9257,-1,5,1.5848,0.5912,301.01,34,36,23
GreedyPlacer,50,702,True,1.8481,-1,4,1.4635,0.614,354.2,39,33,22
GreedyPlacer,50,703,True,1.6692,-1,2,1.1364,0.6182,506.39,44,44,29
GreedyPlacer,50,704,True,1.8268,-1,5,0.7727,0.3805,419.26,44,44,31
GreedyPlacer,50,705,True,1.8279,-1,5,1.0933,0.7735,237.91,30,24,21
GreedyPlacer,50,706,True,1.8385,-1,7,1.4525,-0.0618,385.58,44,46,21
GreedyPlacer,50,707,True,1.6256,-1,1,0.7027,0.5319,316.61,37,37,19
GreedyPlacer,50,708,True,1.8413,-1,4,1.2222,0.2157,292.61,36,36,28
GreedyPlacer,50,709,True,1.7643,-1,2,1.0222,0.2556,391.97,44,43,32
GreedyPlacer,50,710,True,1.8504,-1,3,0.7874,0.5842,374.88,42,33,23
GreedyPlacer,50,711,True,1.6423,-1,1,0.9931,0.3607,424.77,48,52,21
GreedyPlacer,50,712,True,1.7178,-1,2,1.3951,0.5618,306.11,36,44,19
GreedyPlacer,50,713,True,1.8834,-1,5,1.3905,-0.039,383.53,44,50,30
GreedyPlacer,50,714,True,1.6821,-1,1,1.2178,0.3986,260.68,32,33,16
GreedyPlacer,50,715,True,1.6828,-1,5,0.9012,0.5466,290.96,35,31,32
GreedyPlacer,50,716,True,1.9846,-1,7,0.6817,-0.0175,361.31,41,24,38
GreedyPlacer,50,717,True,1.7206,-1,8,1.3097,-0.2346,339.85,39,45,32
GreedyPlacer,50,718,True,1.9345,-1,7,1.1956,0.1,238.27,30,22,19
GreedyPlacer,50,719,True,1.8789,-1,4,0.7627,0.35,341.69,39,32,34
GreedyPlacer,50,720,True,1.6188,-1,1,1.4797,0.3842,378.64,43,47,20
GreedyPlacer,50,721,True,1.7928,-1,3,0.8067,0.4485,408.7,47,45,22
GreedyPlacer,50,722,True,1.883,-1,7,0.9836,0.2286,293.67,34,23,20
GreedyPlacer,50,723,True,1.8335,-1,3,1.75,0.162,309.32,36,42,28
GreedyPlacer,50,724,True,1.8622,-1,6,0.8871,0.2544,325.38,38,31,29
GreedyPlacer,50,725,True,1.9657,-1,5,0.6537,0.2033,342.26,38,24,29
GreedyPlacer,50,726,True,1.8838,-1,5,0.9275,0.2967,383.09,40,34,29
GreedyPlacer,50,727,True,1.9294,-1,7,1.0275,0.3321,384.64,40,34,20
GreedyPlacer,50,728,True,1.5734,-1,2,0.6049,0.5515,347.57,39,35,10
GreedyPlacer,50,729,True,1.671,-1,2,0.8594,0.3735,431.71,48,42,23
GreedyPlacer,50,730,True,1.6479,-1,1,1.0344,0.6242,238.25,28,29,11
GreedyPlacer,50,731,True,1.8315,-1,3,1.6011,0.0423,329.41,38,52,30
GreedyPlacer,50,732,True,1.7571,-1,3,0.8367,0.607,369.7,42,36,23
GreedyPlacer,50,733,True,1.8637,-1,5,0.7253,0.4559,232.4,29,17,25
GreedyPlacer,50,734,True,1.7543,-1,2,1.1552,0.4989,393.05,43,53,17
GreedyPlacer,50,735,True,1.727,-1,3,1.6844,0.3168,323.81,37,42,24
GreedyPlacer,50,736,True,1.8776,-1,2,0.9159,0.1049,320.93,36,35,16
GreedyPlacer,50,737,True,1.8681,-1,4,0.5694,0.3393,394.77,40,37,34
GreedyPlacer,50,738,True,1.8893,-1,8,1.2365,0.0368,420.75,45,41,22
GreedyPlacer,50,739,True,1.8375,-1,2,1.4246,0.3549,371.01,42,49,31
GreedyPlacer,50,740,True,1.5217,-1,1,0.8912,0.1182,340.34,37,36,17
GreedyPlacer,50,741,True,1.9699,-1,6,1.0208,0.5757,316.22,36,33,32
GreedyPlacer,50,742,True,1.886,-1,2,1.1525,0.0939,381.09,42,37,24
GreedyPlacer,50,743,True,1.8705,-1,6,1.0625,0.3824,268.41,32,32,24
GreedyPlacer,50,744,True,1.7697,-1,3,0.7944,0.5679,335.96,40,33,29
GreedyPlacer,50,745,True,1.7924,-1,5,0.5257,0.5491,290.26,35,21,25
GreedyPlacer,50,746,True,1.9472,-1,6,1.0494,0.2035,361.77,41,32,29
GreedyPlacer,50,747,True,1.7233,-1,1,0.9697,0.6923,300.97,34,33,19
GreedyPlacer,50,748,True,1.9088,-1,4,0.9156,0.6882,393.51,45,36,23
GreedyPlacer,50,749,True,1.6983,-1,3,0.9336,0.4688,427.58,48,45,26
GreedyPlacer,50,750,True,1.8775,-1,3,1.6212,-0.2357,308.44,35,38,28
GreedyPlacer,50,751,True,1.8826,-1,4,1.0844,0.5913,408.05,45,42,28
GreedyPlacer,50,752,True,1.8447,-1,5,1.0804,0.473,305.71,34,31,25
GreedyPlacer,50,753,True,1.6435,-1,1,1.3724,0.5105,232.6,28,38,19
GreedyPlacer,50,754,True,1.8444,-1,5,0.7918,0.3188,318.83,37,27,27
GreedyPlacer,50,755,True,1.8669,-1,3,1.4183,0.3902,338.44,38,36,33
GreedyPlacer,50,756,True,1.8089,-1,3,1.5094,0.3008,348.39,40,45,31
GreedyPlacer,50,757,True,1.7548,-1,3,0.9744,0.3632,360.23,40,41,24
GreedyPlacer,50,758,True,1.8594,-1,4,1.3858,0.1196,399.0,44,45,40
GreedyPlacer,50,759,True,1.6877,-1,3,1.0321,0.6118,291.72,33,25,17
GreedyPlacer,50,760,True,1.67,-1,3,1.2212,0.1357,314.24,35,38,20
GreedyPlacer,50,761,True,1.8608,-1,5,1.1814,0.407,376.55,42,46,29
GreedyPlacer,50,762,True,1.7752,-1,4,1.8259,0.4167,391.84,43,51,19
GreedyPlacer,50,763,True,1.9463,-1,9,0.8123,0.2708,322.95,38,29,37
GreedyPlacer,50,764,True,1.8346,-1,2,0.9972,-0.049,333.19,38,40,18
GreedyPlacer,50,765,True,1.9532,-1,7,1.1574,0.287,403.04,46,37,35
GreedyPlacer,50,766,True,1.7829,-1,4,1.0744,0.6071,339.95,40,39,15
GreedyPlacer,50,767,True,1.8762,-1,4,1.5223,0.4265,325.68,37,42,29
GreedyPlacer,50,768,True,1.6768,-1,2,0.9018,0.4036,363.21,41,42,22
GreedyPlacer,50,769,True,1.8228,-1,2,0.8991,0.7967,264.57,31,29,17
GreedyPlacer,50,770,True,1.8016,-1,3,1.09,0.9536,347.04,40,44,21
GreedyPlacer,50,771,True,1.7894,-1,4,1.4995,0.3039,418.2,46,45,33
GreedyPlacer,50,772,True,1.8547,-1,3,1.9967,0.5105,280.34,35,37,16
GreedyPlacer,50,773,True,1.996,-1,8,0.9551,0.7699,394.64,45,26,38
GreedyPlacer,50,774,True,1.8545,-1,2,0.8926,0.5877,330.42,37,31,23
GreedyPlacer,50,775,True,1.9369,-1,7,1.4721,0.4097,233.37,29,26,30
GreedyPlacer,50,776,True,1.5546,-1,5,0.96,0.1179,231.72,30,36,18
GreedyPlacer,50,777,True,1.8942,-1,4,1.5953,0.526,426.91,47,46,34
GreedyPlacer,50,778,True,1.8669,-1,4,1.7341,0.0316,342.87,38,40,33
GreedyPlacer,50,779,True,1.8965,-1,4,1.5944,0.2299,352.13,40,47,26
GreedyPlacer,50,780,True,1.8213,-1,3,0.952,0.17,396.04,44,37,30
GreedyPlacer,50,781,True,1.9275,-1,6,1.7978,0.2077,340.39,38,46,32
GreedyPlacer,50,782,True,1.8449,-1,7,1.0144,0.5113,454.0,50,42,28
GreedyPlacer,50,783,True,1.6186,-1,1,1.014,0.3333,423.89,47,51,22
GreedyPlacer,50,784,True,1.8687,-1,6,1.1322,0.1789,323.94,37,35,29
GreedyPlacer,50,785,True,1.8817,-1,8,1.1812,-0.3271,377.59,43,40,39
GreedyPlacer,50,786,True,1.8937,-1,4,1.2216,-0.0182,259.65,31,33,20
GreedyPlacer,50,787,True,1.9797,-1,8,0.96,0.1632,272.96,35,28,27
GreedyPlacer,50,788,True,1.6562,-1,4,1.3961,0.3688,323.86,38,32,38
GreedyPlacer,50,789,True,1.9296,-1,5,1.1453,0.5613,304.53,34,28,27
GreedyPlacer,50,790,True,1.7014,-1,6,1.2869,0.0511,425.64,45,47,35
GreedyPlacer,50,791,True,1.854,-1,5,1.8482,0.0767,311.86,35,44,24
GreedyPlacer,50,792,True,1.8616,-1,7,0.7128,0.4799,397.28,43,31,24
GreedyPlacer,50,793,True,1.9121,-1,4,0.865,0.5321,284.74,33,24,26
GreedyPlacer,50,794,True,1.9251,-1,4,0.7122,0.3393,297.33,36,29,20
GreedyPlacer,50,795,True,1.6926,-1,5,0.81,-0.0882,358.5,40,32,23
GreedyPlacer,50,796,True,1.7779,-1,3,1.4429,0.668,391.35,43,59,31
GreedyPlacer,50,797,True,1.9324,-1,6,1.9719,0.415,390.54,43,46,30
GreedyPlacer,50,798,True,1.9569,-1,3,1.5634,0.2607,338.13,39,38,24
GreedyPlacer,50,799,True,1.8836,-1,6,1.1836,0.6265,415.05,48,45,24
GreedyPlacer,50,800,True,1.8669,-1,2,1.4211,0.6966,337.11,38,38,31
GreedyPlacer,50,801,True,1.8083,-1,4,1.1944,0.1569,316.97,36,42,22
GreedyPlacer,50,802,True,1.898,-1,6,1.6,0.1078,331.52,35,35,25
GreedyPlacer,50,803,True,1.7853,-1,3,1.2727,0.2647,392.69,44,44,24
GreedyPlacer,50,804,True,1.7904,-1,3,0.6875,0.2679,319.07,36,27,19
GreedyPlacer,50,805,True,1.5691,-1,2,0.9481,0.3922,319.91,39,40,31
GreedyPlacer,50,806,True,1.6673,-1,3,0.5411,-0.2615,264.18,31,21,21
GreedyPlacer,50,807,True,1.8982,-1,4,1.3889,-0.3791,314.58,36,36,23
GreedyPlacer,50,808,True,1.524,-1,1,0.992,0.6286,329.57,37,51,20
GreedyPlacer,50,809,True,1.8191,-1,4,1.5477,0.1397,400.39,45,49,19
GreedyPlacer,50,810,True,1.754,-1,3,1.4722,0.0909,258.44,30,35,15
GreedyPlacer,50,811,True,1.819,-1,3,1.3129,0.161,375.49,42,36,27
GreedyPlacer,50,812,True,1.8916,-1,7,1.3194,-0.3286,347.26,40,37,27
GreedyPlacer,50,813,True,1.6616,-1,2,1.9184,0.4412,224.84,28,36,22
GreedyPlacer,50,814,True,1.8706,-1,7,1.1729,0.5,351.69,39,32,30
GreedyPlacer,50,815,True,1.7689,-1,5,0.6479,-0.3077,390.18,43,36,18
GreedyPlacer,50,816,True,1.8083,-1,3,1.2521,0.433,323.79,38,34,24
GreedyPlacer,50,817,True,1.7723,-1,4,1.2475,0.1623,357.97,40,38,25
GreedyPlacer,50,818,True,1.6905,-1,2,0.949,0.4228,413.46,46,50,23
GreedyPlacer,50,819,True,1.6768,-1,3,1.023,0.493,339.67,39,37,31
GreedyPlacer,50,820,True,1.8473,-1,6,1.008,0.3293,412.1,46,35,30
GreedyPlacer,50,821,True,1.8413,-1,3,1.6094,0.1331,360.76,40,45,24
GreedyPlacer,50,822,True,1.8105,-1,4,1.34,0.2668,413.22,47,46,32
GreedyPlacer,50,823,True,1.9437,-1,8,0.6522,0.2084,385.23,43,27,36
GreedyPlacer,50,824,True,1.7332,-1,2,1.0727,0.6923,324.51,38,41,15
GreedyPlacer,50,825,True,1.7954,-1,3,2.2498,0.2647,333.62,37,56,24
GreedyPlacer,50,826,True,1.7583,-1,5,0.9638,-0.0964,346.72,39,35,21
GreedyPlacer,50,827,True,1.7371,-1,4,0.7472,0.6054,415.48,46,35,32
GreedyPlacer,50,828,True,1.8081,-1,2,0.7666,0.4765,353.92,39,41,23
GreedyPlacer,50,829,True,1.9699,-1,8,2.0208,-0.1754,317.01,36,39,27
GreedyPlacer,50,830,True,1.8735,-1,6,1.1814,0.2812,359.27,41,33,28
GreedyPlacer,50,831,True,1.8925,-1,5,0.7875,0.3123,378.66,40,30,38
GreedyPlacer,50,832,True,1.9334,-1,5,0.9642,0.1474,314.0,37,30,30
GreedyPlacer,50,833,True,1.8361,-1,4,1.397,0.5759,431.19,47,51,29
GreedyPlacer,50,834,True,1.6234,-1,1,1.3932,0.4825,354.57,41,47,24
GreedyPlacer,50,835,True,1.6784,-1,4,1.3867,0.3292,384.97,43,47,28
GreedyPlacer,50,836,True,1.7633,-1,1,0.6929,0.9371,269.9,34,27,14
GreedyPlacer,50,837,True,1.6246,-1,4,0.6404,0.4466,341.25,39,25,34
GreedyPlacer,50,838,True,1.8313,-1,6,0.9694,0.3468,346.94,40,27,36
GreedyPlacer,50,839,True,1.8334,-1,3,1.0694,-0.1853,347.58,40,37,22
GreedyPlacer,50,840,True,1.7486,-1,5,1.3264,-0.0346,477.89,48,52,25
GreedyPlacer,50,841,True,1.9518,-1,5,0.7367,0.5971,267.96,31,25,22
GreedyPlacer,50,842,True,1.8574,-1,5,1.0444,0.5604,384.67,40,33,18
GreedyPlacer,50,843,True,1.8178,-1,2,0.8004,0.5664,391.33,43,38,15
GreedyPlacer,50,844,True,1.9229,-1,6,1.8875,0.5133,391.08,43,49,30
GreedyPlacer,50,845,True,1.7403,-1,4,0.9506,0.1662,320.61,36,28,34
GreedyPlacer,50,846,True,1.9322,-1,5,0.9189,0.0362,398.74,44,39,35
GreedyPlacer,50,847,True,1.8163,-1,4,0.7329,0.0789,366.26,41,30,27
GreedyPlacer,50,848,True,1.8703,-1,3,1.1439,0.1228,328.82,37,32,27
GreedyPlacer,50,849,True,1.6087,-1,5,1.103,0.7078,321.76,37,28,32
GreedyPlacer,50,850,True,1.7057,-1,3,0.7732,0.4882,294.9,33,26,25
GreedyPlacer,50,851,True,1.9568,-1,9,0.9692,0.3103,385.32,43,33,45
GreedyPlacer,50,852,True,1.7231,-1,3,1.7883,0.1364,248.64,29,27,15
GreedyPlacer,50,853,True,1.8048,-1,6,0.8005,0.2321,386.37,42,38,17
GreedyPlacer,50,854,True,1.9242,-1,4,1.2834,0.1299,376.73,42,40,27
GreedyPlacer,50,855,True,1.9434,-1,6,1.1625,-0.2866,417.79,47,39,37
GreedyPlacer,50,856,True,1.7779,-1,5,0.8156,0.2132,397.81,44,37,16
GreedyPlacer,50,857,True,1.8903,-1,7,1.3023,0.1789,384.45,43,43,27
GreedyPlacer,50,858,True,1.9201,-1,6,1.2307,0.2536,279.35,36,31,29
GreedyPlacer,50,859,True,1.8464,-1,3,1.4744,0.5382,349.81,40,49,23
GreedyPlacer,50,860,True,1.7345,-1,1,1.5142,0.4895,428.1,46,50,23
GreedyPlacer,50,861,True,1.7668,-1,5,1.0335,0.3107,374.47,35,27,26
GreedyPlacer,50,862,True,1.7792,-1,1,0.9244,0.8176,369.88,40,41,21
GreedyPlacer,50,863,True,1.8464,-1,4,0.9594,-0.1703,332.91,40,35,28
GreedyPlacer,50,864,True,1.7898,-1,4,0.7458,0.3014,337.22,38,33,36
GreedyPlacer,50,865,True,1.8497,-1,4,0.8849,0.425,306.5,35,34,21
GreedyPlacer,50,866,True,1.8968,-1,3,1.6316,0.3619,314.94,38,38,34
GreedyPlacer,50,867,True,1.832,-1,3,1.3117,0.3064,339.77,36,46,25
GreedyPlacer,50,868,True,1.8256,-1,6,0.8347,-0.2316,410.42,44,32,37
GreedyPlacer,50,869,True,1.8208,-1,6,0.8611,0.3643,397.13,44,37,20
GreedyPlacer,50,870,True,1.902,-1,4,1.1094,0.2529,366.67,40,35,28
GreedyPlacer,50,871,True,1.8572,-1,1,1.1462,0.7275,308.13,34,33,19
GreedyPlacer,50,872,True,1.6693,-1,1,0.8539,0.1516,299.42,35,33,15
GreedyPlacer,50,873,True,1.8766,-1,4,1.5172,0.1758,274.63,29,29,14
GreedyPlacer,50,874,True,1.713,-1,4,0.7712,0.5684,406.02,43,37,29
GreedyPlacer,50,875,True,1.975,-1,7,1.3636,0.2727,502.73,49,46,36
GreedyPlacer,50,876,True,1.952,-1,7,1.6697,0.668,428.03,46,43,33
GreedyPlacer,50,877,True,1.9395,-1,7,0.8544,0.0269,472.51,50,42,37
GreedyPlacer,50,878,True,1.891,-1,5,0.8797,0.3035,353.22,39,27,29
GreedyPlacer,50,879,True,1.8512,-1,3,1.1478,0.6536,270.3,33,31,21
GreedyPlacer,50,880,True,1.7895,-1,5,1.2594,0.4857,349.88,40,35,24
GreedyPlacer,50,881,True,1.8067,-1,5,0.9029,0.3961,421.21,44,34,25
GreedyPlacer,50,882,True,1.9339,-1,5,1.0847,0.5494,425.78,47,46,29
GreedyPlacer,50,883,True,1.6619,-1,1,1.2873,0.4714,395.33,41,44,16
GreedyPlacer,50,884,True,1.8337,-1,5,1.4251,0.4664,422.38,47,46,30
GreedyPlacer,50,885,True,1.8214,-1,4,1.6056,0.1818,242.97,30,35,18
GreedyPlacer,50,886,True,1.7583,-1,1,0.9751,0.1692,327.59,38,32,17
GreedyPlacer,50,887,True,1.823,-1,2,1.4286,0.6005,377.8,42,42,24
GreedyPlacer,50,888,True,1.6583,-1,2,0.6396,0.8321,281.42,32,23,20
GreedyPlacer,50,889,True,1.8724,-1,7,1.3908,0.0805,361.43,41,32,39
GreedyPlacer,50,890,True,1.8303,-1,3,1.4917,0.7069,378.69,44,48,44
GreedyPlacer,50,891,True,1.8113,-1,5,1.1233,0.6265,427.57,48,50,21
GreedyPlacer,50,892,True,1.6894,-1,4,1.0913,0.5392,380.02,42,49,29
GreedyPlacer,50,893,True,1.7827,-1,4,1.1595,0.3441,437.2,49,52,20
GreedyPlacer,50,894,True,1.9032,-1,6,1.0099,0.1987,415.76,46,41,29
GreedyPlacer,50,895,True,1.9427,-1,2,0.9834,0.1786,277.36,32,25,25
GreedyPlacer,50,896,True,1.9895,-1,5,0.5844,0.2302,372.88,40,25,45
GreedyPlacer,50,897,True,1.9656,-1,7,1.1556,0.4175,281.46,30,20,29
GreedyPlacer,50,898,True,1.8801,-1,3,0.8393,0.3684,424.54,46,38,26
GreedyPlacer,50,899,True,1.6269,-1,3,1.3157,0.275,302.86,34,37,22
GreedyPlacer,50,900,True,1.7064,-1,2,0.962,0.6015,401.7,42,37,23
GreedyPlacer,50,901,True,1.7822,-1,4,1.4275,0.1529,357.44,40,54,22
GreedyPlacer,50,902,True,1.9183,-1,3,1.0989,-0.0107,263.61,30,19,18
GreedyPlacer,50,903,True,1.922,-1,6,0.8954,0.0364,416.83,48,31,35
GreedyPlacer,50,904,True,1.7106,-1,4,0.6094,0.2659,282.4,32,20,24
GreedyPlacer,50,905,True,1.862,-1,5,1.1616,0.7206,355.92,42,45,26
GreedyPlacer,50,906,True,1.7965,-1,3,0.9018,0.2747,220.35,28,21,19
GreedyPlacer,50,907,True,1.8482,-1,2,2.0642,0.5,261.5,29,31,21
GreedyPlacer,50,908,True,1.8806,-1,2,1.1541,0.5054,395.03,43,39,36
GreedyPlacer,50,909,True,1.7822,-1,4,1.1343,0.626,401.86,44,42,38
GreedyPlacer,50,910,True,1.8557,-1,4,0.9796,0.5529,306.11,35,30,20
GreedyPlacer,50,911,True,1.7885,-1,2,1.2568,0.1464,397.12,42,45,19
GreedyPlacer,50,912,True,1.8146,-1,2,1.0769,0.7181,372.56,39,39,24
GreedyPlacer,50,913,True,1.8503,-1,4,1.4359,0.4056,349.61,39,39,17
GreedyPlacer,50,914,True,1.6462,-1,2,2.0784,0.2929,307.88,35,52,27
GreedyPlacer,50,915,True,1.745,-1,5,1.0621,0.2823,422.81,48,49,35
GreedyPlacer,50,916,True,1.9122,-1,8,1.4146,0.2912,364.15,41,41,19
GreedyPlacer,50,917,True,1.5645,-1,4,0.6998,-0.2253,329.93,37,35,19
GreedyPlacer,50,918,True,1.7948,-1,6,0.8441,0.0374,307.53,35,24,25
GreedyPlacer,50,919,True,1.86,-1,4,0.7744,0.4226,449.02,50,42,27
GreedyPlacer,50,920,True,1.9293,-1,7,0.8481,0.0299,367.79,42,32,26
GreedyPlacer,50,921,True,1.7961,-1,3,1.1479,0.2325,408.86,46,49,25
GreedyPlacer,50,922,True,1.7101,-1,2,1.6874,0.3407,310.35,37,50,16
GreedyPlacer,50,923,True,1.8911,-1,6,0.7058,0.609,355.14,42,27,29
GreedyPlacer,50,924,True,1.7996,-1,3,1.3503,0.3632,412.96,48,51,31
GreedyPlacer,50,925,True,1.7446,-1,1,1.6327,0.6044,295.99,33,31,17
GreedyPlacer,50,926,True,1.9197,-1,5,1.1855,0.5357,374.96,43,44,28
GreedyPlacer,50,927,True,1.789,-1,5,1.6607,0.3431,339.56,39,42,24
GreedyPlacer,50,928,True,1.9152,-1,3,1.3584,-0.1529,304.19,35,31,26
GreedyPlacer,50,929,True,1.778,-1,3,1.1677,0.4637,243.51,29,31,21
GreedyPlacer,50,930,True,1.7895,-1,2,1.1244,0.4804,348.16,40,39,24
GreedyPlacer,50,931,True,1.8481,-1,3,1.2071,0.6099,344.99,39,45,19
GreedyPlacer,50,932,True,1.6039,-1,2,1.4626,0.5343,323.06,38,42,26
GreedyPlacer,50,933,True,1.9476,-1,7,1.8199,0.6018,346.38,39,40,29
GreedyPlacer,50,934,True,1.7651,-1,2,0.9389,0.3667,248.02,30,25,16
GreedyPlacer,50,935,True,1.884,-1,5,1.0665,0.2846,387.02,43,36,39
GreedyPlacer,50,936,True,1.902,-1,3,1.1744,0.4403,350.57,40,41,31
GreedyPlacer,50,937,True,1.7099,-1,3,1.085,0.3235,259.29,32,35,24
GreedyPlacer,50,938,True,1.683,-1,5,1.4195,0.4474,366.76,42,38,31
GreedyPlacer,50,939,True,1.8132,-1,2,0.8852,0.3435,406.33,46,29,32
GreedyPlacer,50,940,True,1.8496,-1,4,0.875,0.3353,267.22,32,24,29
GreedyPlacer,50,941,True,1.7992,-1,2,0.8649,0.5315,315.61,37,37,20
GreedyPlacer,50,942,True,1.7556,-1,2,1.6676,0.4895,323.79,38,48,16
GreedyPlacer,50,943,True,1.8175,-1,2,0.8099,0.3684,391.77,45,40,31
GreedyPlacer,50,944,True,1.8743,-1,2,1.1462,0.5659,279.33,34,35,15
GreedyPlacer,50,945,True,1.8083,-1,7,0.9284,0.3746,393.11,45,35,26
GreedyPlacer,50,946,True,1.7897,-1,2,1.6576,0.4714,370.5,42,52,24
GreedyPlacer,50,947,True,1.9078,-1,5,1.1864,0.4281,475.38,52,48,25
GreedyPlacer,50,948,True,1.914,-1,2,1.8858,0.313,293.0,34,42,37
GreedyPlacer,50,949,True,1.7389,-1,7,1.0,0.3702,408.14,46,46,22
GreedyPlacer,50,950,True,1.8169,-1,6,0.5097,0.2628,429.73,47,40,35
GreedyPlacer,50,951,True,1.7744,-1,4,0.7115,0.2877,317.15,37,32,28
GreedyPlacer,50,952,True,1.8901,-1,2,1.0489,0.3354,251.6,30,26,20
GreedyPlacer,50,953,True,1.8903,-1,4,1.3586,0.1105,415.9,43,38,27
GreedyPlacer,50,954,True,1.647,-1,1,1.3436,0.0965,257.92,29,28,26
GreedyPlacer,50,955,True,1.9463,-1,10,0.8277,0.3766,410.3,45,32,33
GreedyPlacer,50,956,True,1.8654,-1,3,1.6099,0.4338,301.76,34,37,23
GreedyPlacer,50,957,True,1.8154,-1,3,0.9962,0.5466,387.76,46,56,26
GreedyPlacer,50,958,True,1.9334,-1,6,0.8386,0.5913,333.36,37,31,33
GreedyPlacer,50,959,True,1.7692,-1,1,0.5194,0.5515,366.45,40,27,14
GreedyPlacer,50,960,True,1.7485,-1,3,0.5625,0.6923,335.9,37,28,19
GreedyPlacer,50,961,True,1.4365,-1,1,1.3311,0.4681,359.56,42,58,18
GreedyPlacer,50,962,True,1.6849,-1,2,0.8555,0.2856,453.3,49,51,36
GreedyPlacer,50,963,True,1.9428,-1,5,0.928,0.5699,361.71,41,30,33
GreedyPlacer,50,964,True,1.8053,-1,2,0.789,0.5818,338.84,39,36,18
GreedyPlacer,50,965,True,1.661,-1,2,1.1747,0.5286,388.28,43,51,28
GreedyPlacer,50,966,True,1.8908,-1,5,2.6224,-0.0175,221.32,28,32,28
GreedyPlacer,50,967,True,1.8246,-1,3,1.4337,-0.3789,346.34,41,38,35
GreedyPlacer,50,968,True,1.9082,-1,5,0.9993,0.1429,334.64,37,36,24
GreedyPlacer,50,969,True,1.7093,-1,4,1.1322,0.7582,314.95,37,39,15
GreedyPlacer,50,970,True,1.7893,-1,2,1.2385,0.3561,354.74,41,44,26
GreedyPlacer,50,971,True,1.8541,-1,6,0.96,0.6545,397.32,45,36,22
GreedyPlacer,50,972,True,1.8704,-1,3,0.9428,0.5549,351.6,39,36,22
GreedyPlacer,50,973,True,1.9094,-1,3,1.1797,0.6176,231.68,27,29,22
GreedyPlacer,50,974,True,1.8947,-1,8,0.7125,0.345,417.77,47,27,36
GreedyPlacer,50,975,True,1.7678,-1,2,1.0583,0.7,222.2,29,32,15
GreedyPlacer,50,976,True,1.8596,-1,3,1.7045,0.5895,273.86,31,37,33
GreedyPlacer,50,977,True,1.8062,-1,1,2.5333,0.5212,259.67,30,30,25
GreedyPlacer,50,978,True,1.804,-1,3,1.1244,0.2088,355.84,40,39,21
GreedyPlacer,50,979,True,1.8258,-1,6,0.7409,0.2818,386.17,43,36,32
GreedyPlacer,50,980,True,1.864,-1,4,1.5921,0.4952,402.35,45,49,26
GreedyPlacer,50,981,True,1.7858,-1,6,0.9136,0.2747,321.08,36,20,23
GreedyPlacer,50,982,True,1.7251,-1,5,1.6756,-0.1821,296.9,34,35,23
GreedyPlacer,50,983,True,1.7026,-1,3,1.3171,0.3316,371.96,41,41,24
GreedyPlacer,50,984,True,1.8299,-1,3,1.21,0.475,279.39,32,29,22
GreedyPlacer,50,985,True,1.8362,-1,4,1.003,0.5729,362.36,41,35,28
GreedyPlacer,50,986,True,1.9293,-1,2,1.2341,-0.182,383.09,42,35,30
GreedyPlacer,50,987,True,1.877,-1,6,1.1457,0.0564,399.28,41,40,23
GreedyPlacer,50,988,True,1.6491,-1,3,0.6752,0.5055,313.95,36,31,14
GreedyPlacer,50,989,True,1.7646,-1,4,1.6622,-0.1739,409.25,45,57,33
GreedyPlacer,50,990,True,1.6104,-1,3,1.6947,0.2132,325.75,37,51,25
GreedyPlacer,50,991,True,1.7428,-1,2,1.2,0.6485,402.5,45,45,15
GreedyPlacer,50,992,True,1.81,-1,3,1.0913,0.1912,369.89,42,35,15
GreedyPlacer,50,993,True,1.971,-1,7,1.0622,0.4623,389.47,43,33,32
GreedyPlacer,50,994,True,1.848,-1,2,1.6267,0.2105,393.79,45,51,32
GreedyPlacer,50,995,True,1.8781,-1,3,1.8396,0.3333,344.89,39,46,28
GreedyPlacer,50,996,True,1.7613,-1,3,0.9159,0.3714,322.69,36,37,19
GreedyPlacer,50,997,True,1.7999,-1,3,0.6467,0.6125,454.43,51,35,40
GreedyPlacer,50,998,True,1.8113,-1,4,0.9628,0.5985,293.91,34,37,39
GreedyPlacer,50,999,True,1.8818,-1,4,1.3228,0.2176,345.55,39,35,20
GreedyPlacer,60,0,True,1.8714,-1,4,0.9362,0.3032,613.16,47,47,40
GreedyPlacer,60,1,True,1.9419,-1,12,0.7716,-0.0672,656.23,50,39,43
GreedyPlacer,60,2,True,1.8143,-1,3,0.9997,0.4368,779.17,55,54,33
GreedyPlacer,60,3,True,1.8911,-1,5,1.0822,0.2254,789.23,60,52,41
GreedyPlacer,60,4,True,1.7995,-1,3,1.2308,0.6223,858.08,65,65,37
GreedyPlacer,60,5,True,1.7272,-1,6,0.7831,-0.2404,532.46,43,33,26
GreedyPlacer,60,6,True,1.7476,-1,4,0.8181,-0.0677,889.95,64,51,33
GreedyPlacer,60,7,True,1.8609,-1,5,1.6821,0.3538,691.56,54,57,39
GreedyPlacer,60,8,True,1.8968,-1,9,0.8015,0.1681,912.62,69,51,48
GreedyPlacer,60,9,True,1.8495,-1,7,0.9129,0.0596,821.48,62,57,36
GreedyPlacer,60,10,True,1.8655,-1,8,0.7839,0.3765,1155.24,83,59,55
GreedyPlacer,60,11,True,1.8608,-1,9,1.2102,0.2479,801.95,57,56,46
GreedyPlacer,60,12,True,1.8892,-1,3,0.9008,0.5012,803.36,61,53,37
GreedyPlacer,60,13,True,1.7502,-1,3,1.0044,0.422,954.82,72,65,32
GreedyPlacer,60,14,True,1.8986,-1,6,1.2092,0.5195,932.87,70,65,43
GreedyPlacer,60,15,True,1.8951,-1,2,0.9764,0.1819,787.39,60,55,41
GreedyPlacer,60,16,True,1.8754,-1,4,0.9419,-0.0722,960.78,71,68,50
GreedyPlacer,60,17,True,1.8348,-1,5,0.6715,0.633,870.69,66,45,37
GreedyPlacer,60,18,True,1.8729,-1,4,1.0335,0.3215,901.31,68,61,37
GreedyPlacer,60,19,True,1.8591,-1,5,0.9181,-0.1091,666.89,51,48,30
GreedyPlacer,60,20,True,1.9161,-1,7,1.4116,0.3553,863.67,65,61,42
GreedyPlacer,60,21,True,1.8391,-1,8,1.232,0.1018,837.25,62,52,49
GreedyPlacer,60,22,True,1.7396,-1,4,0.8668,0.3735,811.96,62,58,44
GreedyPlacer,60,23,True,1.87,-1,7,0.8634,0.0251,895.22,66,43,42
GreedyPlacer,60,24,True,1.7706,-1,6,0.7023,0.3552,1055.84,77,62,41
GreedyPlacer,60,25,True,1.7489,-1,4,1.2014,0.0636,583.82,47,42,38
GreedyPlacer,60,26,True,1.835,-1,2,1.2675,0.5077,733.5,56,55,37
GreedyPlacer,60,27,True,1.7735,-1,6,1.2537,0.3143,862.03,64,57,56
GreedyPlacer,60,28,True,1.8564,-1,3,0.8086,0.1857,840.88,64,52,46
GreedyPlacer,60,29,True,1.6449,-1,3,1.1871,0.3426,899.0,69,57,38
GreedyPlacer,60,30,True,1.7744,-1,5,1.1667,0.402,989.78,72,72,50
GreedyPlacer,60,31,True,1.8512,-1,4,0.9751,0.4505,755.04,57,48,38
GreedyPlacer,60,32,True,1.7866,-1,4,1.0604,0.1168,819.24,62,66,42
GreedyPlacer,60,33,True,1.8859,-1,7,1.2859,0.2343,959.78,71,60,40
GreedyPlacer,60,34,True,1.9099,-1,8,0.9879,0.1257,823.75,61,44,65
GreedyPlacer,60,35,True,1.7656,-1,3,0.9588,-0.0013,629.44,49,50,29
GreedyPlacer,60,36,True,1.8942,-1,6,1.0121,0.2593,850.23,65,53,50
GreedyPlacer,60,37,True,1.7418,-1,3,0.7419,0.4249,696.09,53,47,27
GreedyPlacer,60,38,True,1.8779,-1,5,0.9791,0.1464,853.49,66,61,42
GreedyPlacer,60,39,True,1.8007,-1,3,1.6066,0.394,808.7,57,66,27
GreedyPlacer,60,40,True,1.8026,-1,5,1.4158,0.569,842.64,64,69,39
GreedyPlacer,60,41,True,1.8958,-1,7,1.0221,-0.0354,786.34,59,49,38
GreedyPlacer,60,42,True,1.7352,-1,4,1.2,0.4135,558.71,45,45,24
GreedyPlacer,60,43,True,1.8719,-1,6,1.0164,0.4564,771.49,60,49,47
GreedyPlacer,60,44,True,1.66,-1,3,1.0073,0.3765,874.66,66,76,33
GreedyPlacer,60,45,True,1.9436,-1,8,1.4998,0.3134,881.75,66,65,49
GreedyPlacer,60,46,True,1.7766,-1,2,1.5099,0.491,752.04,56,61,34
GreedyPlacer,60,47,True,1.8153,-1,2,1.6356,0.1067,1004.91,75,85,51
GreedyPlacer,60,48,True,1.9227,-1,7,1.8699,0.489,828.99,62,64,40
GreedyPlacer,60,49,True,1.8124,-1,5,1.0744,0.0209,900.49,68,60,27
GreedyPlacer,60,50,True,1.7625,-1,3,1.4376,0.5417,875.54,65,71,34
GreedyPlacer,60,51,True,1.9041,-1,7,0.9834,0.1478,848.11,64,50,42
GreedyPlacer,60,52,True,1.6943,-1,4,1.638,0.4974,748.97,57,63,32
GreedyPlacer,60,53,True,1.8589,-1,8,0.9161,0.1638,832.1,63,51,41
GreedyPlacer,60,54,True,1.7984,-1,5,1.3177,0.2342,659.71,52,57,31
GreedyPlacer,60,55,True,1.8096,-1,3,1.2904,0.2965,749.53,58,55,41
GreedyPlacer,60,56,True,1.7022,-1,4,1.0323,0.2623,779.14,57,54,38
GreedyPlacer,60,57,True,1.7738,-1,4,1.4965,0.0282,924.51,68,72,44
GreedyPlacer,60,58,True,1.7929,-1,3,1.0645,0.436,826.65,62,62,37
GreedyPlacer,60,59,True,1.8691,-1,6,1.0281,0.3077,711.99,55,50,36
GreedyPlacer,60,60,True,1.9491,-1,8,1.064,0.3294,975.13,72,62,46
GreedyPlacer,60,61,True,1.9482,-1,9,0.8796,0.3552,709.85,54,45,45
GreedyPlacer,60,62,True,1.7887,-1,3,0.8968,0.4131,914.72,68,67,31
GreedyPlacer,60,63,True,1.8999,-1,7,0.8685,0.467,900.0,68,60,32
GreedyPlacer,60,64,True,1.8433,-1,4,0.7202,0.4308,804.86,61,59,36
GreedyPlacer,60,65,True,1.8124,-1,5,1.3796,0.2194,931.53,70,80,40
GreedyPlacer,60,66,True,1.6832,-1,7,1.3786,0.2827,880.86,66,89,36
GreedyPlacer,60,67,True,1.7087,-1,3,1.4822,-0.3491,691.75,52,68,29
GreedyPlacer,60,68,True,1.802,-1,3,1.187,0.261,754.48,58,61,25
GreedyPlacer,60,69,True,1.6245,-1,2,1.1894,0.4056,837.56,62,58,42
GreedyPlacer,60,70,True,1.8886,-1,4,0.9366,0.4579,900.67,66,54,51
GreedyPlacer,60,71,True,1.9468,-1,6,1.1323,0.2165,963.88,71,55,58
GreedyPlacer,60,72,True,1.837,-1,6,1.2388,0.0844,867.27,66,70,41
GreedyPlacer,60,73,True,1.8175,-1,7,1.0152,0.4303,1005.09,76,68,46
GreedyPlacer,60,74,True,1.7945,-1,5,0.9161,0.3316,818.55,63,54,50
GreedyPlacer,60,75,True,1.5714,-1,2,1.0656,0.5532,1023.24,76,77,35
GreedyPlacer,60,76,True,1.7934,-1,2,1.4023,0.3779,851.62,64,68,38
GreedyPlacer,60,77,True,1.764,-1,5,1.1331,0.5188,1028.68,77,60,55
GreedyPlacer,60,78,True,1.7908,-1,2,0.9206,0.6262,716.05,56,47,46
GreedyPlacer,60,79,True,1.7759,-1,4,1.1121,0.2328,896.65,67,77,33
GreedyPlacer,60,80,True,1.6842,-1,2,1.0511,0.4046,843.2,63,70,35
GreedyPlacer,60,81,True,1.8898,-1,8,1.1236,0.4133,946.52,71,67,38
GreedyPlacer,60,82,True,1.7603,-1,4,0.9816,0.5468,885.74,68,51,41
GreedyPlacer,60,83,True,1.8321,-1,6,1.9627,0.4937,866.63,63,83,44
GreedyPlacer,60,84,True,1.7555,-1,4,1.4428,0.1067,623.07,46,57,37
GreedyPlacer,60,85,True,1.5845,-1,2,0.7908,0.5421,910.55,67,66,40
GreedyPlacer,60,86,True,1.7494,-1,4,1.2018,0.6573,841.89,63,72,40
GreedyPlacer,60,87,True,1.9216,-1,5,1.0569,0.2493,879.22,66,62,45
GreedyPlacer,60,88,True,1.8704,-1,6,0.9008,0.2232,856.89,65,48,39
GreedyPlacer,60,89,True,1.8318,-1,8,0.9543,0.4488,893.97,67,65,41
GreedyPlacer,60,90,True,1.5981,-1,4,1.2387,0.3298,633.93,49,57,23
GreedyPlacer,60,91,True,1.9174,-1,6,1.1344,0.313,1029.34,74,72,47
GreedyPlacer,60,92,True,1.7189,-1,5,1.2741,0.2571,649.08,51,67,26
GreedyPlacer,60,93,True,1.6373,-1,4,0.9143,0.4028,921.99,70,70,36
GreedyPlacer,60,94,True,1.8375,-1,5,1.3381,-0.0892,779.59,59,70,36
GreedyPlacer,60,95,True,1.8084,-1,4,1.1798,-0.2527,679.64,53,58,22
GreedyPlacer,60,96,True,1.6815,-1,2,1.5546,-0.0623,825.56,62,72,31
GreedyPlacer,60,97,True,1.7502,-1,4,1.2743,0.501,711.66,54,46,36
GreedyPlacer,60,98,True,1.8184,-1,7,1.0477,0.1176,763.0,57,61,38
GreedyPlacer,60,99,True,1.8556,-1,4,0.7314,0.4009,883.75,65,50,36
GreedyPlacer,60,100,True,1.8124,-1,6,0.6083,0.2452,847.7,65,50,34
GreedyPlacer,60,101,True,1.899,-1,3,0.8434,-0.1494,908.4,67,57,34
GreedyPlacer,60,102,True,1.8527,-1,6,1.0294,0.1724,942.36,68,68,35
GreedyPlacer,60,103,True,1.8956,-1,6,1.3072,0.5754,777.13,61,57,47
GreedyPlacer,60,104,True,1.8744,-1,10,1.1404,0.5178,869.57,64,63,45
GreedyPlacer,60,105,True,1.8194,-1,5,0.7869,0.5023,849.52,64,51,42
GreedyPlacer,60,106,True,1.7048,-1,4,1.1308,0.2851,903.58,67,63,31
GreedyPlacer,60,107,True,1.752,-1,6,1.1712,0.1074,787.46,58,60,40
GreedyPlacer,60,108,True,1.6064,-1,2,1.2233,0.2078,757.86,60,66,29
GreedyPlacer,60,109,True,1.7902,-1,8,0.8196,0.1502,958.67,70,52,45
GreedyPlacer,60,110,True,1.7211,-1,4,0.8308,0.0265,883.11,65,65,25
GreedyPlacer,60,111,True,1.8832,-1,5,0.9991,0.199,886.81,66,68,35
GreedyPlacer,60,112,True,1.9068,-1,8,0.9667,0.3504,804.24,62,60,49
GreedyPlacer,60,113,True,1.6738,-1,3,1.3087,0.3838,665.89,51,59,33
GreedyPlacer,60,114,True,1.9494,-1,10,1.1781,0.0158,844.77,63,56,49
GreedyPlacer,60,115,True,1.8959,-1,4,1.9678,0.5889,755.41,59,76,34
GreedyPlacer,60,116,True,1.8829,-1,7,0.9917,0.2927,758.72,59,41,45
GreedyPlacer,60,117,True,1.8186,-1,7,0.8772,0.16,811.1,65,57,39
GreedyPlacer,60,118,True,1.7439,-1,5,1.0648,0.3645,841.42,63,52,46
GreedyPlacer,60,119,True,1.9264,-1,6,1.2747,0.0017,780.4,58,56,38
GreedyPlacer,60,120,True,1.762,-1,2,1.4343,0.0257,883.31,66,88,44
GreedyPlacer,60,121,True,1.7793,-1,4,0.6735,0.2243,811.65,61,42,39
GreedyPlacer,60,122,True,1.7282,-1,2,1.0189,-0.0685,883.35,67,60,49
GreedyPlacer,60,123,True,1.6797,-1,5,1.1045,0.3195,859.79,67,67,29
GreedyPlacer,60,124,True,1.7295,-1,4,1.4926,0.4358,788.83,58,63,34
GreedyPlacer,60,125,True,1.8832,-1,6,0.8717,0.4813,1111.72,79,66,46
GreedyPlacer,60,126,True,1.867,-1,2,0.9806,0.5419,941.36,70,65,35
GreedyPlacer,60,127,True,1.7551,-1,3,0.7838,0.5669,785.62,62,57,34
GreedyPlacer,60,128,True,1.8136,-1,7,0.9382,0.3972,855.14,65,66,41
GreedyPlacer,60,129,True,1.7583,-1,4,1.41,0.1835,637.13,50,55,34
GreedyPlacer,60,130,True,1.8748,-1,5,1.015,0.6665,738.1,56,45,53
GreedyPlacer,60,131,True,1.5752,-1,4,0.5953,0.563,725.76,54,44,29
GreedyPlacer,60,132,True,1.8163,-1,4,1.4444,0.2262,706.49,54,54,35
GreedyPlacer,60,133,True,1.644,-1,2,0.6068,0.1616,1160.7,85,74,39
GreedyPlacer,60,134,True,1.9482,-1,4,1.6684,0.4831,723.37,54,61,36
GreedyPlacer,60,135,True,1.712,-1,4,0.9841,0.1995,834.11,64,63,35
GreedyPlacer,60,136,True,1.8812,-1,5,1.5712,0.309,831.97,63,64,52
GreedyPlacer,60,137,True,1.7703,-1,4,0.7765,0.3881,993.17,73,60,36
GreedyPlacer,60,138,True,1.6436,-1,4,1.0731,0.2088,858.35,65,69,24
GreedyPlacer,60,139,True,1.6858,-1,3,0.5017,0.2839,849.98,64,43,38
GreedyPlacer,60,140,True,1.7761,-1,4,1.0066,0.3569,775.58,59,65,44
GreedyPlacer,60,141,True,1.9242,-1,5,1.4235,0.2552,744.74,56,52,48
GreedyPlacer,60,142,True,1.7227,-1,3,1.187,0.4193,774.15,58,61,22
GreedyPlacer,60,143,True,1.6728,-1,4,1.2034,0.5474,685.57,54,55,23
GreedyPlacer,60,144,True,1.8487,-1,4,1.3559,0.3669,1016.2,74,81,46
GreedyPlacer,60,145,True,1.7107,-1,3,0.9779,0.3439,920.86,69,63,29
GreedyPlacer,60,146,True,1.9597,-1,9,1.4352,-0.0538,820.53,62,61,41
GreedyPlacer,60,147,True,1.883,-1,7,1.24,0.2385,610.98,50,50,40
GreedyPlacer,60,148,True,1.8604,-1,3,1.5029,0.08,585.35,47,55,38
GreedyPlacer,60,149,True,1.7529,-1,3,0.9045,0.6748,1000.95,73,61,44
GreedyPlacer,60,150,True,1.6946,-1,5,1.2727,-0.012,931.74,70,62,45
GreedyPlacer,60,151,True,1.7201,-1,4,1.0481,0.405,802.46,61,59,34
GreedyPlacer,60,152,True,1.8306,-1,5,0.8822,0.2182,920.39,69,66,44
GreedyPlacer,60,153,True,1.8285,-1,4,1.1925,0.3039,888.0,62,64,34
GreedyPlacer,60,154,True,1.8205,-1,5,1.0182,0.1892,713.46,54,55,35
GreedyPlacer,60,155,True,1.8217,-1,4,1.6574,0.2644,991.54,74,84,51
GreedyPlacer,60,156,True,1.7807,-1,2,1.6945,0.2154,711.53,55,77,43
GreedyPlacer,60,157,True,1.8173,-1,6,1.1615,-0.1666,776.94,61,64,35
GreedyPlacer,60,158,True,1.6643,-1,4,1.2718,0.4906,883.85,66,64,34
GreedyPlacer,60,159,True,1.6687,-1,4,1.4374,0.7006,724.23,57,55,34
GreedyPlacer,60,160,True,1.7337,-1,3,1.0479,0.4769,835.44,62,54,36
GreedyPlacer,60,161,True,1.8256,-1,6,0.8556,0.1677,872.73,62,51,37
GreedyPlacer,60,162,True,1.7554,-1,5,0.6933,0.6886,1141.95,83,72,35
GreedyPlacer,60,163,True,1.8503,-1,6,0.867,0.3156,913.54,69,60,40
GreedyPlacer,60,164,True,1.8793,-1,5,0.9342,0.1974,802.87,63,60,34
GreedyPlacer,60,165,True,1.8674,-1,6,1.0864,0.2727,733.36,56,53,25
GreedyPlacer,60,166,True,1.7549,-1,3,0.8186,0.4241,674.43,56,39,39
GreedyPlacer,60,167,True,1.7739,-1,4,1.2656,0.3727,611.95,50,56,23
GreedyPlacer,60,168,True,1.8332,-1,8,0.9924,0.1283,1013.63,76,62,44
GreedyPlacer,60,169,True,1.8689,-1,10,1.0439,0.2308,853.53,67,69,35
GreedyPlacer,60,170,True,1.8384,-1,6,1.0043,0.0962,915.99,70,77,40
GreedyPlacer,60,171,True,1.7655,-1,3,0.9089,0.4209,750.16,59,50,31
GreedyPlacer,60,172,True,1.8031,-1,3,0.9303,0.4892,828.98,62,50,37
GreedyPlacer,60,173,True,1.7739,-1,4,2.1744,-0.0062,709.33,50,58,28
GreedyPlacer,60,174,True,1.6928,-1,2,1.3529,0.3269,911.97,65,67,24
GreedyPlacer,60,175,True,1.7068,-1,5,1.0,0.32,627.14,48,48,31
GreedyPlacer,60,176,True,1.7655,-1,3,1.5579,0.6075,552.45,44,52,29
GreedyPlacer,60,177,True,1.8151,-1,3,1.2958,0.696,916.86,71,71,38
GreedyPlacer,60,178,True,1.8551,-1,3,1.013,0.2364,992.58,76,75,42
GreedyPlacer,60,179,True,1.9388,-1,7,1.3918,0.1939,664.11,51,52,38
GreedyPlacer,60,180,True,1.8339,-1,6,0.7771,0.544,839.14,64,55,47
GreedyPlacer,60,181,True,1.8428,-1,7,1.0711,-0.0621,719.39,56,43,46
GreedyPlacer,60,182,True,1.8551,-1,6,1.5992,0.166,918.39,70,68,40
GreedyPlacer,60,183,True,1.8202,-1,5,0.6555,0.3208,773.53,58,41,43
GreedyPlacer,60,184,True,1.727,-1,4,0.9235,0.5146,967.81,74,67,37
GreedyPlacer,60,185,True,1.8545,-1,5,1.3281,0.6729,851.82,64,56,41
GreedyPlacer,60,186,True,1.8955,-1,8,1.0343,0.4566,966.85,74,58,45
GreedyPlacer,60,187,True,1.7164,-1,4,0.9382,0.4386,909.43,65,66,28
GreedyPlacer,60,188,True,1.9396,-1,10,1.06,0.4108,764.62,60,48,36
GreedyPlacer,60,189,True,1.5967,-1,2,1.571,0.5738,680.33,52,48,32
GreedyPlacer,60,190,True,1.8638,-1,3,1.4987,0.6636,742.67,56,58,37
GreedyPlacer,60,191,True,1.8911,-1,10,1.0489,0.1315,802.27,60,52,44
GreedyPlacer,60,192,True,1.9353,-1,5,1.4236,0.3,770.93,58,63,42
GreedyPlacer,60,193,True,1.7742,-1,3,1.1712,0.421,774.38,58,56,45
GreedyPlacer,60,194,True,1.9061,-1,6,0.925,-0.0578,777.53,59,54,46
GreedyPlacer,60,195,True,1.858,-1,3,1.526,0.3329,764.41,57,56,41
GreedyPlacer,60,196,True,1.8275,-1,5,1.0182,0.207,722.15,54,53,27
GreedyPlacer,60,197,True,1.7337,-1,4,0.8772,0.5638,806.35,62,52,38
GreedyPlacer,60,198,True,1.6464,-1,1,1.0224,0.5826,824.48,63,53,27
GreedyPlacer,60,199,True,1.8514,-1,6,1.244,0.272,873.18,65,68,43
GreedyPlacer,60,200,True,1.9028,-1,3,1.138,0.4313,683.62,51,41,40
GreedyPlacer,60,201,True,1.8299,-1,6,0.9025,0.279,1080.14,80,68,51
GreedyPlacer,60,202,True,1.7828,-1,4,0.7497,0.0735,797.4,60,49,32
GreedyPlacer,60,203,True,1.8621,-1,5,0.9014,0.3083,817.13,61,62,39
GreedyPlacer,60,204,True,1.8702,-1,4,1.1319,0.4164,998.93,72,66,46
GreedyPlacer,60,205,True,1.8273,-1,4,1.2742,0.4286,719.42,56,62,33
GreedyPlacer,60,206,True,1.8252,-1,4,1.1865,0.5017,844.1,64,66,35
GreedyPlacer,60,207,True,1.7762,-1,4,1.1656,0.4608,810.3,60,62,37
GreedyPlacer,60,208,True,1.9109,-1,5,1.0712,0.227,641.21,49,54,45
GreedyPlacer,60,209,True,1.8002,-1,2,1.3916,0.3928,720.31,56,58,35
GreedyPlacer,60,210,True,1.7339,-1,3,1.3079,0.4304,844.46,65,73,36
GreedyPlacer,60,211,True,1.7762,-1,3,0.9388,0.5731,618.29,49,42,29
GreedyPlacer,60,212,True,1.7765,-1,4,1.17,0.491,627.72,50,45,43
GreedyPlacer,60,213,True,1.5227,-1,4,0.8802,0.326,792.1,59,61,30
GreedyPlacer,60,214,True,1.8694,-1,6,1.1081,0.4109,986.88,74,74,42
GreedyPlacer,60,215,True,1.8614,-1,6,0.9193,0.3142,877.02,65,61,36
GreedyPlacer,60,216,True,1.5588,-1,3,1.0278,0.1793,928.63,70,72,33
GreedyPlacer,60,217,True,1.8203,-1,5,1.3539,0.263,806.84,61,66,42
GreedyPlacer,60,218,True,1.8521,-1,7,1.3989,0.1357,773.98,60,62,38
GreedyPlacer,60,219,True,1.7904,-1,7,1.0044,0.3205,979.99,72,65,51
GreedyPlacer,60,220,True,1.8761,-1,5,0.8138,0.6148,810.77,61,49,37
GreedyPlacer,60,221,True,1.7735,-1,4,0.7693,0.2577,816.95,62,53,26
GreedyPlacer,60,222,True,1.8466,-1,6,1.2481,0.2155,906.05,68,65,66
GreedyPlacer,60,223,True,1.9496,-1,8,1.3284,0.32,723.87,57,53,43
GreedyPlacer,60,224,True,1.8201,-1,4,1.4475,0.3281,802.33,62,66,45
GreedyPlacer,60,225,True,1.9379,-1,7,1.1687,0.243,923.83,68,62,49
GreedyPlacer,60,226,True,1.9328,-1,9,1.1867,0.5714,864.31,65,54,58
GreedyPlacer,60,227,True,1.7721,-1,4,1.1824,0.3252,733.04,56,66,38
GreedyPlacer,60,228,True,1.8227,-1,4,1.4732,-0.1354,704.14,56,70,33
GreedyPlacer,60,229,True,1.8177,-1,4,0.7897,0.348,898.35,66,50,58
GreedyPlacer,60,230,True,1.9328,-1,6,1.0182,0.2821,895.48,68,50,56
GreedyPlacer,60,231,True,1.8226,-1,4,1.2102,0.1098,700.8,57,58,32
GreedyPlacer,60,232,True,1.8369,-1,8,1.1771,0.2577,883.98,67,70,44
GreedyPlacer,60,233,True,1.7809,-1,5,1.1197,-0.0727,805.24,62,56,38
GreedyPlacer,60,234,True,1.7884,-1,2,1.1836,0.3831,599.57,48,51,27
GreedyPlacer,60,235,True,1.8022,-1,6,1.2371,0.0314,811.09,63,61,51
GreedyPlacer,60,236,True,1.7966,-1,7,1.2555,0.2718,884.44,66,63,48
GreedyPlacer,60,237,True,1.8095,-1,5,0.9336,0.3113,852.62,64,60,28
GreedyPlacer,60,238,True,1.9262,-1,7,0.7984,0.3913,704.19,57,35,46
GreedyPlacer,60,239,True,1.8428,-1,6,0.7181,0.4951,737.35,56,38,33
GreedyPlacer,60,240,True,1.9585,-1,7,1.92,0.4054,663.91,51,53,38
GreedyPlacer,60,241,True,1.8154,-1,6,0.8889,-0.0336,680.13,51,34,37
GreedyPlacer,60,242,True,1.7662,-1,9,1.0343,0.3379,942.71,73,67,37
GreedyPlacer,60,243,True,1.9129,-1,9,1.287,0.3963,765.04,59,57,39
GreedyPlacer,60,244,True,1.8567,-1,4,1.3475,0.31,791.9,60,63,45
GreedyPlacer,60,245,True,1.6775,-1,3,0.8514,0.4608,756.4,58,52,33
GreedyPlacer,60,246,True,1.8,-1,5,1.4131,0.3238,793.18,61,54,43
GreedyPlacer,60,247,True,1.7079,-1,4,0.9604,0.1103,633.67,50,57,30
GreedyPlacer,60,248,True,1.7363,-1,3,1.2383,0.1748,718.62,55,62,33
GreedyPlacer,60,249,True,1.751,-1,3,1.3062,0.4906,671.69,52,50,34
GreedyPlacer,60,250,True,1.6468,-1,3,1.2908,0.2157,746.4,54,58,34
GreedyPlacer,60,251,True,1.8591,-1,5,0.9067,0.3463,827.81,60,36,38
GreedyPlacer,60,252,True,1.7526,-1,3,1.2968,0.3228,561.34,46,50,28
GreedyPlacer,60,253,True,1.8375,-1,5,0.9838,0.2358,1039.68,75,71,43
GreedyPlacer,60,254,True,1.6855,-1,4,1.0784,0.4023,1059.38,70,64,35
GreedyPlacer,60,255,True,1.8771,-1,5,1.2215,0.1905,873.06,66,61,39
GreedyPlacer,60,256,True,1.6265,-1,1,1.1867,0.7144,881.76,65,76,27
GreedyPlacer,60,257,True,1.9257,-1,4,1.2497,0.2698,827.35,61,48,46
GreedyPlacer,60,258,True,1.6915,-1,3,0.9419,0.5207,695.75,52,51,29
GreedyPlacer,60,259,True,1.7823,-1,4,1.3186,0.2628,868.85,66,74,57
GreedyPlacer,60,260,True,1.8485,-1,6,1.0933,0.3044,1017.95,75,75,40
GreedyPlacer,60,261,True,1.9426,-1,3,1.2155,0.4122,587.73,46,44,32
GreedyPlacer,60,262,True,1.6431,-1,2,0.8035,0.3169,996.13,73,68,40
GreedyPlacer,60,263,True,1.8116,-1,4,1.0702,-0.0808,744.36,56,54,35
GreedyPlacer,60,264,True,1.613,-1,1,1.1902,0.4314,889.67,63,64,19
GreedyPlacer,60,265,True,1.7627,-1,5,1.0677,0.3169,1020.71,73,71,38
GreedyPlacer,60,266,True,1.868,-1,4,1.1117,0.4448,925.01,71,54,51
GreedyPlacer,60,267,True,1.8396,-1,2,0.8278,0.105,923.23,70,68,55
GreedyPlacer,60,268,True,1.909,-1,4,1.0851,0.3993,937.9,69,66,42
GreedyPlacer,60,269,True,1.8637,-1,5,1.0826,0.4489,552.17,44,48,35
GreedyPlacer,60,270,True,1.7714,-1,5,0.8921,0.2615,977.17,73,81,44
GreedyPlacer,60,271,True,1.7158,-1,3,0.9709,0.2452,990.09,73,70,41
GreedyPlacer,60,272,True,1.8444,-1,5,1.4256,0.0496,811.43,62,72,38
GreedyPlacer,60,273,True,1.9408,-1,5,1.1292,0.1291,924.91,69,57,51
GreedyPlacer,60,274,True,1.8582,-1,5,1.0586,0.3985,969.28,74,67,45
GreedyPlacer,60,275,True,1.7406,-1,4,1.1031,0.5879,764.19,57,49,35
GreedyPlacer,60,276,True,1.7728,-1,4,1.0117,0.4406,928.88,71,56,45
GreedyPlacer,60,277,True,1.9575,-1,8,0.9222,0.164,759.09,60,40,47
GreedyPlacer,60,278,True,1.9159,-1,9,0.8511,0.1277,955.68,72,58,57
GreedyPlacer,60,279,True,1.871,-1,5,1.4429,0.4281,746.54,57,67,30
GreedyPlacer,60,280,True,1.8294,-1,3,1.4973,0.3468,760.67,58,61,36
GreedyPlacer,60,281,True,1.8557,-1,7,0.6656,0.2557,769.73,60,38,43
GreedyPlacer,60,282,True,1.9263,-1,4,1.3807,0.1697,824.81,63,55,45
GreedyPlacer,60,283,True,1.8594,-1,7,0.9647,0.2948,794.81,59,51,33
GreedyPlacer,60,284,True,1.8511,-1,9,0.8767,0.5719,998.02,74,77,47
GreedyPlacer,60,285,True,1.9046,-1,5,1.1682,0.155,903.49,67,60,63
GreedyPlacer,60,286,True,1.8447,-1,4,0.7669,0.6382,800.37,63,50,48
GreedyPlacer,60,287,True,1.6911,-1,4,1.2645,0.7398,848.13,66,72,28
GreedyPlacer,60,288,True,1.4715,-1,2,1.0225,0.1672,826.02,64,70,30
GreedyPlacer,60,289,True,1.6541,-1,4,0.8103,0.7427,903.87,69,57,36
GreedyPlacer,60,290,True,1.8508,-1,6,1.1376,0.502,731.58,57,54,38
GreedyPlacer,60,291,True,1.9108,-1,7,0.8727,0.0392,660.63,51,46,25
GreedyPlacer,60,292,True,1.8357,-1,2,1.4671,0.0346,662.82,51,54,33
GreedyPlacer,60,293,True,1.5362,-1,5,1.2344,0.0999,956.43,68,66,32
GreedyPlacer,60,294,True,1.6543,-1,2,1.1155,0.4926,968.73,72,79,34
GreedyPlacer,60,295,True,1.8397,-1,6,1.0716,0.5107,907.66,68,65,37
GreedyPlacer,60,296,True,1.9324,-1,9,1.2787,0.1712,972.83,73,62,68
GreedyPlacer,60,297,True,1.9042,-1,3,1.3994,0.2294,650.79,52,44,41
GreedyPlacer,60,298,True,1.7774,-1,5,0.8402,0.4154,847.35,66,60,39
GreedyPlacer,60,299,True,1.8006,-1,3,1.2599,0.4455,802.95,61,64,29
GreedyPlacer,60,300,True,1.8634,-1,4,1.0394,0.4005,889.26,67,52,49
GreedyPlacer,60,301,True,1.8706,-1,7,0.8789,0.4416,983.97,75,66,50
GreedyPlacer,60,302,True,1.8574,-1,3,1.172,0.1384,896.29,69,72,51
GreedyPlacer,60,303,True,1.747,-1,5,0.8025,0.3861,689.7,54,48,33
GreedyPlacer,60,304,True,1.8087,-1,7,0.5023,0.4828,901.47,71,38,46
GreedyPlacer,60,305,True,1.8343,-1,6,1.2549,0.1758,914.34,71,79,53
GreedyPlacer,60,306,True,1.6046,-1,2,1.3018,0.8794,627.26,52,48,21
GreedyPlacer,60,307,True,1.8667,-1,7,1.5944,0.0684,826.11,62,65,44
GreedyPlacer,60,308,True,1.8072,-1,12,0.9944,-0.0038,1076.47,80,86,35
GreedyPlacer,60,309,True,1.9876,-1,8,0.6531,0.5183,640.09,49,28,45
GreedyPlacer,60,310,True,1.7874,-1,4,1.1296,0.2176,912.48,69,67,49
GreedyPlacer,60,311,True,1.8688,-1,4,1.1487,0.1604,763.03,57,45,41
GreedyPlacer,60,312,True,1.8635,-1,7,1.2656,0.5241,727.96,57,50,42
GreedyPlacer,60,313,True,1.8013,-1,4,1.2437,0.5517,680.56,52,63,29
GreedyPlacer,60,314,True,1.8602,-1,8,0.7741,0.4487,867.65,66,48,39
GreedyPlacer,60,315,True,1.8395,-1,5,1.4176,0.2636,947.36,71,76,53
GreedyPlacer,60,316,True,1.9041,-1,8,1.7263,0.3233,603.46,51,58,34
GreedyPlacer,60,317,True,1.8006,-1,2,1.1926,0.5098,639.93,51,54,24
GreedyPlacer,60,318,True,1.8632,-1,7,1.3041,0.52,642.06,51,56,40
GreedyPlacer,60,319,True,1.8165,-1,7,0.5803,0.3392,775.95,58,36,35
GreedyPlacer,60,320,True,1.8846,-1,6,0.7733,0.0318,749.66,60,36,45
GreedyPlacer,60,321,True,1.8625,-1,5,1.3364,0.4271,723.12,56,53,31
GreedyPlacer,60,322,True,1.8785,-1,4,1.7528,0.4887,515.46,42,52,33
GreedyPlacer,60,323,True,1.7793,-1,3,1.2847,0.442,620.31,48,52,40
GreedyPlacer,60,324,True,1.8396,-1,6,0.8635,0.2915,747.18,59,48,32
GreedyPlacer,60,325,True,1.7922,-1,6,0.652,0.4828,909.59,69,47,32
GreedyPlacer,60,326,True,1.5898,-1,5,1.1677,0.2885,743.94,58,62,26
GreedyPlacer,60,327,True,1.7962,-1,6,1.1404,0.1118,855.49,64,63,35
GreedyPlacer,60,328,True,1.8625,-1,5,1.0462,0.2059,604.87,49,43,44
GreedyPlacer,60,329,True,1.6978,-1,2,0.8636,0.657,966.44,74,65,36
GreedyPlacer,60,330,True,1.855,-1,6,1.0135,0.3893,643.74,51,47,41
GreedyPlacer,60,331,True,1.9038,-1,8,1.0106,0.1077,754.61,59,50,46
GreedyPlacer,60,332,True,1.8908,-1,3,0.9433,0.6551,776.63,63,48,31
GreedyPlacer,60,333,True,1.8854,-1,6,0.9276,0.0072,946.25,71,62,42
GreedyPlacer,60,334,True,1.8516,-1,5,1.0296,0.0456,892.35,67,66,47
GreedyPlacer,60,335,True,1.6605,-1,3,0.7091,0.403,587.44,45,47,25
GreedyPlacer,60,336,True,1.858,-1,4,0.9528,0.2095,747.2,56,50,32
GreedyPlacer,60,337,True,1.6539,-1,3,0.9717,0.0231,1046.45,78,74,42
GreedyPlacer,60,338,True,1.6949,-1,5,1.0978,0.4725,938.67,71,73,36
GreedyPlacer,60,339,True,1.6347,-1,2,1.22,0.5593,652.35,52,61,30
GreedyPlacer,60,340,True,1.92,-1,5,0.8009,0.6182,848.55,65,49,43
GreedyPlacer,60,341,True,1.9025,-1,5,0.7137,0.4476,750.92,58,37,53
GreedyPlacer,60,342,True,1.5975,-1,2,0.7732,0.2375,812.19,62,60,35
GreedyPlacer,60,343,True,1.7492,-1,3,0.9876,0.6285,627.11,50,41,33
GreedyPlacer,60,344,True,1.8725,-1,5,1.213,-0.1416,707.67,56,54,25
GreedyPlacer,60,345,True,1.7642,-1,5,1.2245,0.3156,637.35,49,49,50
GreedyPlacer,60,346,True,1.987,-1,12,1.0434,0.0672,747.29,57,45,32
GreedyPlacer,60,347,True,1.659,-1,2,1.0381,0.4148,822.69,64,54,27
GreedyPlacer,60,348,True,1.9256,-1,3,1.4307,0.3295,745.46,58,59,46
GreedyPlacer,60,349,True,1.8537,-1,4,1.173,0.519,910.98,68,72,44
GreedyPlacer,60,350,True,1.7734,-1,4,0.9344,-0.1331,779.6,62,60,33
GreedyPlacer,60,351,True,1.7563,-1,3,0.8814,0.3426,712.93,56,50,31
GreedyPlacer,60,352,True,1.9192,-1,4,1.3037,-0.0557,835.13,64,58,36
GreedyPlacer,60,353,True,1.673,-1,6,0.977,0.2134,836.43,66,56,46
GreedyPlacer,60,354,True,1.9129,-1,6,1.1082,-0.1248,762.42,58,48,43
GreedyPlacer,60,355,True,1.9125,-1,6,1.6245,0.1426,702.59,55,61,49
GreedyPlacer,60,356,True,1.9487,-1,6,0.6807,0.0327,1044.31,76,58,46
GreedyPlacer,60,357,True,1.8639,-1,7,1.1142,0.2146,894.55,68,72,42
GreedyPlacer,60,358,True,1.8886,-1,6,1.522,0.3824,748.8,58,68,41
GreedyPlacer,60,359,True,1.8341,-1,3,0.8939,0.3816,895.01,70,60,53
GreedyPlacer,60,360,True,1.7398,-1,5,1.0569,0.5143,836.68,66,70,47
GreedyPlacer,60,361,True,1.81,-1,6,0.7396,0.4597,881.24,70,66,38
GreedyPlacer,60,362,True,1.8764,-1,5,1.2728,0.4577,898.64,69,60,50
GreedyPlacer,60,363,True,1.8511,-1,5,1.3781,0.7009,741.27,58,56,38
GreedyPlacer,60,364,True,1.7432,-1,7,1.3851,0.0165,699.98,55,45,34
GreedyPlacer,60,365,True,1.8126,-1,4,0.8201,0.5415,877.28,68,64,42
GreedyPlacer,60,366,True,1.8976,-1,5,1.5175,0.0209,719.9,56,55,34
GreedyPlacer,60,367,True,1.8862,-1,5,1.0027,0.4661,740.42,58,51,43
GreedyPlacer,60,368,True,1.8081,-1,4,1.1164,0.4492,772.69,60,61,40
GreedyPlacer,60,369,True,1.826,-1,4,1.6271,-0.1182,745.02,59,59,56
GreedyPlacer,60,370,True,1.8919,-1,3,1.864,0.2091,662.28,53,61,47
GreedyPlacer,60,371,True,1.8231,-1,7,0.844,0.3637,808.23,65,42,58
GreedyPlacer,60,372,True,1.8888,-1,7,1.1636,0.464,687.65,54,51,36
GreedyPlacer,60,373,True,1.7816,-1,9,1.1156,0.2767,761.93,60,52,27
GreedyPlacer,60,374,True,1.8673,-1,7,1.0452,0.0687,678.37,57,48,37
GreedyPlacer,60,375,True,1.8392,-1,8,0.9308,0.0582,976.15,74,77,36
GreedyPlacer,60,376,True,1.7265,-1,5,1.2261,0.4345,689.58,53,54,33
GreedyPlacer,60,377,True,1.9456,-1,9,1.6164,0.5446,617.54,50,47,35
GreedyPlacer,60,378,True,1.6887,-1,4,1.3593,0.2294,784.02,62,75,34
GreedyPlacer,60,379,True,1.7161,-1,4,0.7308,0.5426,883.16,68,53,39
GreedyPlacer,60,380,True,1.8455,-1,3,1.7497,0.1762,775.28,60,61,37
GreedyPlacer,60,381,True,1.8126,-1,6,1.1393,0.1863,867.12,68,62,37
GreedyPlacer,60,382,True,1.8495,-1,7,0.9168,0.1982,801.91,62,48,28
GreedyPlacer,60,383,True,1.7869,-1,4,0.7832,0.2339,880.48,67,54,46
GreedyPlacer,60,384,True,1.8944,-1,9,1.6345,0.441,806.83,64,59,48
GreedyPlacer,60,385,True,1.7557,-1,5,0.8697,0.4083,861.92,67,60,41
GreedyPlacer,60,386,True,1.7326,-1,5,1.6709,0.4247,805.31,63,82,39
GreedyPlacer,60,387,True,1.8473,-1,3,1.1649,0.2151,628.84,51,42,49
GreedyPlacer,60,388,True,1.8618,-1,8,0.7918,0.3544,958.08,74,54,56
GreedyPlacer,60,389,True,1.9244,-1,4,1.4973,0.3765,737.82,58,55,30
GreedyPlacer,60,390,True,1.7293,-1,3,1.0433,0.5542,753.88,61,49,40
GreedyPlacer,60,391,True,1.8612,-1,7,1.382,0.1813,717.98,58,51,37
GreedyPlacer,60,392,True,1.7449,-1,5,1.2092,0.3882,920.13,70,75,51
GreedyPlacer,60,393,True,1.6568,-1,2,1.2367,0.3761,959.49,74,80,39
GreedyPlacer,60,394,True,1.7454,-1,8,0.9275,-0.2161,866.94,64,45,39
GreedyPlacer,60,395,True,1.7319,-1,2,1.265,0.6571,899.3,56,59,33
GreedyPlacer,60,396,True,1.9244,-1,6,1.1368,0.4034,870.25,66,52,40
GreedyPlacer,60,397,True,1.9357,-1,6,1.0586,0.3295,936.79,74,67,51
GreedyPlacer,60,398,True,1.9448,-1,8,0.9539,0.484,894.55,68,65,47
GreedyPlacer,60,399,True,1.6775,-1,4,1.2996,-0.1684,743.61,58,64,24
GreedyPlacer,60,400,True,1.6112,-1,4,1.075,0.7286,663.23,51,54,28
GreedyPlacer,60,401,True,1.8611,-1,5,1.3484,0.4585,956.82,74,78,51
GreedyPlacer,60,402,True,1.7755,-1,4,1.3958,0.547,823.67,63,65,41
GreedyPlacer,60,403,True,1.8206,-1,4,1.3905,0.2739,882.93,69,71,40
GreedyPlacer,60,404,True,1.9286,-1,6,1.454,0.2824,746.39,57,49,51
GreedyPlacer,60,405,True,1.844,-1,3,1.1056,0.5193,572.15,54,50,24
GreedyPlacer,60,406,True,1.6453,-1,3,0.76,0.405,799.7,61,51,48
GreedyPlacer,60,407,True,1.6267,-1,2,1.3428,0.3891,826.35,64,66,23
GreedyPlacer,60,408,True,1.7445,-1,4,1.61,0.3197,921.14,71,78,43
GreedyPlacer,60,409,True,1.8141,-1,4,0.8952,0.2933,893.24,69,65,43
GreedyPlacer,60,410,True,1.9525,-1,8,1.0785,0.7481,822.86,57,45,38
GreedyPlacer,60,411,True,1.9494,-1,5,1.2774,0.273,693.66,54,55,42
GreedyPlacer,60,412,True,1.7897,-1,6,1.3808,0.5293,838.01,65,56,42
GreedyPlacer,60,413,True,1.8679,-1,4,0.7756,0.3558,783.85,61,46,36
GreedyPlacer,60,414,True,1.9216,-1,6,0.6961,0.3853,862.07,66,46,45
GreedyPlacer,60,415,True,1.7197,-1,2,0.7863,0.4554,733.8,58,49,35
GreedyPlacer,60,416,True,1.7448,-1,4,1.2145,-0.139,714.92,55,66,29
GreedyPlacer,60,417,True,1.7421,-1,3,1.2558,0.1716,489.63,39,38,22
GreedyPlacer,60,418,True,1.7902,-1,7,0.9377,0.2906,672.03,53,49,48
GreedyPlacer,60,419,True,1.8711,-1,7,1.0056,0.2814,776.87,60,50,44
GreedyPlacer,60,420,True,1.9435,-1,4,0.6972,0.1406,684.85,54,37,38
GreedyPlacer,60,421,True,1.7941,-1,5,1.1927,0.2093,925.73,70,76,45
GreedyPlacer,60,422,True,1.7206,-1,3,0.8363,0.5123,623.37,49,50,20
GreedyPlacer,60,423,True,1.8992,-1,6,1.3333,0.4702,828.49,63,63,41
GreedyPlacer,60,424,True,1.724,-1,3,1.2112,0.1421,664.94,52,53,32
GreedyPlacer,60,425,True,1.8307,-1,3,1.4034,0.5563,867.63,66,71,39
GreedyPlacer,60,426,True,1.9427,-1,8,0.9476,0.4007,657.17,50,41,51
GreedyPlacer,60,427,True,1.8689,-1,4,1.441,0.6138,921.26,70,73,34
GreedyPlacer,60,428,True,1.7848,-1,3,1.2336,0.3824,636.06,50,54,22
GreedyPlacer,60,429,True,1.8071,-1,4,1.0801,0.4237,696.99,59,55,40
GreedyPlacer,60,430,True,1.6882,-1,4,1.1193,0.0797,629.75,53,59,28
GreedyPlacer,60,431,True,1.7274,-1,2,1.04,0.1536,627.44,50,50,16
GreedyPlacer,60,432,True,1.9544,-1,4,1.1623,0.3046,762.26,59,54,35
GreedyPlacer,60,433,True,1.8683,-1,8,0.949,0.3656,891.19,69,63,44
GreedyPlacer,60,434,True,1.6335,-1,4,0.9972,0.5122,739.0,57,54,35
GreedyPlacer,60,435,True,1.9197,-1,5,0.6489,0.3366,969.15,73,51,39
GreedyPlacer,60,436,True,1.8674,-1,7,1.0016,0.1785,603.04,50,36,40
GreedyPlacer,60,437,True,1.915,-1,11,1.2904,0.2913,735.67,58,55,39
GreedyPlacer,60,438,True,1.6796,-1,6,1.5969,0.3623,756.89,61,67,34
GreedyPlacer,60,439,True,1.6614,-1,5,0.875,0.503,895.46,67,62,40
GreedyPlacer,60,440,True,1.8284,-1,5,1.2379,-0.1363,826.64,65,75,48
GreedyPlacer,60,441,True,1.8271,-1,5,0.7623,0.5106,864.48,67,53,41
GreedyPlacer,60,442,True,1.8574,-1,9,0.6116,0.4503,908.27,69,49,62
GreedyPlacer,60,443,True,1.8492,-1,5,1.2322,-0.1026,703.17,54,59,34
GreedyPlacer,60,444,True,1.7939,-1,3,1.3341,-0.0281,643.79,51,58,30
GreedyPlacer,60,445,True,1.6202,-1,1,0.8054,0.8273,813.72,62,60,23
GreedyPlacer,60,446,True,1.8709,-1,7,0.8505,0.0815,602.59,49,45,22
GreedyPlacer,60,447,True,1.7642,-1,2,1.3841,0.3054,751.32,58,68,37
GreedyPlacer,60,448,True,1.8888,-1,7,1.4558,0.3253,795.06,57,56,46
GreedyPlacer,60,449,True,1.7883,-1,5,0.9584,0.403,1011.52,70,62,35
GreedyPlacer,60,450,True,1.9597,-1,4,0.7207,0.5138,665.36,55,30,39
GreedyPlacer,60,451,True,1.9053,-1,5,1.033,0.607,806.7,63,52,43
GreedyPlacer,60,452,True,1.6572,-1,2,0.898,0.1558,713.11,58,71,28
GreedyPlacer,60,453,True,1.876,-1,5,0.9238,0.5057,905.97,69,54,44
GreedyPlacer,60,454,True,1.9059,-1,6,1.3163,0.0171,713.92,56,60,41
GreedyPlacer,60,455,True,1.6106,-1,3,1.8024,0.3584,734.31,51,70,26
GreedyPlacer,60,456,True,1.762,-1,5,1.072,0.4634,921.47,64,59,35
GreedyPlacer,60,457,True,1.8384,-1,5,1.2467,-0.0808,921.15,70,81,44
GreedyPlacer,60,458,True,1.9064,-1,8,0.8275,0.3511,827.16,65,38,59
GreedyPlacer,60,459,True,1.9384,-1,4,0.9432,0.249,565.69,45,40,33
GreedyPlacer,60,460,True,1.6874,-1,2,0.6663,0.5833,527.32,43,31,28
GreedyPlacer,60,461,True,1.8725,-1,5,0.765,0.0557,701.87,56,45,38
GreedyPlacer,60,462,True,1.9286,-1,6,1.0196,0.1987,603.37,49,39,34
GreedyPlacer,60,463,True,1.8302,-1,3,1.21,0.4304,842.34,64,70,32
GreedyPlacer,60,464,True,1.7652,-1,4,1.1389,0.2226,944.81,72,72,42
GreedyPlacer,60,465,True,1.927,-1,5,1.3209,0.646,792.96,59,57,41
GreedyPlacer,60,466,True,1.7234,-1,4,1.0804,0.3999,885.06,68,74,37
GreedyPlacer,60,467,True,1.5912,-1,1,1.5394,0.3105,832.52,65,81,37
GreedyPlacer,60,468,True,1.7665,-1,6,1.2292,0.3331,796.71,61,60,40
GreedyPlacer,60,469,True,1.801,-1,5,0.7292,0.0172,1013.75,74,59,36
GreedyPlacer,60,470,True,1.8873,-1,7,1.2092,0.3834,920.61,62,54,52
GreedyPlacer,60,471,True,1.7637,-1,4,1.2639,0.3995,655.07,48,56,30
GreedyPlacer,60,472,True,1.8406,-1,3,1.4731,0.5166,880.74,59,67,41
GreedyPlacer,60,473,True,1.8203,-1,4,1.5421,0.252,803.79,59,58,37
GreedyPlacer,60,474,True,1.8079,-1,3,1.3264,0.5031,590.78,48,44,31
GreedyPlacer,60,475,True,1.8071,-1,3,0.8305,0.5796,605.68,49,41,38
GreedyPlacer,60,476,True,1.8551,-1,7,0.742,0.5366,887.99,70,58,38
GreedyPlacer,60,477,True,1.9086,-1,5,1.1656,0.2161,782.34,60,58,40
GreedyPlacer,60,478,True,1.7821,-1,4,1.3429,0.1961,809.8,63,68,32
GreedyPlacer,60,479,True,1.9004,-1,8,0.9625,0.3101,812.34,62,50,43
GreedyPlacer,60,480,True,1.7244,-1,6,0.84,0.1158,753.52,59,47,28
GreedyPlacer,60,481,True,1.7371,-1,5,0.9752,0.578,1061.17,81,80,34
GreedyPlacer,60,482,True,1.8411,-1,3,1.2673,0.5419,953.27,74,78,34
GreedyPlacer,60,483,True,1.8879,-1,4,0.9753,0.2364,718.1,58,53,34
GreedyPlacer,60,484,True,1.7658,-1,5,1.0527,0.4051,888.61,69,64,52
GreedyPlacer,60,485,True,1.8029,-1,6,1.4555,0.3388,777.52,61,75,41
GreedyPlacer,60,486,True,1.868,-1,6,1.1912,0.2653,846.05,66,61,46
GreedyPlacer,60,487,True,1.8466,-1,6,0.9156,0.1214,683.17,53,48,39
GreedyPlacer,60,488,True,1.6768,-1,4,1.4717,0.4511,682.42,53,53,29
GreedyPlacer,60,489,True,1.5226,-1,1,1.0929,0.2382,706.66,55,62,20
GreedyPlacer,60,490,True,1.8611,-1,4,1.0137,0.2234,878.37,69,71,44
GreedyPlacer,60,491,True,1.8869,-1,9,0.6653,0.16,900.27,71,57,40
GreedyPlacer,60,492,True,1.9331,-1,11,1.4458,0.1327,882.11,67,64,46
GreedyPlacer,60,493,True,1.8482,-1,5,1.6459,0.3976,815.31,65,66,43
GreedyPlacer,60,494,True,1.8048,-1,5,0.7828,0.2254,712.52,56,39,35
GreedyPlacer,60,495,True,1.9758,-1,4,0.962,0.4969,829.71,63,58,43
GreedyPlacer,60,496,True,1.7775,-1,4,0.9803,0.5079,976.22,75,69,49
GreedyPlacer,60,497,True,1.8568,-1,7,1.1082,0.2273,741.0,58,48,30
GreedyPlacer,60,498,True,1.7201,-1,4,1.2497,0.6316,767.75,61,74,28
GreedyPlacer,60,499,True,1.8708,-1,3,1.3962,0.3723,656.93,53,53,31
GreedyPlacer,60,500,True,1.8643,-1,10,0.941,0.3953,853.9,67,59,62
GreedyPlacer,60,501,True,1.7211,-1,3,0.9837,0.2609,828.04,65,67,38
GreedyPlacer,60,502,True,1.9414,-1,7,0.8708,0.3771,821.55,64,55,43
GreedyPlacer,60,503,True,1.7517,-1,5,0.8478,0.3135,956.1,73,64,41
GreedyPlacer,60,504,True,1.8088,-1,3,1.1727,0.0198,693.57,57,60,31
GreedyPlacer,60,505,True,1.8003,-1,3,1.1321,0.4167,985.43,77,69,48
GreedyPlacer,60,506,True,1.7448,-1,4,0.9294,0.1971,864.47,67,60,30
GreedyPlacer,60,507,True,1.9354,-1,6,1.6885,0.1487,747.26,58,60,55
GreedyPlacer,60,508,True,1.8256,-1,6,1.4764,0.2273,701.01,55,77,48
GreedyPlacer,60,509,True,1.8133,-1,3,1.241,0.356,914.47,70,67,54
GreedyPlacer,60,510,True,1.8803,-1,6,0.8933,-0.1976,851.59,65,49,50
GreedyPlacer,60,511,True,1.6499,-1,1,1.61,0.3419,715.49,58,64,28
GreedyPlacer,60,512,True,1.7962,-1,4,0.9077,0.4698,958.35,75,63,43
GreedyPlacer,60,513,True,1.6886,-1,6,0.8207,0.5484,732.68,58,49,35
GreedyPlacer,60,514,True,1.5534,-1,4,1.0333,0.1502,741.13,58,56,38
GreedyPlacer,60,515,True,1.7673,-1,4,1.2087,0.4655,808.05,67,68,40
GreedyPlacer,60,516,True,1.8953,-1,8,1.4949,0.2423,898.04,70,75,41
GreedyPlacer,60,517,True,1.5838,-1,1,1.1189,0.1614,733.95,58,66,19
GreedyPlacer,60,518,True,1.8974,-1,7,0.9002,0.3499,931.1,71,52,46
GreedyPlacer,60,519,True,1.7485,-1,4,1.1469,0.1383,495.53,41,50,30
GreedyPlacer,60,520,True,1.9609,-1,6,1.2435,0.4926,709.6,57,49,50
GreedyPlacer,60,521,True,1.8155,-1,8,1.3686,0.3039,791.88,63,70,42
GreedyPlacer,60,522,True,1.7809,-1,6,0.8772,0.2217,784.41,62,52,44
GreedyPlacer,60,523,True,1.9077,-1,5,1.0459,0.4185,828.98,66,52,47
GreedyPlacer,60,524,True,1.7988,-1,5,0.9517,0.3103,706.91,57,47,52
GreedyPlacer,60,525,True,1.7939,-1,6,0.6911,0.6908,761.37,58,45,29
GreedyPlacer,60,526,True,1.8692,-1,6,1.0146,0.1798,736.66,58,55,40
GreedyPlacer,60,527,True,1.7755,-1,6,1.3469,0.5092,823.45,63,60,35
GreedyPlacer,60,528,True,1.7695,-1,3,0.8789,0.2338,888.59,68,64,43
GreedyPlacer,60,529,True,1.8966,-1,4,1.5445,0.2759,676.28,57,70,36
GreedyPlacer,60,530,True,1.7003,-1,2,1.0303,0.6043,817.36,64,62,37
GreedyPlacer,60,531,True,1.6652,-1,4,0.7496,0.3607,656.61,52,53,28
GreedyPlacer,60,532,True,1.8132,-1,4,1.0988,-0.0326,625.26,51,44,38
GreedyPlacer,60,533,True,1.8805,-1,4,0.8469,0.3862,715.63,58,43,36
GreedyPlacer,60,534,True,1.8199,-1,8,0.942,0.3621,935.04,70,68,44
GreedyPlacer,60,535,True,1.8043,-1,5,0.8276,0.0789,871.47,66,61,42
GreedyPlacer,60,536,True,1.9061,-1,5,0.9853,0.6097,773.8,59,46,41
GreedyPlacer,60,537,True,1.8317,-1,6,1.2222,0.4123,853.11,65,59,57
GreedyPlacer,60,538,True,1.7524,-1,2,0.7191,0.2998,655.07,53,43,31
GreedyPlacer,60,539,True,1.9458,-1,5,0.7789,0.4359,633.97,53,41,34
GreedyPlacer,60,540,True,1.7837,-1,4,1.1801,0.4121,742.98,59,68,39
GreedyPlacer,60,541,True,1.7527,-1,4,1.0764,0.22,929.77,72,66,30
GreedyPlacer,60,542,True,1.9409,-1,9,0.6711,0.4789,940.77,72,47,58
GreedyPlacer,60,543,True,1.7447,-1,5,0.8464,0.3949,739.1,57,47,36
GreedyPlacer,60,544,True,1.6077,-1,1,1.2215,0.5068,879.54,68,76,32
GreedyPlacer,60,545,True,1.8002,-1,5,0.838,0.2083,658.51,49,37,32
GreedyPlacer,60,546,True,1.8583,-1,6,1.4471,0.3551,1102.44,77,88,60
GreedyPlacer,60,547,True,1.6307,-1,3,1.0,0.1868,690.27,54,54,22
GreedyPlacer,60,548,True,1.4566,-1,1,1.4069,0.6618,698.29,55,78,20
GreedyPlacer,60,549,True,1.7717,-1,5,0.932,0.7357,764.24,61,58,38
GreedyPlacer,60,550,True,1.9611,-1,6,1.16,0.2833,908.91,70,56,49
GreedyPlacer,60,551,True,1.8737,-1,3,1.4472,-0.0178,695.01,54,64,34
GreedyPlacer,60,552,True,1.8595,-1,7,1.0764,0.1702,599.41,48,44,28
GreedyPlacer,60,553,True,1.6582,-1,2,0.9751,0.6038,792.51,63,48,28
GreedyPlacer,60,554,True,1.9297,-1,9,1.2155,0.1136,894.31,70,62,50
GreedyPlacer,60,555,True,1.794,-1,5,1.4164,0.321,746.5,60,61,46
GreedyPlacer,60,556,True,1.8481,-1,5,1.1071,0.4987,795.23,63,59,35
GreedyPlacer,60,557,True,1.7983,-1,4,0.6942,0.1084,513.47,46,39,18
GreedyPlacer,60,558,True,1.8382,-1,3,1.0037,-0.4012,846.41,64,57,37
GreedyPlacer,60,559,True,1.9516,-1,6,1.8726,0.2473,869.62,67,73,53
GreedyPlacer,60,560,True,1.7848,-1,3,1.3344,0.4654,626.18,50,58,37
GreedyPlacer,60,561,True,1.8727,-1,7,1.2396,0.3059,795.75,62,59,57
GreedyPlacer,60,562,True,1.8687,-1,5,0.7641,0.0209,654.75,54,38,34
GreedyPlacer,60,563,True,1.8547,-1,4,1.1773,0.5909,709.54,56,54,32
GreedyPlacer,60,564,True,1.8818,-1,8,1.3164,0.3882,771.49,60,49,58
GreedyPlacer,60,565,True,1.8517,-1,6,0.8906,0.1242,809.43,64,56,46
GreedyPlacer,60,566,True,1.8517,-1,3,1.1172,0.414,833.35,65,70,40
GreedyPlacer,60,567,True,1.9474,-1,8,1.2956,0.0477,779.4,60,56,43
GreedyPlacer,60,568,True,1.7726,-1,3,1.1645,0.0947,1013.62,78,91,51
GreedyPlacer,60,569,True,1.665,-1,7,0.556,0.1923,906.82,68,59,31
GreedyPlacer,60,570,True,1.7433,-1,3,1.2003,0.7561,672.19,54,46,24
GreedyPlacer,60,571,True,1.879,-1,3,1.3636,0.4157,872.94,66,66,48
GreedyPlacer,60,572,True,1.8243,-1,4,1.1918,0.4291,971.07,75,64,41
GreedyPlacer,60,573,True,1.82,-1,3,1.5748,0.2384,744.67,59,67,38
GreedyPlacer,60,574,True,1.7088,-1,4,1.288,0.3675,930.91,73,85,40
GreedyPlacer,60,575,True,1.8992,-1,5,0.8861,0.2457,840.67,66,56,51
GreedyPlacer,60,576,True,1.7367,-1,3,1.1519,0.4664,789.61,62,56,28
GreedyPlacer,60,577,True,1.8674,-1,4,0.875,0.1308,775.44,59,50,42
GreedyPlacer,60,578,True,1.8702,-1,5,1.1658,0.2796,827.87,64,69,42
GreedyPlacer,60,579,True,1.9438,-1,6,1.0191,0.5073,1014.89,78,64,62
GreedyPlacer,60,580,True,1.8775,-1,7,0.7131,0.1373,921.52,73,54,51
GreedyPlacer,60,581,True,1.6362,-1,2,0.9779,0.6146,571.61,49,47,40
GreedyPlacer,60,582,True,1.7663,-1,5,1.6071,-0.1569,826.75,65,75,34
GreedyPlacer,60,583,True,1.8493,-1,3,1.2698,0.5492,757.78,59,51,43
GreedyPlacer,60,584,True,1.8718,-1,6,1.2455,0.1338,889.38,69,67,50
GreedyPlacer,60,585,True,1.798,-1,3,1.566,0.2051,727.14,57,78,40
GreedyPlacer,60,586,True,1.8487,-1,4,1.0653,0.0017,775.02,61,62,41
GreedyPlacer,60,587,True,1.6848,-1,3,1.0788,0.4348,740.96,58,63,42
GreedyPlacer,60,588,True,1.8211,-1,6,1.0359,0.6751,897.69,69,63,45
GreedyPlacer,60,589,True,1.8608,-1,6,1.2787,0.3389,930.2,61,61,47
GreedyPlacer,60,590,True,1.8477,-1,2,1.6986,0.6337,650.03,51,62,38
GreedyPlacer,60,591,True,1.7908,-1,7,1.3765,0.539,942.96,72,64,47
GreedyPlacer,60,592,True,1.8909,-1,5,1.4286,0.2472,830.13,65,62,46
GreedyPlacer,60,593,True,1.8796,-1,4,0.8859,0.5377,746.53,58,52,47
GreedyPlacer,60,594,True,1.8669,-1,4,2.1997,0.0862,705.7,55,76,40
GreedyPlacer,60,595,True,1.8555,-1,6,1.2867,0.5678,1069.95,81,66,50
GreedyPlacer,60,596,True,1.7518,-1,2,1.3732,0.3035,697.87,55,64,27
GreedyPlacer,60,597,True,1.8668,-1,5,1.3316,0.1118,601.88,48,46,40
GreedyPlacer,60,598,True,1.7051,-1,2,1.0417,0.6857,547.96,48,48,33
GreedyPlacer,60,599,True,1.8711,-1,6,1.1428,0.386,783.96,62,59,48
GreedyPlacer,60,600,True,1.8997,-1,7,1.1886,0.3744,969.75,75,83,43
GreedyPlacer,60,601,True,1.979,-1,8,1.5136,-0.2298,632.45,50,54,35
GreedyPlacer,60,602,True,1.7921,-1,5,0.9127,0.5575,927.28,73,63,41
GreedyPlacer,60,603,True,1.7893,-1,3,1.0497,0.7456,779.62,60,49,38
GreedyPlacer,60,604,True,1.7648,-1,2,0.959,0.3571,992.0,76,79,39
GreedyPlacer,60,605,True,1.8473,-1,4,1.3747,0.1477,693.81,56,57,41
GreedyPlacer,60,606,True,1.8657,-1,4,1.3932,0.3786,476.54,41,47,27
GreedyPlacer,60,607,True,1.8046,-1,3,1.4612,0.144,567.73,46,40,28
GreedyPlacer,60,608,True,1.8704,-1,5,1.1228,-0.3043,832.74,65,64,38
GreedyPlacer,60,609,True,1.7414,-1,4,0.8256,0.1562,797.16,61,51,36
GreedyPlacer,60,610,True,1.8872,-1,8,0.7803,0.2479,943.99,73,52,41
GreedyPlacer,60,611,True,1.801,-1,3,0.8793,0.373,985.08,75,73,36
GreedyPlacer,60,612,True,1.8222,-1,4,1.1962,0.5039,843.29,65,69,36
GreedyPlacer,60,613,True,1.812,-1,4,0.8654,0.5735,759.03,61,47,40
GreedyPlacer,60,614,True,1.8,-1,6,1.0264,0.4683,905.58,71,68,35
GreedyPlacer,60,615,True,1.7845,-1,5,0.73,0.2391,622.27,50,35,32
GreedyPlacer,60,616,True,1.8971,-1,4,1.1475,0.3218,833.28,64,58,40
GreedyPlacer,60,617,True,1.8767,-1,5,0.9873,0.3519,1032.79,80,81,32
GreedyPlacer,60,618,True,1.855,-1,7,0.8889,0.3993,973.99,75,65,43
GreedyPlacer,60,619,True,1.8943,-1,5,0.94,0.1148,556.33,46,37,42
GreedyPlacer,60,620,True,1.9401,-1,7,1.6823,0.2579,858.12,66,58,53
GreedyPlacer,60,621,True,1.6808,-1,4,1.0564,0.2531,618.63,50,53,38
GreedyPlacer,60,622,True,1.8428,-1,4,1.4379,0.3785,653.7,52,60,45
GreedyPlacer,60,623,True,1.8287,-1,3,1.3403,0.6038,631.17,49,45,33
GreedyPlacer,60,624,True,1.8208,-1,3,1.1293,0.1605,688.1,55,62,54
GreedyPlacer,60,625,True,1.7421,-1,7,0.7908,0.2138,868.12,67,68,38
GreedyPlacer,60,626,True,1.9242,-1,9,1.556,0.0682,819.44,65,76,52
GreedyPlacer,60,627,True,1.8392,-1,6,1.5425,0.468,713.97,55,63,42
GreedyPlacer,60,628,True,1.8292,-1,5,0.7942,0.4652,758.45,60,51,37
GreedyPlacer,60,629,True,1.9256,-1,9,1.1492,0.4185,917.81,73,64,45
GreedyPlacer,60,630,True,1.7318,-1,4,1.1989,0.2253,770.26,60,58,31
GreedyPlacer,60,631,True,1.9048,-1,5,1.1116,0.5095,864.94,67,54,51
GreedyPlacer,60,632,True,1.7732,-1,3,1.2491,0.3087,767.14,61,68,38
GreedyPlacer,60,633,True,1.7965,-1,5,0.919,0.4071,694.69,55,50,34
GreedyPlacer,60,634,True,1.848,-1,4,1.9184,0.3522,619.92,49,63,45
GreedyPlacer,60,635,True,1.8399,-1,5,1.3288,0.5128,788.72,62,72,35
GreedyPlacer,60,636,True,1.8346,-1,3,0.7258,0.1077,414.42,38,34,16
GreedyPlacer,60,637,True,1.7345,-1,3,0.8127,0.373,814.14,62,52,41
GreedyPlacer,60,638,True,1.8615,-1,5,1.1372,0.4835,705.38,55,50,42
GreedyPlacer,60,639,True,1.7819,-1,4,0.9788,0.3281,929.1,71,77,41
GreedyPlacer,60,640,True,1.9217,-1,6,0.9624,0.4187,844.24,67,54,40
GreedyPlacer,60,641,True,1.9544,-1,5,1.4149,0.4383,567.4,48,46,41
GreedyPlacer,60,642,True,1.9714,-1,4,0.9008,0.5843,824.36,65,43,63
GreedyPlacer,60,643,True,1.7265,-1,6,0.9263,0.0805,759.19,58,54,35
GreedyPlacer,60,644,True,1.8021,-1,3,1.4689,0.4791,876.21,68,80,29
GreedyPlacer,60,645,True,1.9034,-1,3,1.2863,0.2055,881.67,68,62,46
GreedyPlacer,60,646,True,1.7484,-1,4,0.7489,0.2271,854.15,67,51,35
GreedyPlacer,60,647,True,1.7001,-1,4,0.7763,0.5154,910.0,70,54,48
GreedyPlacer,60,648,True,1.8811,-1,7,1.2709,-0.1193,676.76,59,60,35
GreedyPlacer,60,649,True,1.7283,-1,4,1.39,0.0721,766.63,60,66,31
GreedyPlacer,60,650,True,1.8903,-1,6,0.9897,0.388,874.7,69,53,44
GreedyPlacer,60,651,True,1.7634,-1,7,0.786,0.0231,743.45,58,42,41
GreedyPlacer,60,652,True,1.8632,-1,5,1.3199,0.3895,860.81,69,77,40
GreedyPlacer,60,653,True,1.6944,-1,4,1.3587,0.4703,958.52,74,90,44
GreedyPlacer,60,654,True,1.8914,-1,5,0.883,0.0492,841.97,67,49,54
GreedyPlacer,60,655,True,1.678,-1,4,0.9517,0.4579,730.65,57,47,31
GreedyPlacer,60,656,True,1.8982,-1,6,0.9682,0.3138,696.46,58,51,53
GreedyPlacer,60,657,True,1.9291,-1,4,1.0431,0.0903,731.75,60,55,52
GreedyPlacer,60,658,True,1.7792,-1,3,1.287,-0.2547,697.93,54,63,31
GreedyPlacer,60,659,True,1.7809,-1,3,1.5865,-0.0118,581.21,46,47,22
GreedyPlacer,60,660,True,1.505,-1,2,0.7056,0.413,772.91,60,50,25
GreedyPlacer,60,661,True,1.809,-1,3,1.2469,0.5271,924.34,72,68,37
GreedyPlacer,60,662,True,1.8299,-1,5,0.9497,0.3165,763.42,61,63,32
GreedyPlacer,60,663,True,1.7963,-1,5,1.1671,0.0484,825.29,66,74,27
GreedyPlacer,60,664,True,1.9256,-1,6,1.3273,0.2739,745.93,58,57,36
GreedyPlacer,60,665,True,1.877,-1,5,1.3789,0.3003,864.83,68,64,53
GreedyPlacer,60,666,True,1.6405,-1,4,0.9403,0.1718,848.65,68,70,47
GreedyPlacer,60,667,True,1.6929,-1,5,1.0997,0.4754,1013.81,77,93,39
GreedyPlacer,60,668,True,1.8057,-1,7,1.0169,-0.1035,657.6,55,42,39
GreedyPlacer,60,669,True,1.8968,-1,6,1.1695,0.2245,958.11,76,73,48
GreedyPlacer,60,670,True,1.8016,-1,3,1.3887,0.0335,753.65,59,57,37
GreedyPlacer,60,671,True,1.8166,-1,4,0.7943,-0.0175,645.68,51,46,35
GreedyPlacer,60,672,True,1.916,-1,3,0.954,0.627,755.11,61,54,42
GreedyPlacer,60,673,True,1.7297,-1,5,1.2446,0.3123,841.66,68,73,38
GreedyPlacer,60,674,True,1.7761,-1,2,1.3875,0.3563,754.42,60,75,33
GreedyPlacer,60,675,True,1.9542,-1,9,1.3513,0.3345,891.82,71,69,60
GreedyPlacer,60,676,True,1.8669,-1,5,0.9402,0.1235,698.12,55,51,32
GreedyPlacer,60,677,True,1.7082,-1,4,1.2336,0.3073,812.76,63,72,29
GreedyPlacer,60,678,True,1.7923,-1,3,0.8542,0.6017,660.47,55,54,29
GreedyPlacer,60,679,True,1.794,-1,7,1.4739,0.3714,801.47,63,66,44
GreedyPlacer,60,680,True,1.8576,-1,5,0.8953,0.3184,973.27,75,67,41
GreedyPlacer,60,681,True,1.8396,-1,5,1.8796,0.1454,835.76,63,73,40
GreedyPlacer,60,682,True,1.8514,-1,9,0.8483,0.2411,788.11,65,54,39
GreedyPlacer,60,683,True,1.8526,-1,4,1.6735,0.4792,619.95,49,56,34
GreedyPlacer,60,684,True,1.8852,-1,10,0.9898,0.0254,719.41,56,44,47
GreedyPlacer,60,685,True,1.8297,-1,5,0.9628,0.4421,690.3,57,49,30
GreedyPlacer,60,686,True,1.9281,-1,10,0.961,0.5596,910.27,70,59,48
GreedyPlacer,60,687,True,1.8736,-1,7,1.1719,0.5726,677.96,53,43,43
GreedyPlacer,60,688,True,1.9342,-1,6,1.6681,0.2526,789.73,62,68,46
GreedyPlacer,60,689,True,1.8329,-1,3,1.1565,0.1508,811.17,63,66,55
GreedyPlacer,60,690,True,1.7193,-1,2,0.8634,0.5415,877.9,66,67,39
GreedyPlacer,60,691,True,1.8647,-1,4,1.0662,0.1795,649.36,52,43,37
GreedyPlacer,60,692,True,1.7607,-1,5,1.5288,0.1778,799.48,63,85,37
GreedyPlacer,60,693,True,1.9329,-1,5,1.4628,-0.2069,856.55,68,62,44
GreedyPlacer,60,694,True,1.8691,-1,3,1.842,0.5303,784.4,61,71,37
GreedyPlacer,60,695,True,1.8714,-1,6,1.4724,0.367,682.19,55,56,45
GreedyPlacer,60,696,True,1.814,-1,3,1.1267,0.5227,910.74,70,67,43
GreedyPlacer,60,697,True,1.8674,-1,6,0.9536,0.4634,649.58,50,46,44
GreedyPlacer,60,698,True,1.9117,-1,4,0.9855,0.497,869.29,67,47,47
GreedyPlacer,60,699,True,1.88,-1,8,1.0815,0.2861,671.89,53,47,39
GreedyPlacer,60,700,True,1.8322,-1,4,1.1057,0.2792,918.08,69,62,48
GreedyPlacer,60,701,True,1.734,-1,4,0.6554,0.5623,874.77,67,41,38
GreedyPlacer,60,702,True,1.9462,-1,5,0.966,0.2974,574.81,47,34,32
GreedyPlacer,60,703,True,1.8011,-1,6,1.102,0.5079,808.94,63,48,38
GreedyPlacer,60,704,True,1.8793,-1,5,1.4499,0.1544,833.02,65,72,45
GreedyPlacer,60,705,True,1.8179,-1,2,1.0196,0.3407,627.82,51,51,29
GreedyPlacer,60,706,True,1.721,-1,5,1.2371,0.7948,792.29,63,65,36
GreedyPlacer,60,707,True,1.8996,-1,7,1.3993,0.3399,856.85,69,82,39
GreedyPlacer,60,708,True,1.7024,-1,2,1.3686,0.4303,625.68,49,61,34
GreedyPlacer,60,709,True,1.7657,-1,3,1.3923,0.5723,809.27,64,75,33
GreedyPlacer,60,710,True,1.7965,-1,5,0.6489,0.5575,963.89,75,55,47
GreedyPlacer,60,711,True,1.841,-1,5,1.3459,0.5502,906.01,69,66,39
GreedyPlacer,60,712,True,1.7077,-1,3,1.1026,0.1581,1018.02,78,78,36
GreedyPlacer,60,713,True,1.8522,-1,7,0.9966,0.3419,833.33,66,57,41
GreedyPlacer,60,714,True,1.7291,-1,2,0.957,0.6842,569.23,47,46,23
GreedyPlacer,60,715,True,1.8903,-1,5,1.193,0.2896,700.78,57,57,42
GreedyPlacer,60,716,True,1.9057,-1,7,0.7623,-0.2089,689.58,55,53,37
GreedyPlacer,60,717,True,1.7872,-1,5,1.2662,-0.3505,572.88,45,44,24
GreedyPlacer,60,718,True,1.7906,-1,6,1.1384,0.2823,817.06,64,61,32
GreedyPlacer,60,719,True,1.8847,-1,7,1.0621,0.5453,757.14,61,47,44
GreedyPlacer,60,720,True,1.9527,-1,6,1.3151,0.1054,743.57,58,48,45
GreedyPlacer,60,721,True,1.8592,-1,4,0.8362,0.4023,949.61,73,56,48
GreedyPlacer,60,722,True,1.9039,-1,5,0.9874,0.3928,820.72,61,48,32
GreedyPlacer,60,723,True,1.875,-1,5,1.0293,0.224,768.07,61,47,40
GreedyPlacer,60,724,True,1.6627,-1,4,1.1387,0.3504,781.95,62,57,40
GreedyPlacer,60,725,True,1.8738,-1,4,1.7293,-0.1017,577.9,47,56,34
GreedyPlacer,60,726,True,1.9093,-1,8,0.8088,0.3176,1002.43,79,61,53
GreedyPlacer,60,727,True,1.8381,-1,5,0.8159,0.7312,753.38,59,46,29
GreedyPlacer,60,728,True,1.8368,-1,5,0.9239,0.3077,777.61,61,51,37
GreedyPlacer,60,729,True,1.769,-1,4,1.2907,0.4251,880.59,68,64,40
GreedyPlacer,60,730,True,1.9264,-1,5,1.4126,0.402,748.86,58,56,45
GreedyPlacer,60,731,True,1.8711,-1,5,1.3808,0.0287,751.18,60,63,36
GreedyPlacer,60,732,True,1.7074,-1,5,0.9965,0.3156,890.4,68,64,34
GreedyPlacer,60,733,True,1.8909,-1,3,0.9931,0.6421,581.46,48,52,27
GreedyPlacer,60,734,True,1.8286,-1,5,1.0502,0.3623,727.19,58,47,35
GreedyPlacer,60,735,True,1.7999,-1,5,1.7393,0.3439,538.64,43,46,29
GreedyPlacer,60,736,True,1.8966,-1,3,1.9545,0.1294,564.69,44,44,39
GreedyPlacer,60,737,True,1.7884,-1,5,1.1525,0.3538,728.82,58,55,33
GreedyPlacer,60,738,True,1.957,-1,9,0.6331,0.5504,869.39,67,46,44
GreedyPlacer,60,739,True,1.7387,-1,4,1.1656,0.5524,676.66,55,62,32
GreedyPlacer,60,740,True,1.647,-1,5,1.4149,0.4444,601.71,48,58,42
GreedyPlacer,60,741,True,1.7511,-1,4,0.941,0.2718,683.85,54,46,51
GreedyPlacer,60,742,True,1.802,-1,4,0.6898,0.6487,891.57,70,50,35
GreedyPlacer,60,743,True,1.7215,-1,3,1.1161,0.3737,718.12,56,70,34
GreedyPlacer,60,744,True,1.8551,-1,4,1.241,0.5307,889.85,70,67,51
GreedyPlacer,60,745,True,1.7067,-1,4,1.0981,0.4417,772.33,61,60,37
GreedyPlacer,60,746,True,1.7977,-1,8,0.6944,0.3153,917.57,72,60,40
GreedyPlacer,60,747,True,1.7921,-1,7,0.949,0.4552,869.62,68,58,44
GreedyPlacer,60,748,True,1.8762,-1,4,1.3627,0.3193,832.24,66,64,36
GreedyPlacer,60,749,True,1.8247,-1,7,1.1892,0.1788,838.61,68,71,38
GreedyPlacer,60,750,True,1.8408,-1,2,1.0514,0.2964,684.06,57,59,31
GreedyPlacer,60,751,True,1.7921,-1,7,0.9891,0.1727,859.3,67,60,53
GreedyPlacer,60,752,True,1.8967,-1,7,1.0083,0.2602,711.24,57,45,40
GreedyPlacer,60,753,True,1.8049,-1,4,1.6375,0.5624,555.05,46,59,28
GreedyPlacer,60,754,True,1.7755,-1,5,1.2,0.0523,899.44,70,70,36
GreedyPlacer,60,755,True,1.9168,-1,11,0.6547,0.2739,1056.97,85,60,57
GreedyPlacer,60,756,True,1.7799,-1,5,0.8181,0.2967,796.72,64,51,32
GreedyPlacer,60,757,True,1.7706,-1,4,1.2985,0.3974,836.92,65,78,43
GreedyPlacer,60,758,True,1.8811,-1,4,1.9389,0.2281,780.0,62,69,50
GreedyPlacer,60,759,True,1.8596,-1,5,0.8654,0.5165,791.61,61,47,34
GreedyPlacer,60,760,True,1.8516,-1,7,1.313,0.4305,712.72,58,51,48
GreedyPlacer,60,761,True,1.8398,-1,6,0.9982,0.0869,807.5,63,49,43
GreedyPlacer,60,762,True,1.8555,-1,4,0.9934,-0.0219,969.43,74,68,37
GreedyPlacer,60,763,True,1.8698,-1,7,1.0198,0.2079,730.09,59,52,50
GreedyPlacer,60,764,True,1.8954,-1,12,1.2414,-0.0453,767.7,62,54,49
GreedyPlacer,60,765,True,1.871,-1,6,1.5416,0.6113,1009.24,76,84,33
GreedyPlacer,60,766,True,1.9466,-1,6,1.2308,0.4745,861.76,68,53,42
GreedyPlacer,60,767,True,1.8355,-1,5,1.1684,0.3498,681.88,53,51,42
GreedyPlacer,60,768,True,1.817,-1,7,1.2948,0.4232,868.52,66,72,45
GreedyPlacer,60,769,True,1.878,-1,3,0.8879,0.2369,765.46,62,51,48
GreedyPlacer,60,770,True,1.86,-1,4,1.1309,-0.2957,454.52,38,39,37
GreedyPlacer,60,771,True,1.7916,-1,3,0.8746,0.2872,876.74,68,62,41
GreedyPlacer,60,772,True,1.8558,-1,5,0.9127,0.1975,771.24,61,52,41
GreedyPlacer,60,773,True,1.8333,-1,5,0.7509,0.1983,832.14,68,60,37
GreedyPlacer,60,774,True,1.8567,-1,3,1.6767,0.4409,747.89,60,78,31
GreedyPlacer,60,775,True,1.8795,-1,6,1.5625,0.0423,643.01,51,47,32
GreedyPlacer,60,776,True,1.7811,-1,2,1.4351,0.6752,789.19,63,73,34
GreedyPlacer,60,777,True,1.72,-1,4,1.0826,-0.0113,906.82,72,74,46
GreedyPlacer,60,778,True,1.7244,-1,2,1.1422,0.2338,738.69,59,53,36
GreedyPlacer,60,779,True,1.8844,-1,7,1.6535,-0.0172,751.38,59,71,45
GreedyPlacer,60,780,True,1.8064,-1,5,1.0427,0.5715,908.54,70,69,40
GreedyPlacer,60,781,True,1.9422,-1,9,1.2027,0.2018,871.3,69,68,46
GreedyPlacer,60,782,True,1.5634,-1,2,1.0315,0.4857,785.34,63,62,22
GreedyPlacer,60,783,True,1.8466,-1,7,1.2863,0.2497,886.15,68,74,43
GreedyPlacer,60,784,True,1.8997,-1,8,0.9453,0.1966,863.42,68,61,40
GreedyPlacer,60,785,True,1.8818,-1,5,0.8875,0.3105,760.98,60,45,50
GreedyPlacer,60,786,True,1.8977,-1,6,1.0392,0.2276,711.0,58,48,46
GreedyPlacer,60,787,True,1.8023,-1,3,0.7039,0.6917,791.09,65,56,29
GreedyPlacer,60,788,True,1.872,-1,5,1.2239,0.3231,678.14,54,61,34
GreedyPlacer,60,789,True,1.8706,-1,5,1.1812,0.3839,798.13,63,53,43
GreedyPlacer,60,790,True,1.7151,-1,2,1.7274,-0.0035,508.46,43,60,28
GreedyPlacer,60,791,True,1.7525,-1,5,1.0098,0.6197,731.74,58,53,35
GreedyPlacer,60,792,True,1.7822,-1,4,1.0196,0.3608,785.32,61,54,35
GreedyPlacer,60,793,True,1.7553,-1,4,1.0525,0.4762,690.2,54,51,35
GreedyPlacer,60,794,True,1.8322,-1,4,1.0372,0.1947,728.4,58,51,27
GreedyPlacer,60,795,True,1.8434,-1,3,0.9732,0.2596,927.87,71,63,42
GreedyPlacer,60,796,True,1.7534,-1,3,1.6225,0.4839,858.82,62,67,34
GreedyPlacer,60,797,True,1.8984,-1,8,0.8985,0.4065,911.21,65,52,44
GreedyPlacer,60,798,True,1.7201,-1,3,1.1959,0.2617,787.47,61,69,27
GreedyPlacer,60,799,True,1.8578,-1,4,1.3571,-0.0035,742.28,56,56,26
GreedyPlacer,60,800,True,1.7522,-1,7,1.1688,0.0313,892.27,71,72,34
GreedyPlacer,60,801,True,1.8063,-1,3,0.9222,0.4527,849.87,66,63,36
GreedyPlacer,60,802,True,1.6813,-1,7,1.0173,0.1987,806.75,64,53,40
GreedyPlacer,60,803,True,1.7626,-1,4,0.9773,0.0882,944.75,73,62,38
GreedyPlacer,60,804,True,1.7249,-1,4,1.2325,0.5035,868.2,68,59,54
GreedyPlacer,60,805,True,1.7201,-1,3,1.1761,-0.026,586.25,47,56,32
GreedyPlacer,60,806,True,1.6771,-1,3,0.7479,0.3885,741.4,58,52,34
GreedyPlacer,60,807,True,1.904,-1,7,1.3088,0.2678,672.26,52,45,34
GreedyPlacer,60,808,True,1.8225,-1,3,1.4098,0.3346,796.13,61,61,33
GreedyPlacer,60,809,True,1.8109,-1,7,1.1922,0.22,907.63,71,76,40
GreedyPlacer,60,810,True,1.8364,-1,6,1.1808,0.1917,764.03,60,57,38
GreedyPlacer,60,811,True,1.887,-1,4,1.0118,0.539,790.35,63,59,38
GreedyPlacer,60,812,True,1.906,-1,5,1.3819,0.3099,918.32,73,70,58
GreedyPlacer,60,813,True,1.8423,-1,8,0.9876,0.1789,644.49,50,41,24
GreedyPlacer,60,814,True,1.8959,-1,6,0.8676,0.419,764.79,59,44,51
GreedyPlacer,60,815,True,1.8148,-1,7,0.9917,0.2055,839.65,66,60,45
GreedyPlacer,60,816,True,1.7967,-1,4,1.1962,0.4345,839.87,65,69,34
GreedyPlacer,60,817,True,1.8769,-1,5,0.712,0.3928,882.25,70,51,56
GreedyPlacer,60,818,True,1.8335,-1,5,0.9706,0.6048,922.8,70,72,33
GreedyPlacer,60,819,True,1.8376,-1,4,1.2222,0.5925,599.52,48,56,36
GreedyPlacer,60,820,True,1.7831,-1,7,1.4141,0.1729,907.75,70,69,44
GreedyPlacer,60,821,True,1.8556,-1,2,1.2025,0.4313,1025.56,78,82,39
GreedyPlacer,60,822,True,1.8191,-1,5,1.0719,0.5479,1027.27,79,74,45
GreedyPlacer,60,823,True,1.9112,-1,5,1.0428,0.2653,818.09,65,53,52
GreedyPlacer,60,824,True,1.7504,-1,2,1.1136,0.5383,621.84,50,54,29
GreedyPlacer,60,825,True,1.8412,-1,8,1.406,-0.0968,695.99,54,56,55
GreedyPlacer,60,826,True,1.7683,-1,4,0.9272,0.5946,906.65,71,56,52
GreedyPlacer,60,827,True,1.7415,-1,5,1.143,0.1557,879.59,69,66,42
GreedyPlacer,60,828,True,1.8002,-1,3,0.9742,0.5438,607.19,51,47,28
GreedyPlacer,60,829,True,1.842,-1,11,0.8854,0.2527,823.22,66,53,43
GreedyPlacer,60,830,True,1.9531,-1,10,1.1154,0.1026,720.94,57,48,47
GreedyPlacer,60,831,True,1.871,-1,4,0.8994,0.3715,921.95,71,62,36
GreedyPlacer,60,832,True,1.733,-1,4,0.81,0.4623,947.86,72,65,37
GreedyPlacer,60,833,True,1.8689,-1,6,1.0848,0.507,883.23,68,64,42
GreedyPlacer,60,834,True,1.7802,-1,2,1.1881,0.5958,728.19,57,61,31
GreedyPlacer,60,835,True,1.831,-1,7,0.9548,0.3785,823.45,65,49,44
GreedyPlacer,60,836,True,1.6008,-1,2,0.835,0.2806,695.63,55,57,31
GreedyPlacer,60,837,True,1.7229,-1,3,0.8469,0.7503,705.63,56,44,41
GreedyPlacer,60,838,True,1.7701,-1,4,1.1598,0.192,883.69,68,71,41
GreedyPlacer,60,839,True,1.8983,-1,3,1.1961,0.6561,699.1,56,57,35
GreedyPlacer,60,840,True,1.9141,-1,10,1.0201,0.2177,970.34,76,70,44
GreedyPlacer,60,841,True,1.7072,-1,7,1.1947,0.3284,688.15,55,51,37
GreedyPlacer,60,842,True,1.777,-1,8,0.6118,0.3077,922.47,71,53,35
GreedyPlacer,60,843,True,1.8588,-1,7,1.1949,0.2304,856.33,66,69,39
GreedyPlacer,60,844,True,1.8046,-1,4,1.4857,0.2015,599.07,48,57,30
GreedyPlacer,60,845,True,1.9556,-1,6,1.5733,0.2261,886.51,68,69,48
GreedyPlacer,60,846,True,1.8547,-1,6,0.8743,0.0414,884.73,70,56,37
GreedyPlacer,60,847,True,1.7714,-1,3,1.4667,0.4409,773.6,60,60,31
GreedyPlacer,60,848,True,1.9186,-1,7,1.276,-0.0557,687.42,55,45,42
GreedyPlacer,60,849,True,1.8868,-1,4,1.0896,0.3389,663.13,55,53,38
GreedyPlacer,60,850,True,1.8873,-1,6,0.9732,0.3999,808.83,62,45,42
GreedyPlacer,60,851,True,1.8801,-1,4,1.1735,0.2766,840.87,67,62,28
GreedyPlacer,60,852,True,1.7588,-1,7,1.3092,0.1468,730.46,58,60,47
GreedyPlacer,60,853,True,1.9427,-1,8,0.9961,0.1915,797.07,64,44,54
GreedyPlacer,60,854,True,1.7305,-1,4,0.765,0.4909,1055.37,80,72,52
GreedyPlacer,60,855,True,1.9557,-1,12,1.1286,0.3045,838.41,66,56,48
GreedyPlacer,60,856,True,1.9505,-1,10,1.4461,0.3645,725.46,56,57,43
GreedyPlacer,60,857,True,1.8289,-1,5,0.8668,0.5757,711.84,58,48,33
GreedyPlacer,60,858,True,1.8427,-1,6,0.8584,0.3468,784.53,64,50,39
GreedyPlacer,60,859,True,1.8072,-1,2,1.2402,0.0614,838.01,65,70,30
GreedyPlacer,60,860,True,1.8515,-1,5,1.0194,0.4208,819.13,63,56,36
GreedyPlacer,60,861,True,1.8881,-1,4,1.1376,0.182,696.79,57,60,37
GreedyPlacer,60,862,True,1.8513,-1,11,1.29,0.4835,614.31,50,45,43
GreedyPlacer,60,863,True,1.7454,-1,4,1.1656,0.5403,747.36,58,67,30
GreedyPlacer,60,864,True,1.8846,-1,7,1.0767,0.1207,723.48,60,42,41
GreedyPlacer,60,865,True,1.8806,-1,4,1.2322,-0.06,769.58,60,62,41
GreedyPlacer,60,866,True,1.8203,-1,3,1.94,0.4598,639.37,54,65,38
GreedyPlacer,60,867,True,1.6744,-1,4,1.3363,0.3749,846.12,65,68,44
GreedyPlacer,60,868,True,1.8473,-1,2,1.3951,0.1156,948.66,72,88,38
GreedyPlacer,60,869,True,1.8216,-1,5,0.8875,0.2164,871.79,67,61,35
GreedyPlacer,60,870,True,1.8688,-1,3,1.0434,0.4177,716.17,57,45,37
GreedyPlacer,60,871,True,1.909,-1,6,0.8108,0.293,804.75,63,52,40
GreedyPlacer,60,872,True,1.8303,-1,3,0.8007,0.2675,706.55,56,53,39
GreedyPlacer,60,873,True,1.9051,-1,3,0.9066,0.2559,942.17,72,50,39
GreedyPlacer,60,874,True,1.7392,-1,3,1.4317,0.5274,963.12,74,72,47
GreedyPlacer,60,875,True,1.8522,-1,3,1.0156,0.6054,816.75,64,56,41
GreedyPlacer,60,876,True,1.6338,-1,1,0.939,0.5417,658.33,52,55,33
GreedyPlacer,60,877,True,1.9422,-1,9,1.1062,0.0495,877.28,68,57,38
GreedyPlacer,60,878,True,1.8758,-1,5,1.126,0.2821,692.46,55,53,42
GreedyPlacer,60,879,True,1.7293,-1,3,1.0477,0.4328,1005.53,77,72,39
GreedyPlacer,60,880,True,1.7328,-1,3,0.8826,0.6018,834.2,64,47,35
GreedyPlacer,60,881,True,1.8127,-1,6,0.6275,0.1045,791.13,60,39,39
GreedyPlacer,60,882,True,1.9104,-1,6,1.5303,0.07,805.2,64,62,43
GreedyPlacer,60,883,True,1.8586,-1,3,1.352,0.1392,701.71,56,60,34
GreedyPlacer,60,884,True,1.9293,-1,4,1.1882,0.4407,513.47,42,44,41
GreedyPlacer,60,885,True,1.9134,-1,3,1.4671,0.4491,511.85,42,38,30
GreedyPlacer,60,886,True,1.6661,-1,5,1.0878,0.0917,931.7,72,79,33
GreedyPlacer,60,887,True,1.7856,-1,8,0.6994,-0.087,989.73,76,68,37
GreedyPlacer,60,888,True,1.8711,-1,5,1.1375,0.1166,814.57,65,63,42
GreedyPlacer,60,889,True,1.7606,-1,2,0.9995,0.214,524.46,47,46,25
GreedyPlacer,60,890,True,1.812,-1,4,1.1085,0.2716,862.53,67,74,45
GreedyPlacer,60,891,True,1.8641,-1,7,1.1136,0.1778,958.3,75,69,37
GreedyPlacer,60,892,True,1.6938,-1,4,0.9396,0.0748,894.97,70,74,37
GreedyPlacer,60,893,True,1.8678,-1,9,1.12,0.418,945.12,74,71,30
GreedyPlacer,60,894,True,1.9003,-1,10,1.1358,0.4229,683.43,54,48,38
GreedyPlacer,60,895,True,1.7347,-1,2,1.6582,0.2079,698.23,56,64,34
GreedyPlacer,60,896,True,1.8838,-1,7,0.9783,0.4069,813.67,64,59,35
GreedyPlacer,60,897,True,1.9785,-1,5,1.1406,-0.2132,498.11,42,40,27
GreedyPlacer,60,898,True,1.9333,-1,8,1.1529,0.3186,909.69,71,62,46
GreedyPlacer,60,899,True,1.8076,-1,9,1.7431,0.207,586.38,48,52,45
GreedyPlacer,60,900,True,1.8654,-1,4,0.7675,0.1944,948.54,73,61,52
GreedyPlacer,60,901,True,1.8834,-1,4,1.1602,0.4363,807.17,62,64,22
GreedyPlacer,60,902,True,1.9392,-1,6,0.9917,0.2948,718.35,58,46,46
GreedyPlacer,60,903,True,1.9629,-1,6,1.2092,0.2302,789.81,62,54,46
GreedyPlacer,60,904,True,1.8658,-1,5,1.5095,0.2297,806.9,64,69,47
GreedyPlacer,60,905,True,1.6923,-1,4,1.5732,0.4729,865.31,69,79,34
GreedyPlacer,60,906,True,1.7464,-1,2,0.7245,0.6256,779.6,61,54,43
GreedyPlacer,60,907,True,1.8246,-1,3,1.3894,0.5026,569.09,46,48,24
GreedyPlacer,60,908,True,1.8555,-1,5,0.8824,0.6601,929.45,71,66,39
GreedyPlacer,60,909,True,1.8381,-1,3,1.4159,0.5675,857.96,67,64,44
GreedyPlacer,60,910,True,1.806,-1,3,1.4471,0.1009,734.97,58,56,61
GreedyPlacer,60,911,True,1.9157,-1,6,0.7956,0.0149,768.12,60,44,48
GreedyPlacer,60,912,True,1.7491,-1,4,1.506,0.3864,895.55,69,81,48
GreedyPlacer,60,913,True,1.8294,-1,6,1.2414,0.5743,769.33,58,58,31
GreedyPlacer,60,914,True,1.9794,-1,3,1.1819,0.3869,735.45,57,51,37
GreedyPlacer,60,915,True,1.9091,-1,3,0.9804,0.583,627.07,51,51,39
GreedyPlacer,60,916,True,1.8501,-1,5,1.3742,0.3065,663.5,53,56,37
GreedyPlacer,60,917,True,1.7626,-1,4,0.8208,0.2824,869.13,69,64,40
GreedyPlacer,60,918,True,1.8096,-1,7,0.7412,0.2601,712.93,57,47,41
GreedyPlacer,60,919,True,1.764,-1,4,1.3307,0.1697,644.02,53,48,33
GreedyPlacer,60,920,True,1.8852,-1,8,0.8775,0.1471,881.88,69,59,57
GreedyPlacer,60,921,True,1.8095,-1,5,0.6564,0.3024,910.03,73,58,43
GreedyPlacer,60,922,True,1.9304,-1,9,0.9998,0.3328,875.38,69,47,61
GreedyPlacer,60,923,True,1.889,-1,8,1.1115,0.4606,803.79,61,45,55
GreedyPlacer,60,924,True,1.6994,-1,2,1.0741,0.331,798.82,62,57,35
GreedyPlacer,60,925,True,1.9025,-1,6,1.0229,0.1135,791.97,62,56,35
GreedyPlacer,60,926,True,1.9265,-1,8,1.1009,0.4821,840.92,67,63,45
GreedyPlacer,60,927,True,1.8716,-1,6,0.9665,0.1218,811.55,63,49,40
GreedyPlacer,60,928,True,1.6711,-1,6,1.1335,0.2565,776.52,62,75,34
GreedyPlacer,60,929,True,1.8913,-1,7,1.4149,0.1207,562.02,48,50,36
GreedyPlacer,60,930,True,1.8234,-1,8,0.9084,-0.0438,854.15,67,64,39
GreedyPlacer,60,931,True,1.9152,-1,7,1.1735,0.3911,868.56,67,62,44
GreedyPlacer,60,932,True,1.7564,-1,3,1.5696,0.4742,675.33,54,65,40
GreedyPlacer,60,933,True,1.8004,-1,6,0.8532,0.3797,905.22,69,66,43
GreedyPlacer,60,934,True,1.8954,-1,5,1.5328,0.0842,553.0,45,44,33
GreedyPlacer,60,935,True,1.9527,-1,9,0.9072,0.2351,562.24,47,39,37
GreedyPlacer,60,936,True,1.7791,-1,5,0.8583,0.2784,938.88,73,68,47
GreedyPlacer,60,937,True,1.921,-1,7,1.0198,0.4082,743.6,59,52,36
GreedyPlacer,60,938,True,1.727,-1,5,1.2148,0.2189,815.86,64,68,39
GreedyPlacer,60,939,True,1.8618,-1,7,1.2296,0.0494,667.32,56,64,40
GreedyPlacer,60,940,True,1.8714,-1,4,0.7987,0.5861,681.96,55,42,32
GreedyPlacer,60,941,True,1.823,-1,5,0.7787,0.3278,941.44,74,56,40
GreedyPlacer,60,942,True,1.8125,-1,4,1.0693,0.1314,921.59,72,71,42
GreedyPlacer,60,943,True,1.8043,-1,5,1.3297,0.2576,846.59,66,70,42
GreedyPlacer,60,944,True,1.822,-1,6,1.3086,0.3692,854.09,68,69,47
GreedyPlacer,60,945,True,1.8733,-1,3,1.6358,0.3888,780.56,62,68,46
GreedyPlacer,60,946,True,1.7131,-1,3,1.4045,0.4024,735.84,61,70,36
GreedyPlacer,60,947,True,1.9108,-1,7,1.4581,0.3863,938.47,72,73,46
GreedyPlacer,60,948,True,1.9857,-1,9,1.1788,-0.185,677.06,55,47,53
GreedyPlacer,60,949,True,1.9054,-1,8,0.9791,0.387,1010.13,78,59,47
GreedyPlacer,60,950,True,1.6894,-1,6,0.7509,0.1862,787.06,61,45,41
GreedyPlacer,60,951,True,1.8321,-1,7,1.3112,0.5662,798.77,63,68,44
GreedyPlacer,60,952,True,1.9029,-1,4,1.2638,0.2002,702.84,53,54,43
GreedyPlacer,60,953,True,1.885,-1,6,1.4337,0.0235,856.17,66,71,46
GreedyPlacer,60,954,True,1.5736,-1,4,1.01,0.2565,637.36,50,45,32
GreedyPlacer,60,955,True,1.892,-1,7,0.6062,0.2619,1098.82,77,61,41
GreedyPlacer,60,956,True,1.9089,-1,5,1.0678,0.3338,840.09,58,56,29
GreedyPlacer,60,957,True,1.8201,-1,5,1.5297,0.3935,805.81,62,76,35
GreedyPlacer,60,958,True,1.7648,-1,3,1.6765,0.0538,742.29,59,67,50
GreedyPlacer,60,959,True,1.9504,-1,10,1.3115,0.021,776.94,61,61,44
GreedyPlacer,60,960,True,1.8496,-1,6,0.9961,0.425,825.72,64,52,42
GreedyPlacer,60,961,True,1.8736,-1,4,1.2379,0.1148,735.2,57,62,43
GreedyPlacer,60,962,True,1.7646,-1,6,1.2459,0.3246,862.44,65,64,41
GreedyPlacer,60,963,True,1.8073,-1,7,0.8974,0.3426,948.14,73,67,39
GreedyPlacer,60,964,True,1.9321,-1,5,0.8044,0.4786,780.6,62,46,47
GreedyPlacer,60,965,True,1.9074,-1,9,1.4164,0.3156,774.52,60,61,42
GreedyPlacer,60,966,True,1.754,-1,4,0.8238,0.422,855.55,67,56,38
GreedyPlacer,60,967,True,1.8676,-1,4,1.0523,0.0492,832.15,66,60,54
GreedyPlacer,60,968,True,1.9484,-1,10,1.3822,0.1837,775.51,62,53,47
GreedyPlacer,60,969,True,1.8323,-1,5,0.9197,0.5302,816.13,64,61,44
GreedyPlacer,60,970,True,1.7867,-1,7,1.1979,0.5519,751.59,59,73,36
GreedyPlacer,60,971,True,1.7723,-1,4,0.9488,0.2123,611.47,49,44,28
GreedyPlacer,60,972,True,1.8356,-1,4,0.9411,0.4808,985.36,76,70,48
GreedyPlacer,60,973,True,1.6911,-1,4,1.4266,-0.1516,571.21,48,53,19
GreedyPlacer,60,974,True,1.7508,-1,5,0.7685,0.43,778.98,63,46,40
GreedyPlacer,60,975,True,1.7664,-1,3,1.2496,0.331,647.88,52,53,46
GreedyPlacer,60,976,True,1.8616,-1,5,1.3456,0.1001,519.81,43,36,30
GreedyPlacer,60,977,True,1.9727,-1,10,0.9122,0.5168,706.11,54,38,43
GreedyPlacer,60,978,True,1.8354,-1,4,1.4225,0.1046,833.33,65,75,43
GreedyPlacer,60,979,True,1.674,-1,7,1.1908,0.2805,654.74,52,54,43
GreedyPlacer,60,980,True,1.7981,-1,5,0.7041,0.4247,763.98,61,53,40
GreedyPlacer,60,981,True,1.7596,-1,6,0.9111,-0.0247,706.49,55,48,32
GreedyPlacer,60,982,True,1.7932,-1,6,0.6506,0.1931,783.29,62,45,34
GreedyPlacer,60,983,True,1.6851,-1,5,1.0567,-0.0211,566.41,46,54,33
GreedyPlacer,60,984,True,1.8026,-1,3,0.8845,0.4038,802.87,64,59,37
GreedyPlacer,60,985,True,1.7866,-1,5,0.7717,0.3223,890.42,71,50,41
GreedyPlacer,60,986,True,1.93,-1,4,1.1647,0.5065,789.65,62,55,29
GreedyPlacer,60,987,True,1.8374,-1,4,1.0011,0.4887,625.51,52,45,31
GreedyPlacer,60,988,True,1.8659,-1,7,1.4097,0.1146,767.53,60,55,32
GreedyPlacer,60,989,True,1.8547,-1,6,1.6063,0.3994,626.11,51,53,25
GreedyPlacer,60,990,True,1.8643,-1,5,1.698,0.5212,578.2,46,61,28
GreedyPlacer,60,991,True,1.7998,-1,2,1.5654,0.4904,854.33,65,69,40
GreedyPlacer,60,992,True,1.9556,-1,10,1.0043,0.3331,909.71,70,63,51
GreedyPlacer,60,993,True,1.7262,-1,3,0.9841,0.1208,811.41,64,65,27
GreedyPlacer,60,994,True,1.7807,-1,2,1.3092,0.0717,648.4,52,62,31
GreedyPlacer,60,995,True,1.7211,-1,3,1.1864,0.1288,758.08,59,59,37
GreedyPlacer,60,996,True,1.5878,-1,6,0.9905,0.1132,938.51,72,61,47
GreedyPlacer,60,997,True,1.8281,-1,7,0.9583,0.4316,985.52,77,73,45
GreedyPlacer,60,998,True,1.8527,-1,5,1.1892,0.5085,886.04,68,65,41
GreedyPlacer,60,999,True,1.7721,-1,5,0.8661,0.5414,696.61,57,51,30
